IDLicitacion;NombreLicitacion;Tipo;Estado;FechaPublicacion;Descripcion;Moneda;TipoPresupuesto;TipoMonto;MontoLicitacion;Organismo
188-20-LR25;LABORATORIO CLÍNICO CENTROS DE SALUD COMUDEF;LR;Publicada y disponible para ofertar;03/04/2025 19:15:54;“SERVICIO DE LABORATORIO CLÍNICO POR 24 MESES PARA LOS CENTROS DE SALUD FAMILIAR CESFAM Y CENTROS COMUNITARIOS DE SALUD FAMILIAR CECOSF DE LA CORPORACIÓN MUNICIPAL DE LA FLORIDA – COMUDEF”, orientado a los Centros de Salud Familiar CESFAM y Centros Comunitarios de Salud Familiar CECOSF de la comuna de La Florida. Este servicio deberá garantizar la realización oportuna, eficiente y de alta calidad de los exámenes de laboratorio requeridos por los Establecimientos de Atención Primaria de Salud, contribuyendo así al diagnóstico, tratamiento y seguimiento de los pacientes.;CLP;NO PUBLICADO;DISPONIBLE;Igual o superior a 5.000 UTM;CORP MUNICIPAL DE EDUC SALUD CULTURA Y RECREACION DE LA FLORIDA
1057508-33-LE25;CONVENIO SERVICIO ESTUDIO DE BIOPSIAS DEL SERVICIO DE SALUD ÑUBLE Y ESTABLECIMIENTOS DEPENDIENTES;LE;Publicada y disponible para ofertar;22/04/2025 11:28:12;El Servicio de Salud Ñuble llama a Licitación Pública a través del Portal Mercado Público para suscribir un Convenio de Estudio de Biopsias, de usuarios(as) beneficiarios(as) del sistema público de salud de acuerdo a requerimientos especificados en Bases Administrativas y Técnicas y sus respectivos anexos. Se pretende obtener la mejor calidad y oportunidad en la prestación de los servicios a un precio conveniente.;CLP;NO PUBLICADO;ESTIMADO;Entre 100 y 1000 UTM;SERVICIO DE SALUD NUBLE
4123-4-L125;Programa de Salud Bucal 2025;L1;Publicada y disponible para ofertar;28/04/2025 06:39:23;: PROGRAMA DE SALUD BUCAL 2025. Estrategia Sembrando Sonrisas: Promoción y Prevención de la salud bucal en población parvularia. Diagnóstico de salud bucal en población parvularia. Prevención individual específica en población parvularia. El oferente debe contar con clave RAYEN para el registro de los pacientes. ;CLP;PUBLICADO;DISPONIBLE;1.048.320;I MUNICIPALIDAD DE NINHUE
1671-9-LE25;Curso sobre determinantes sociales de la salud;LE;Publicada y disponible para ofertar;23/04/2025 09:41:56;Adquirir competencias para el análisis de las inequidades en salud desde la perspectiva de los determinantes sociales de la salud, que permita incorporar este  enfoque en el quehacer transdisciplinario diario del equipo institucional.;CLP;NO PUBLICADO;DISPONIBLE;Entre 100 y 1000 UTM;SUBSECRETARIA DE SALUD PUBLICA
1628-5-LE25;COMPRA  DE SERVICIOS   ATENCIONES PSICOLOGICAS PROGRAMA SALUD MENTAL;LE;Publicada y disponible para ofertar;30/04/2025 12:44:12;COMPRA  DE SERVICIOS   ATENCIONES PSICOLOGICAS PARA PACIENTES PROGRAMA SALUD MENTAL DEL HOSPITAL SANTA FILOMENA DE GRANEROS AÑO 2025;CLP;NO PUBLICADO;DISPONIBLE;Entre 100 y 1000 UTM;SERVICIO DE SALUD HOSPITAL DE GRANEROS
1057540-47-LE25;COMPRA DE EXAMENES IMAGENOLOGICOS CBCT;LE;Publicada y disponible para ofertar;25/04/2025 15:56:57;COMPRA DE EXAMENES IMAGENOLOGICOS CBCT DE ACUERDO A REQUERIMIENTO DE UNIDAD ESPECIALIDADES ODONTOLOGICAS;CLP;NO PUBLICADO;DISPONIBLE;Entre 100 y 1000 UTM;SERVICIO SALUD TALCAHUANO HOSPITAL PENCO-LIRQUEN
3944-3-LE25;PROGRAMA ESTRATEGIAS DE SALUD BUCAL COMPONENTE INTEGRAL Y GES ODONTOLÓGICO 2025;LE;Publicada y disponible para ofertar;24/04/2025 11:25:15;1.	Que, el Programa Estrategias de Salud Bucal tiene como objetivo mantener y mejorar el estado de salud bucal de la población a lo largo del curso de vida con enfoque de equidad. 2.	Que, el propósito es aumentar la cobertura de tratamientos preventivos, recuperativos y de rehabilitación odontológica en los grupos específicos de la población, contribuyendo la disminución de las brechas de acceso y tiempos de espera por atención, basados en el modelo de atención integral de salud Familiar y Comunitario El Programa Estrategias de Salud Bucal año 2025, Resolución Exenta N° 0774 del 13 de Marzo de 2025.;CLP;NO PUBLICADO;DISPONIBLE;Entre 100 y 1000 UTM;I MUNICIPALIDAD DE PERALILLO
1628-4-LE25;COMPRA DE SERVICIOS PRESTACIONES TERAPEUTA OCUPACIONAL;LE;Publicada y disponible para ofertar;29/04/2025 11:54:31;COMPRA DE SERVICIOS PRESTACIONES TERAPEUTA OCUPACIONAL,PARA PACIENTES PROGRAMA SALUD MENTAL DEL HOSPITAL SANTA FILOMENA DE GRANEROS;CLP;NO PUBLICADO;DISPONIBLE;Entre 100 y 1000 UTM;SERVICIO DE SALUD HOSPITAL DE GRANEROS
1057508-32-LE25;CONVENIO SERVICIO CALIBRACIÓN DATA LOGGER DROGUERÍA SERVICIO DE SALUD ÑUBLE;LE;Publicada y disponible para ofertar;21/04/2025 12:01:28;El Servicio de Salud Ñuble requiere el servicio de calibración de 70 Data Logger Droguería Servicio de Salud Ñuble para, de acuerdo a las presentes bases administrativas y técnicas y sus respectivos anexos. Los contratos que se suscriban tendrán vigencia de 36 meses.;CLP;NO PUBLICADO;ESTIMADO;Entre 100 y 1000 UTM;SERVICIO DE SALUD NUBLE
4484-10-LE25;EXAMENES DE IMAGEN POR PROG. IMAGENES DIAGNOSTICAS;LE;Publicada y disponible para ofertar;21/04/2025 10:59:40;SE REQUIERE LA ADQUISICIÓN DEL SERVICIO DE EXAMENES DE IMÁGEN POR PROGRAMA IMAGENES DIAGNÓSTICAS EN APS AÑO 2025.;CLP;NO PUBLICADO;DISPONIBLE;Entre 100 y 1000 UTM;I MUNICIPALIDAD DE TIERRA AMARILLA
3942-11-L125;ENDODONCIAS CONVENIO SALUD ORAL;L1;Publicada y disponible para ofertar;25/04/2025 16:22:50;CONVENIO  PROGRAMA SALUD ORAL ;CLP;PUBLICADO;DISPONIBLE;3.840.075;I MUNICIPALIDAD DE LEBU
1058134-63-LP25;CONVENIO MEDICAMENTO ONCOLÓGICO IBRUTINIB;LP;Publicada y disponible para ofertar;29/04/2025 09:44:56;“CONVENIO SUMINISTRO MEDICAMENTO ONCOLÓGICO IBRUTINIB PARA EL HOSPITAL BASE VALDIVIA” ;CLP;PUBLICADO;ESTIMADO;256.930.520;SERVICIO DE SALUD VALDIVIA HOSPITAL BASE
3983-24-LE25;SERVICIOS PROFESIONALES CONVENIO ELIGE VIDA SANA;LE;Publicada y disponible para ofertar;28/04/2025 17:12:45;SERVICIOS PROFESIONALES CONVENIO ELIGE VIDA SANA;CLP;NO PUBLICADO;DISPONIBLE;Entre 100 y 1000 UTM;I MUNICIPALIDAD DE PAREDONES
1398-37-LE25;PRESTACIONES ATENCIÓN FONOAUDIOLÓGICA;LE;Publicada y disponible para ofertar;30/04/2025 17:10:11;El Servicio de Salud O´Higgins, en adelante “El Servicio”, con la finalidad de adquirir prestaciones fonoaudiológicas, es que mediante este acto e instrumento administrativo se viene en llamar a Licitación Pública, conforme a procedimiento que regula la Ley Nº 19.886.;CLP;PUBLICADO;ESTIMADO;7.000.000;SERVICIO DE SALUD LIBERTADOR BDO OHIGGINS
2048-29-LQ25;Convenio de Suministro Exámenes Radiológicos;LQ;Publicada y disponible para ofertar;21/04/2025 10:49:29;El siguiente convenio es para pacientes de Hospital de Ancud, usuarios beneficiarios del sistema público de salud de acuerdo a requerimientos especificados en Bases Administrativas y Técnicas de la presente licitación. Se pretende obtener la mejor calidad y oportunidad en la prestación de los servicios a un precio conveniente.;CLP;NO PUBLICADO;ESTIMADO;Igual o superior a 2.000 UTM e inferior a 5.000 UTM ;SERVICIO DE SALUD CHILOE
635-48-LE25;ADQUISICION DE UNIFORMES PARA PERSONAL CLINICO Y ADMINISTRATIVO DEL SAMU DEL SERVICIO DE SALUD ARICA Y PARINACOTA AÑO 2025;LE;Publicada y disponible para ofertar;24/04/2025 15:24:57;Las presentes Bases Técnicas fijan los procedimientos, términos y exigencias que regulan la adquisición de las prendas requeridas por el Servicio de Salud Arica, a través de la Licitación Pública “ADQUISICIÓN DE UNIFORMES PARA PERSONAL CLÍNICO Y ADMINISTRATIVO DEL SAMU DEL SERVICIO DE SALUD ARICA Y PARINACOTA, AÑO 2025”.;CLP;NO PUBLICADO;DISPONIBLE;Entre 100 y 1000 UTM;SERVICIO DE SALUD DE ARICA Y PARINACOTA
1642-18-LR25;SERVICIO DE TRASLADO PROFESIONALES DE LA SALUD HC;LR;Publicada y disponible para ofertar;16/04/2025 13:43:14;El Hospital de Curacaví requiere contratar los servicios de traslado de profesionales de la salud, para el cumplimiento de funciones de la Atención Primaria de Salud, pues diariamente se deben realizar visitas a los domicilios de los pacientes de la comuna y en ocasiones retiro de insumos yo medicamentos en bodega de CENABAST y del Servicio de Salud Metropolitano Occidente, todas las prestaciones mencionadas para entregar y acercar una atención integral de salud a los usuarios de Curacaví.;CLP;NO PUBLICADO;DISPONIBLE;Igual o superior a 5.000 UTM;SERVICIO DE SALUD METROPOLITANO OCCIDENTE HOSPITAL DE CURACAVI
2132-5-LE25;Servicio de peritajes psiquiatricos para COMPIN;LE;Publicada y disponible para ofertar;24/04/2025 11:01:10;Contratar un servicio de peritajes médico de segunda opinión para COMPIN, de acuerdo a lo establecido en bases adjuntas;CLP;NO PUBLICADO;DISPONIBLE;Entre 100 y 1000 UTM;SUBSECRETARIA DE SALUD PUBLICA
1099402-17-LE25;SERV. DE EJECUCIÓN PROGRAMA GES DE 60 AÑOS;LE;Publicada y disponible para ofertar;25/04/2025 10:08:52;PROGRAMA DE ESTRATEGIAS DE SALUD BUCAL EN SU ESTRATEGIAS GES ODONTOLOGICO Y SU COMPONENTE GES DE 60 AÑOS;CLP;NO PUBLICADO;DISPONIBLE;Entre 100 y 1000 UTM;CENTRO DE SALUD FAMILIAR CESFAM LLAY LLAY
4123-5-L125;Programa de Salud Bucal 2025;L1;Publicada y disponible para ofertar;28/04/2025 06:41:30;Compra atenciones Odontológicas Programa de Salud Bucal 2025, Mejoramiento del Acceso (tratamiento de Prótesis Removibles Acrílicas o Metálicas ) El oferente deberá contar con clave RAYEN para el registro de las atenciones;CLP;PUBLICADO;ESTIMADO;5.057.480;I MUNICIPALIDAD DE NINHUE
1079650-6-LE25;ADQUISICIÓN EQUIPO TEST DE ESFUERZO PARA HGGB;LE;Publicada y disponible para ofertar;25/04/2025 16:14:00;ADQUISICIÓN EQUIPO TEST DE ESFUERZO PARA HOSPITAL REGIONAL DR. GUILLERMO GRANT BENAVENTE;CLP;PUBLICADO;DISPONIBLE;65.000.000;SERVICIO DE SALUD CONCEPCION
3950-9-LE25;HABILITACIÓN DE ESPACIOS Y MEJORAMIENTO DE INFRAESTRUCTURA EN POSTA DE SALUD RURAL PUERTO RÍO TRANQUILO;LE;Publicada y disponible para ofertar;29/04/2025 08:24:53;HABILITACIÓN DE ESPACIOS Y MEJORAMIENTO DE INFRAESTRUCTURA EN POSTA DE SALUD RURAL PUERTO RÍO TRANQUILO;CLP;PUBLICADO;DISPONIBLE;18.900.000;DIRECCION SALUD RURAL
564953-64-LE25;MANTENCIÓN EQUIPOS REFRIGERACIÓN CORP LAS CONDES;LE;Publicada y disponible para ofertar;29/04/2025 17:41:35;La Corporación de Educación y Salud de Las Condes requiere contratar el servicio de mantención preventiva de los equipos de refrigeración ubicados en los establecimientos de salud de la comuna con la finalidad de garantizar el correcto funcionamiento.;CLP;PUBLICADO;ESTIMADO;11.000.000;Corporación de Educación y Salud de Las Condes
769-45-LR25;ARRIENDO COMPUTADORES SSA PP-37;LR;Publicada y disponible para ofertar;03/04/2025 15:40:06;adquirir o contratar el servicio de arriendo de computadores para el Servicio de Salud Antofagasta.;CLP;NO PUBLICADO;DISPONIBLE;Igual o superior a 5.000 UTM;SERVICIO DE SALUD ANTOFAGASTA DIRECCION
1057384-53-L125;COMPRA CURSO SALUD PRIMARIA INCLUSIVA PARA PERSONAS EN SITUACIONES DESCAPACIDAD Y SUS CUIDADORES.;L1;Publicada y disponible para ofertar;30/04/2025 16:33:03;Requerimiento Unidad de Servicios Clínicos.;CLP;PUBLICADO;DISPONIBLE;1.500.000;SERVICIO DE SALUD ANTOFAGASTA HOSPITAL M
2942-6-LE25;IMAGENES DIAGNOSTICAS 2025 PARA PACIENTES CESFAM;LE;Publicada y disponible para ofertar;24/04/2025 12:54:11;ADQUISICION DE CONVENIO IMAGENES DIAGNOSTICAS 2025 PARA PACIENTES CESFAM SAN PABLO DEPENDIENTE DEL DEPARTAMENTO DE SALUD SAN PABLO;CLP;NO PUBLICADO;ESTIMADO;Entre 100 y 1000 UTM;I MUNICIPALIDAD DE SAN PABLO
956-20-LP25;Contratacion de los Servicios de Mamografías Bilaterales Proyecciones Mamarias y Ecotomografias Mamarias y abdominal para el CPJ y el CJMT;LP;Publicada y disponible para ofertar;28/04/2025 15:42:27;Contratacion de los Servicios de Mamografías Bilaterales, Proyecciones Mamarias y Ecotomografias Mamarias y abdominal para el CPJ y el CJMT;CLP;PUBLICADO;DISPONIBLE;78.612.500;SERVICIO DE SALUD VALPARAISO SAN ANTONIO
750998-14-LE25;SERVICIO DE ECO ABDOMINAL Y ENDOSCOPIA;LE;Publicada y disponible para ofertar;30/04/2025 11:48:06;La Municipalidad de Lo Espejo, requiere contratar para el Departamento de Salud, servicios  de ecografía abdominal y endoscopía digestiva, con el fin de mejorar la capacidad resolutiva de la Atención Primaria de Salud en la comuna.;CLP;NO PUBLICADO;DISPONIBLE;Entre 100 y 1000 UTM;I MUNICIPALIDAD DE LO ESPEJO
1057486-15-CO25;Diplomado gestión administrativa en S. de Salud;CO;Publicada y disponible para ofertar;23/04/2025 16:12:00;El Departamento de capacitación mediante el diplomado: “Gestión administrativa en servicios de salud - 2025” busca contribuir a la formación de funcionarios para favorecer el desarrollo de las de competencias técnicas, como relacionales, y con ello potenciar la gestión institucional.;CLP;NO PUBLICADO;DISPONIBLE;Igual o superior a 100 UTM e inferior a 1000 UTM;DIRECCION SERVICIO SALUD METROPOLITANO O
2688-24-LE25;ADQUISICION EXAMENES DE IMAGENEOLOGIA 2025;LE;Publicada y disponible para ofertar;21/04/2025 10:31:05;ADQUISICION EXAMENES IMAGENEOLOGIA A TRAVES DE CONVENIO IMAGENES DIAGNOSTICAS AÑO 2025;CLP;PUBLICADO;DISPONIBLE;21.360.000;I MUNICIPALIDAD DE ALGARROBO
1057390-15-LR24;CONV. INSUMOS Y REACTIVOS PARA EXÁMENES DE MICROBIOLOGÍA CON PROVISIÓN DE EQUIPAMIENTO RED SSAN;LR;Publicada y disponible para ofertar;13/01/2025 18:41:00;contratar el convenio de  insumos y reactivos para exámenes de microbiología con provisión de equipamiento red de del Servicio de Salud Araucanía  Norte, para los laboratorios de los Hospitales de la Red del Servicio de Salud Araucanía Norte (Hospital Angol, y Hospital Victoria) dependientes de este Servicio de Salud;CLP;NO PUBLICADO;ESTIMADO;Igual o superior a 5.000 UTM;SERVICIO DE SALUD ARAUCANIA NORTE
4127-26-LQ25;[DIVAP] SERVICIOS DE IMPLEMENTACION INTERCONEXION Y SOPORTE DEL SISTEMA DE ALERTAS AUTOMATIZADAS DE GESTION SOCIAL LOCAL MODULO SALUD DEL MINISTERIO DE DESARROLLO SOCIAL;LQ;Publicada y disponible para ofertar;30/04/2025 09:59:07;En este contexto, se requiere contratar los servicios de implementación y continuidad operacional de un software de Alertas de salud para ser utilizado por GSL, que permitan la integración, almacenamiento y análisis de la información de Salud de los registros clínicos electrónicos, y que lo disponga a la interfaz del módulo salud del Sistema de Gestión Social Local (GSL). Para ello, se ha definido un conjunto mínimo de datos y reglas de negocios que serán alojados en una plataforma informática perteneciente a MINSAL. Lo anterior, sustentado en que los RCE contienen información detallada sobre el historial clínico de las y los pacientes: incluyendo su identificación  sus diagnósticos  sus tratamientos  medicaciones  exámenes y todos los otros datos relevantes y asociados al proceso de atención de salud. Todos ellos, datos esenciales asociados a la gestión de Programas de Salud.;CLP;PUBLICADO;DISPONIBLE;150.000.000;SUBSECRETARIA DE SALUD PUBLICA
2727-12-LP25;EXÁMENES IMÁGENES DIAGNÓSTICAS EN APS;LP;Publicada y disponible para ofertar;29/04/2025 12:39:00;En el ámbito del Convenio suscrito entre la I. Municipalidad de San Carlos y el Servicio de Salud de Ñuble, denominado “Programa de Imágenes Diagnósticas en Atención Primaria de Salud”, aprobado por Resolución Exenta 1C N° 695 del 25 de febrero de 2025  y Decreto Exento Salud N°4460753 de fecha 26 de febrero de 2025, el Departamento de Salud Municipal de San Carlos requiere contratar el Convenio de Suministro de Mamografías, Bi Rads 0, Ecografías Mamarias, Radiografías de Pelvis, Ecografías Abdominales y Radiografías de Tórax Digitales, para usuarios del Sistema de Salud Municipal que se encuentren bajo control en los Establecimientos dependientes del Departamento de Salud de San Carlos, que tengan factores de riesgo relacionado con las prestaciones a adjudicar.;CLP;PUBLICADO;DISPONIBLE;141.176.000;ILUSTRE MUNICIPALIDAD DE SAN CARLOS
874750-22-L125;SERVICIO PROFESIONAL PARA ATENCIÓN ODONTOLOGICA INTEGRAL EN MUJERES DE 20 AÑOS;L1;Publicada y disponible para ofertar;30/04/2025 16:11:39;EL HOSPITAL DE PORVENIR REQUIERE LOS SERVICIOS DE PROFESIONAL DE ODONTOLOGÍA PARA LA EJECUCIÓN DE ATENCIONES INTEGRALES EN EL ESTABLECIMIENTO DE SALUD DE USUARIAS MUJERES MAYORES DE 20 AÑOS, BAJO PRESUPUESTO PARA LA IMPLEMENTACIÓN Y EJECUCIÓN DEL PRAPS ESTRATEGIAS DE SALUD BUCAL AÑO 2025, ESTRATEGIA ATENCIÓN INTEGRAL, N°3.1, SUBCOMPONENTE ATENCIÓN ODONTOLÓGICA INTEGRAL PARA MUJERES DE 20 AÑOS Y MÁS  RESOLUCIÓN EXENTA N° 736, DE FECHA 12/02/2025.;CLP;PUBLICADO;DISPONIBLE;6.780.000;SERVICIO DE SALUD MAGALLANES
1180830-19-LR25;ATENCION ESP. SALUD MENTAL-PSIQUIATRIA PP-42;LR;Publicada y disponible para ofertar;15/04/2025 08:48:00;Resolver la alta demanda de atención de especialidad, mediante la compra de servicio de recurso humano que permitan brindar atenciones integrales ambulatorias especializadas en Salud Mental y Psiquiatría, con el propósito de aminorar el tiempo de espera y garantizar el acceso oportuno a tratamiento y rehabilitación en Centros Comunitarios de Salud Mental de la ciudad de Antofagasta.;CLP;NO PUBLICADO;DISPONIBLE;Igual o superior a 5.000 UTM;SERVICIO DE SALUD ANTOFAGASTA DIRECCION
1552-15-LR25;CONSTRUCCION CESAMCO CALDERA BIP 40034437-0;LR;Publicada y disponible para ofertar;08/04/2025 10:03:27;El Servicio de Salud Atacama tiene la necesidad de implementar el PROYECTO: CONSTRUCCION CENTRO DE SALUD MENTAL COMUNITARIO COSTA NORTE CALDERA el que considera ejecución de un edificio de una superficie aproximada de 1.470,62 m2, de hormigón armado, y comprende las obras civiles, instalaciones eléctricas y sanitarias, hasta su total habilitación, según las características que se han definido ;CLP;NO PUBLICADO;ESTIMADO;Igual o superior a 5.000 UTM;SERVICIO DE SALUD ATACAMA
2270-9-LE25;Arriendo de Camioneta 4x4 para la Seremi Salud;LE;Publicada y disponible para ofertar;30/04/2025 17:47:42;Camioneta 4 x 4 para el traslado de funcionarios de la Unidad de Salud Ocupacional, del Depto. de Acción Sanitaria de la SEREMI de Salud de Tarapacá, para cumplimiento del mandatado en la normativa vigente respecto de la Vigilancia, Promoción, Formalización y Fiscalización de la Autoridad Sanitaria que le permita ir en resguardo de la salud de la población de la región de Tarapacá.;CLP;PUBLICADO;DISPONIBLE;9.500.000;SUBSECRETARIA DE SALUD PUBLICA
1057547-182-LP25;COMPRA SERVICIOS DE ONCOLOGIA MEDICA;LP;Publicada y disponible para ofertar;21/04/2025 15:09:25;COMPRA SERVICIOS DE ONCOLOGIA MEDICA PARA PACIENTES DEL HOPITAL BASE VALDIVIA”;CLP;PUBLICADO;ESTIMADO;191.800.000;SERVICIO DE SALUD VALDIVIA HOSPITAL BASE
1175-71-LP25;65.25 MAMOGRAFIAS Y ECOTOMOGRAFIAS MAMARIAS SSAS;LP;Publicada y disponible para ofertar;25/04/2025 10:03:00;Se requiere contratar una cantidad referencial de 2.220 MAMOGRAFÍAS Y 1.356 ECOTOMOGRAFÍAS MAMARIAS, INFORMADAS USUARIOS SSAS para usuarios que se encuentren en lista de espera del Servicio Salud Araucanía Sur, de acuerdo a los aspectos técnicos que más adelante se explicitan correspondientes al Programa Imágenes Diagnóstica en APS año 2025 y en las cantidades establecidas PARA LOS HOSPITALES FAMILIARES Y COMUNITARIOS Y CONSULTORIO MIRAFLORES.;CLP;NO PUBLICADO;ESTIMADO;Igual o superior a 1.000 UTM e inferior a 2.000 UTM;SERVICIO DE SALUD ARAUCANIA SUR
2770-54-LE25;“SERVICIO DE ENLACE DE INTERNET PARA PROYECTO DE RED WIFI PARA LOS CENTROS DE SALUD MUNICIPAL”;LE;Publicada y disponible para ofertar;28/04/2025 15:20:27;La presente licitación tiene por finalidad la contratación de 6 enlaces de internet a través de fibra óptica, para la implementación de una red WIFI para los centros de salud de la Red de Salud Municipal, para brindar un servicio de internet gratuito a los usuarios y expandir la Red Municipal a lugares de difícil acceso a internet dentro de los establecimientos y un respaldo de acceso a internet para los centros de salud. Todo lo anterior en virtud de lo dispuesto en las presentes Bases Administrativas, las Bases Técnicas y todos sus anexos.;CLF;NO PUBLICADO;DISPONIBLE;Entre 100 y 1000 UTM;I MUNICIPALIDAD DE MAIPU
1180830-22-LQ25;PROFESIONALES SALUD MENTAL PSIQ.COSAM CALAMA PP-53;LQ;Publicada y disponible para ofertar;30/04/2025 10:23:17;Resolver la alta demanda de atención de especialidad, mediante la compra de servicio de recurso humano que permitan brindar atenciones integrales ambulatorias especializadas en Salud Mental y Psiquiatría, con el propósito de aminorar el tiempo de espera y garantizar el acceso oportuno a tratamiento y rehabilitación en Centros Comunitarios de Salud Mental de la ciudad de Calama.;CLP;NO PUBLICADO;DISPONIBLE;Igual o superior a 2.000 UTM e inferior a 5.000 UTM ;SERVICIO DE SALUD ANTOFAGASTA DIRECCION
2735-54-LR25;SERVICIO IMÁGENES DIAGNÓSTICAS Y ECOGRAFÍAS CESFAM;LR;Publicada y disponible para ofertar;11/04/2025 17:58:49;Requiere contratar los servicios de un centro médico para la realización de Mamografía Bilateral, Mamografía complementaria, Radiografía de Tórax PA y Lateral, Radiografía de Pelvis, Ecografía Abdominal, Ecografía Mamaria, Ecografía Transvaginal, Ecografía Obstétrica para los beneficiarios inscritos del Centro de Salud Familiar Lo Barnechea.;CLP;NO PUBLICADO;DISPONIBLE;Igual o superior a 5.000 UTM;I MUNICIPALIDAD LO BARNECHEA
1657-2-LE25;ESTUDIO ELEMENTOS ESENCIALES NO ESENCIALES PARÁMETROS ORGANOLEPTICOS Y PLAGUICIDAS EN AGUA DESTINADA AL CONSUMO HUMANO EN ÁREAS RURALES DE LA REGION DE COQUIMBO PARA LA SEREMI DE SALUD COQUIMBO;LE;Publicada y disponible para ofertar;14/04/2025 16:56:00;La Secretaría Regional Ministerial Salud, Región de Coquimbo, requiere realizar un estudio que permita verificar concentraciones de Plaguicidas (DDT+DDD+DDE, 2,4 D, Lindano, Metoxicloro, Pentaclorofenol), Elementos Esenciales (Cobre, cromo total), Hierro, Manganeso, Magnesio, Selenio y Zinc) y No Esenciales (arsénico, cadmio, cianuro, mercurio y plomo) y Parámetros organolépticos (Sólidos totales disueltos, compuestos fenólicos) en servicios de agua destinados al consumo humano, en el cumplimiento del Reglamento de los Servicios de Agua Destinados al Consumo Humano, Decreto Nº 735 de 1969, y sus modificaciones, del Ministerio de Salud. Apoyar la vigilancia y el control sanitario del agua destinada al consumo humano rural y contar con información que permita analizar e identificar, de manera preventiva, posibles riesgos para la salud de la población asociados a la calidad del agua destinada al consumo humano.;CLP;NO PUBLICADO;DISPONIBLE;Entre 100 y 1000 UTM;SUBSECRETARIA DE SALUD PUBLICA
1306643-11-LE25;SISTEMA DE CONTROL DE ASISTENCIA;LE;Publicada y disponible para ofertar;30/04/2025 17:04:40;La Dirección de Servicios Traspasados y la Dirección de Salud de la Ilustre Municipalidad de Cerro Navia cuentan con una estructura organizacional que administra y gestiona las personas contratadas de la Red Comunal de Atención Primaria de Salud, la cual está compuesta por diversos dispositivos de salud, tales como CESFAM, CECOSF, SAPU, unidades de apoyo odontológico, farmacias y ópticas populares, además de programas territoriales como “Médico en tu Barrio” y “Plan 80”. En este contexto, ambas direcciones requieren contratar un servicio de Control de Asistencia. El sistema deberá ajustarse a la normativa vigente del sector público de salud, en especial la Ley N° 19.378, la Ley N° 18.834, Ley 18.883, Ley de Transparencia N° 20.285, Ley de Protección de Datos Personales N° 19.628, y las disposiciones de la Contraloría General de la República y la Superintendencia de Salud.;CLP;NO PUBLICADO;ESTIMADO;Entre 100 y 1000 UTM;I.MUNICIPALIDAD DE CERRO NAVIA
591-6-LR25;SERVICIO DE SISTEMA DE RECAUDACION PARA EL FONASA;LR;Publicada y disponible para ofertar;10/04/2025 17:34:00;FONASA requiere contar con los servicios de recaudación de pagos presenciales por concepto de emisión de Bonos de Atención de Salud BAS Prefolio Único y Programas de Atención de Salud PAS Prefolio único, ampliando así la cobertura a nuestros asegurados a lo largo del país tanto en territorio, como en horario, para pagar sus bonos en empresas recaudadoras adicionales a las sucursales.;CLP;PUBLICADO;ESTIMADO;2.649.238.197;FONDO NACIONAL DE SALUD
507428-74-LE25;COMPRA DE SERVICIOS DE KINESIOLOGIA;LE;Publicada y disponible para ofertar;23/04/2025 12:29:55;Que, el Servicio de Salud Chiloé necesita contratar los servicios profesionales de kinesiología para la atención integral de los residentes los dispositivos residenciales de salud mental del territorio: Hogar Protegido Ancud, Hogar Protegido Castro, Residencia Protegida Millaray y Residencia Protegida Alberto Hurtado.;CLP;NO PUBLICADO;ESTIMADO;Entre 100 y 1000 UTM;SERVICIO DE SALUD CHILOE
4123-3-LE25;Altas integrales hombres mayores de 20 años;LE;Publicada y disponible para ofertar;25/04/2025 14:50:30;Compra atenciones Odontológicas Programa Estrategia de Salud Bucal 2025, para hombres mayores de 20 años con y sin rehabilitación protésica.;CLP;PUBLICADO;DISPONIBLE;16.130.826;I MUNICIPALIDAD DE NINHUE
734-20-LE25;NEUMÁTICOS DE INVIERNO MONTAJE Y BALANCEO;LE;Publicada y disponible para ofertar;21/04/2025 16:13:40;ADQUISICIÓN DE 56 NEUMÁTICOS DE INVIERNO, MONTAJE Y BALANCEO PARA FLOTA DE VEHÍCULOS SAMU DEL SERVICIO DE SALUD AYSÉN.;CLP;PUBLICADO;ESTIMADO;10.000.000;SERVICIO DE SALUD AYSEN CARLOS IBANEZ DEL CAMPO
1057500-33-LE25;SERVICIO REHABILITACIÓN PSÍQUICA TIPO 1 COMUNA DE PUENTE ALTO.;LE;Publicada y disponible para ofertar;29/04/2025 10:43:49;SE REQUIERE LA CONTRATACIÓN DE LOS SERVICIOS DE REHABILITACIÓN PSÍQUICA TIPO 1 PARA LA COMUNA DE PUENTE ALTO, SEGÚN BASES DE LICITACIÓN APROBADAS POR RESOLUCIÓN EXENTA N°806/2025. ;CLP;NO PUBLICADO;DISPONIBLE;Entre 100 y 1000 UTM;SERVICIO DE SALUD METROPOLITANO SUR ORIENTE
1058134-68-LP25;CONV SUMINISTRO MEDICAMENTO ONCOLÓGICO ALECTINIB;LP;Publicada y disponible para ofertar;29/04/2025 16:40:33;CONVENIO SUMINISTRO MEDICAMENTO ONCOLÓGICO ALECTINIB PARA EL HOSPITAL BASE VALDIVIA;CLP;PUBLICADO;ESTIMADO;78.523.245;SERVICIO DE SALUD VALDIVIA HOSPITAL BASE
2122-9-L125;COMPRA DE REACTIVOS QUIMICOS;L1;Publicada y disponible para ofertar;30/04/2025 12:17:21;la Secretaría Regional Ministerial de Salud Región de Antofagasta, requiere la compra de Reactivos Químicos para Laboratorio Ambiental de esta Seremi.;CLP;PUBLICADO;ESTIMADO;2.000.000;SUBSECRETARIA DE SALUD PUBLICA
2122-8-L125;COMPRA DE MEDIOS DE CULTIVOS;L1;Publicada y disponible para ofertar;30/04/2025 12:16:48;, la Secretaría Regional Ministerial de Salud Región de Antofagasta, requiere la compra de medios de cultivos  para Laboratorio Ambiental de esta Seremi.;CLP;PUBLICADO;ESTIMADO;4.000.000;SUBSECRETARIA DE SALUD PUBLICA
1057974-3-LR25;CENTRO COMUNITARIO DE SALUD MENTAL COSAM CORDILLERA COMUNA DE COIHUECO;LR;Publicada y disponible para ofertar;31/03/2025 17:41:00;CENTRO COMUNITARIO DE SALUD MENTAL COSAM CORDILLERA COMUNA DE COIHUECO;CLP;PUBLICADO;DISPONIBLE;4.227.649.000;SERVICIO DE SALUD NUBLE
1950-44-LQ25;LIC 30-25 ACCIONES DE SALUD DE HORAS TECNICAS;LQ;Publicada y disponible para ofertar;22/04/2025 14:05:10;LIC 30-25 ACCIONES DE SALUD DE HORAS PERSONAL TÉCNICO CLÍNICO PARA CUBRIR DIFERENTES SERVICIOS CLÍNICOS CONFORME AL DFL 3680  PARA HOSPITAL PITRUFQUÉN Y NODO;CLP;PUBLICADO;DISPONIBLE;341.000.000;SERVICIO SALUD ARAUCANIA SUR HOSPITAL PITRUFQUEN
1398-33-LE25;LEVONORGESTREL  0.03 BLÍSTER;LE;Publicada y disponible para ofertar;21/04/2025 11:44:59;Contar de manera oportuna el medicamento Levonorgestrel 0.03 mg perteneciente al programa de la mujer,para el tratamiento de anticonceptivos, su presencia es obligatoria en los establecimientos de salud de baja complejidad de la región por lo que ante falta de este producto en la distribución de CENABAST se hace urgente su adquisición, por parte de este Servicio de Salud OHiggins.;CLP;NO PUBLICADO;DISPONIBLE;Entre 100 y 1000 UTM;SERVICIO DE SALUD LIBERTADOR BDO OHIGGINS
4999-13-LE25;Sistema informático carrera funcionaria;LE;Publicada y disponible para ofertar;23/04/2025 14:05:30;El Departamento de Salud, requiere para la planificación de compras año 2025 la compra de: Sistema informático carrera funcionaria, para el desarrollo de las actividades y funciones propias en la atención primaria de salud de los usuarios de los establecimientos de salud de San Pedro de Atacama.;CLP;NO PUBLICADO;DISPONIBLE;Entre 100 y 1000 UTM;I MUNICIPALIDAD DE SAN PEDRO DE ATACAMA
3942-15-LE25;ATENCION ODONTOLOGICA INTEGRAL HOMBRES ;LE;Publicada y disponible para ofertar;25/04/2025 15:19:39;CONVENIO SALUD ORAL;CLP;PUBLICADO;ESTIMADO;13.816.472;I MUNICIPALIDAD DE LEBU
1057547-213-LP25;COMPRA DE SERVICIO CONSULTA VICIO DE REFRACCIÓN;LP;Publicada y disponible para ofertar;30/04/2025 18:33:46;COMPRA DE SERVICIO CONSULTA DE EVALUACIÓN DIAGNÓSTICA POR VICIO DE REFRACCIÓN PARA PACIENTES DEL HOSPITAL BASE VALDIVIA;CLP;PUBLICADO;ESTIMADO;105.000.000;SERVICIO DE SALUD VALDIVIA HOSPITAL BASE
1057550-4-LE25;Servicios de Ecotomografias Abdominales;LE;Publicada y disponible para ofertar;24/04/2025 17:08:51;El Hospital de Corral requiere la compra de Servicios de un Médico Radiólogo para la realización de 200 exámenes de ecotomografías abdominales con informes para la detección precoz y oportuna de patología biliar y cáncer de vesícula, destinado a usuarios y beneficiarios del Hospital Corral, de acuerdo a las bases técnicas.;CLP;NO PUBLICADO;ESTIMADO;Entre 100 y 1000 UTM;SERVICIO DE SALUD VALDIVIA HOSPITAL DE C
1057508-37-LE25;SERVICIOS DE PRODUCCIÓN PARA JORNADA APS UNIVERSAL;LE;Publicada y disponible para ofertar;24/04/2025 12:52:04;El Servicio de Salud Ñuble llama a Licitación Pública a través del Portal Mercado Público para suscribir la “Compra de Servicios de Producción para Desarrollo de Jornada Regional de APS Universal, del Servicio de Salud Ñuble”, de acuerdo a requerimientos especificados en Bases Administrativas y Técnicas y sus respectivos anexos.;CLP;PUBLICADO;DISPONIBLE;18.000.000;SERVICIO DE SALUD NUBLE
4123-6-LE25;Estrategia Salud Bucal 2025;LE;Publicada y disponible para ofertar;25/04/2025 14:43:52;Alta Odontológica integral a personas de 60 años Incluye  rehabilitación protésica de ser necesario;CLP;PUBLICADO;DISPONIBLE;13.700.160;I MUNICIPALIDAD DE NINHUE
1017312-4-LP25;SERVICIO RESOLUCIÓN QUIRÚRGICA PAQUETIZADA ESP. DE OFTALMOLOGÍA  PROV DE VALPO;LP;Publicada y disponible para ofertar;23/04/2025 14:07:47;SERVICIO RESOLUCIÓN QUIRÚRGICA PAQUETIZADA DE LA ESPECIALIDAD DE OFTALMOLOGÍA, PARA EL SISTEMA DE SALUD NAVAL EN LA PROVINCIA DE VALPARAÍSO;CLP;PUBLICADO;ESTIMADO;330.000.000;DIRECCION DE ABASTECIMIENTO DE LA ARMADA
3937-11-B225;SERVICIOS MÉDICOS DENTALES PARA DSM CURARREHUE;B2;Publicada y disponible para ofertar;21/04/2025 10:14:53;ADQUSICIÓN DE SERVICIOS MÉDICOS DENTALES PARA EJECUCIÓN DE PROGRAMA ESTRATEGIAS DE SALUD BUCAL RESOL .EX.N°7453 DEL 27/02/2025, SUSCRITO CON MUNICIPALIDAD DE CURARREHUE.;CLP;NO PUBLICADO;ESTIMADO;Igual o superior a 1000 UTM e inferior a 2000 UTM;ILUSTRE MUNICIPALIDAD DE CURARREHUE
1058134-54-LR25;CONV SUMI MEDICAMENTO INOTUZUMAB - OZOGAMICINA;LR;Publicada y disponible para ofertar;10/04/2025 10:43:03;CONVENIO SUMINISTRO DE MEDICAMENTO INOTUZUMAB - OZOGAMICINA PARA EL HOSPITAL BASE VALDIVIA;CLP;PUBLICADO;ESTIMADO;439.000.000;SERVICIO DE SALUD VALDIVIA HOSPITAL BASE
1058134-58-LR25;SUMINISTRO DE MEDICAMENTOS PALIPERIDONAS;LR;Publicada y disponible para ofertar;15/04/2025 12:37:05;SUMINISTRO DE MEDICAMENTOS PALIPERIDONAS;CLP;PUBLICADO;ESTIMADO;525.000.000;SERVICIO DE SALUD VALDIVIA HOSPITAL BASE
1057499-17-LR25;CONSTRUCCION HABILITACION COSAM SAN MIGUEL;LR;Publicada y disponible para ofertar;16/04/2025 16:08:26;Proceder a la contratación de obras para la habilitación del Centro de Salud Mental Comunal de San Miguel.   El tipo de contrato será a suma alzada, sin reajuste, en pesos chilenos. El pago será ejecutado mediante estados de pago periódicos en moneda nacional.;CLP;NO PUBLICADO;ESTIMADO;Igual o superior a 5.000 UTM;SERVICIO DE SALUD SUR UNIDAD HOSPITALARI
1058134-67-LQ25;CONVENIO SUMINISTRO MEDICAMENTOS COMPRIMIDOS 3-2025;LQ;Publicada y disponible para ofertar;29/04/2025 11:21:34;CONVENIO SUMINISTRO MEDICAMENTOS COMPRIMIDOS 3-2025 PARA EL HOSPITAL BASE VALDIVIA;CLP;PUBLICADO;ESTIMADO;314.000.000;SERVICIO DE SALUD VALDIVIA HOSPITAL BASE
1058134-64-LQ25;CONVENIO MEDICAMENTO INSULINA GLARGINA HUMANA;LQ;Publicada y disponible para ofertar;25/04/2025 10:38:55;CONVENIO SUMINISTRO MEDICAMENTO INSULINA GLARGINA HUMANA PARA EL HOSPITAL BASE VALDIVIA;CLP;PUBLICADO;ESTIMADO;291.000.000;SERVICIO DE SALUD VALDIVIA HOSPITAL BASE
4463-1-LP25;SUMINISTRO DE ATOSIBAN SOLUCION INYECTABLE;LP;Publicada y disponible para ofertar;23/04/2025 14:58:34;EL HOSPITAL DE CURICO REQUIERE UN CONTRATO DE SUMINISTRO DE ATOSIBAN SOLUCION INYECTABLE PARA EL USO DE SUS PACIENTES DEL SERVICIO DE  GINECOLOGIA;CLP;PUBLICADO;ESTIMADO;98.000.000;SERVICIO DE SALUD DEL MAULE HOSPITAL DE CURICO
1058134-57-LP25;SUMINISTRO DE MEDICAMENTO LANREOTIDE 90 Y 120 MG L;LP;Publicada y disponible para ofertar;15/04/2025 12:24:09;SUMINISTRO DE MEDICAMENTO LANREOTIDE 90 Y 120 MG LIBERACIÓN PROLONGADA;CLP;PUBLICADO;ESTIMADO;163.000.000;SERVICIO DE SALUD VALDIVIA HOSPITAL BASE
1175-63-LE25;64.25 “ADQUISICIÓN DE MOBILIARIO GENERAL PARA REPOSICIÓN CENTRO DE SALUD INTERCULTURAL BOROA FILULAWEN NUEVA IMPERIAL”;LE;Publicada y disponible para ofertar;17/04/2025 17:05:50;64.25 “ADQUISICIÓN DE MOBILIARIO GENERAL PARA REPOSICIÓN CENTRO DE SALUD INTERCULTURAL BOROA FILULAWEN, NUEVA IMPERIAL”;CLP;NO PUBLICADO;ESTIMADO;Entre 100 y 1000 UTM;SERVICIO DE SALUD ARAUCANIA SUR
1057474-13-LE25;S. DE CAFETERÍA PARA CAPACITACIÓN PARA EL SSMN;LE;Publicada y disponible para ofertar;21/04/2025 15:42:11;El objeto de la presente Licitación es la contratación del “SERVICIO DE CAFETERÍA PARA CAPACITACIONES PARA EL SERVICIO DE SALUD METROPOLITANO NORTE;CLP;NO PUBLICADO;ESTIMADO;Entre 100 y 1000 UTM;SERVICIO DE SALUD METROPOLITANO NORTE
956-25-LE25;Contratacion de los Servicios Profesionales Dos Médicos Psiquiatra con especialidad adulto Cosam Litoral;LE;Publicada y disponible para ofertar;25/04/2025 15:20:36;Contratacion de los Servicios Profesionales Dos Médicos Psiquiatra con especialidad adulto, Cosam Litoral;CLP;PUBLICADO;DISPONIBLE;28.800.000;SERVICIO DE SALUD VALPARAISO SAN ANTONIO
3942-14-LE25;ATENCION ODONTOLOGICA INTEGRAL MUJERES;LE;Publicada y disponible para ofertar;25/04/2025 14:16:44;CONVENIO SALUD ORAL ;CLP;PUBLICADO;ESTIMADO;39.790.512;I MUNICIPALIDAD DE LEBU
1057508-38-LE25;CONVENIO SERVICIO DE ARRIENDO DE IMPRESORAS POR 36 MESES SERVICIO DE SALUD ÑUBLE;LE;Publicada y disponible para ofertar;28/04/2025 16:24:13;El Servicio de Salud Ñuble requiere suscribir Convenio de Servicio de Arriedo de Impresoras por 36 meses;CLP;NO PUBLICADO;ESTIMADO;Entre 100 y 1000 UTM;SERVICIO DE SALUD NUBLE
1298355-8-LE25;NORMALIZACIÓN SANITARIA Y ELECTRICA PAHUILMO;LE;Publicada y disponible para ofertar;29/04/2025 16:34:19;LA CORPORACIÓN MUNICIPAL DE MELIPILLA REQUIERE DEL SERVICIO DE NORMALIZACIÓN ELECTRICA Y SANITARIA PARA LA POSTA DE SALUD RURAL PAHUIMO DE LA DIRECCIÓN DE SALUD DE LA CORPORACIÓN MUNICIPAL DE MELIPILLA.;CLP;NO PUBLICADO;DISPONIBLE;Entre 100 y 1000 UTM;CORP MUNICIPAL MELIPILLA PARA LA ED SALUD
635-50-L125;SERVICIO DE TELEINFORMES DE FONDO DE OJOS POBLACIÓN DIABETICA;L1;Publicada y disponible para ofertar;29/04/2025 15:52:56;SE REQUIERE LA COMPRA DE SERVICIO DE 1000 TELEINFORMES DE FONDO DE OJO DIRIGIDO A LA POBLACIÓN DIABETES.;CLP;PUBLICADO;DISPONIBLE;2.000.000;SERVICIO DE SALUD DE ARICA Y PARINACOTA
2205-3-LE25;ATENCION PODOLOGIA PCV;LE;Publicada y disponible para ofertar;22/04/2025 17:58:39;HOSPITA PICHIDEGUA REQUIERE LA COMPRA DE SERVICIOS DE PODOLOGIA PARA PACIENTES DIABETICOS PROGRAMA CARDIOVASCULAR.;CLP;NO PUBLICADO;DISPONIBLE;Entre 100 y 1000 UTM;SERVICIO DE SALUD HOSPITAL DE PICHIDEGUA
483-8-LE25;SERVICIO DE PROFESIONAL DE ENFERMERIA PARA APS;LE;Publicada y disponible para ofertar;14/04/2025 11:16:00;La presente licitación está destinada a la contratación de SERVICIOS DE PROFESIONAL DE ENFERMERIA PARA APS DEL HOSPITAL DE CONTULMO, bajo las siguientes condiciones. El contrato tendrá como fecha de Inicio el 01 de mayo de 2025 y será por 8 meses o hasta que el presupuesto disponible se agote, lo que ocurra primero.;CLP;PUBLICADO;ESTIMADO;14.244.624;SERVICIO DE SALUD CONCEPCION ARAUCO HOSPITAL DE CONTULMO
1058134-61-LR25;CONVENIO DE MEDICAMENTO ALBUMINA HUMANA ;LR;Publicada y disponible para ofertar;23/04/2025 17:14:24;“CONVENIO SUMINSTRO DE MEDICAMENTO ALBUMINA HUMANA PARA EL HOSPITAL BASE VALDIVIA”;CLP;PUBLICADO;ESTIMADO;372.516.880;SERVICIO DE SALUD VALDIVIA HOSPITAL BASE
1692-21-LE25;SERVICIO DE TENS PARA PSR VILLA OHIGGINS;LE;Publicada y disponible para ofertar;23/04/2025 17:13:25;SERVICIO DE TECNICO DE NIVEL SUPERIOR EN ENFERMERIA PARA POSTA DE SALUD RURAL DE VILLA OHIGGINS DEPENDIENTE DEL HOSPITAL DE COCHRANE;CLP;PUBLICADO;DISPONIBLE;9.672.000;SERVICIO NACIONAL DE SALUD HOSPITAL DE COCHRANE
1040758-1-LE25;SERVICIO DE EQUIPO COMPUTACIONAL - TIC;LE;Publicada y disponible para ofertar;28/04/2025 15:11:21;E1O2RT9. Contratar servicio de un equipo computacional para Unidad de Comunicaciones de la SEREMI de Salud Región de Ñuble ubicada en las dependencias de la ciudad de Chillán: en Calle Arauco N° 405.;CLP;NO PUBLICADO;DISPONIBLE;Entre 100 y 1000 UTM;SUBSECRETARIA DE SALUD PUBLICA
4329-19-LE25;CONVENIO DE IMÁGENES DIAGNOSTICA EN APS 2025;LE;Publicada y disponible para ofertar;28/04/2025 15:47:24;CONTRATO DE SUMINISTRO PARA LA EJECUCION DE CONVENIO DE IMÁGENES DIAGNOSTICA EN APS 2025, DEL DEPARTAMENTO DE SALUD DE ÑIQUEN;CLP;PUBLICADO;DISPONIBLE;01;Ilustre Municipalidad de Ñiquen
1058134-69-LQ25;CONV SUMINISTRO ONCOLÓGICOS EN SOLUCIÓN INYECTABLE;LQ;Publicada y disponible para ofertar;30/04/2025 10:25:30;CONVENIO DE SUMINISTRO DE MEDICAMENTOS ONCOLÓGICOS EN SOLUCIÓN INYECTABLE - HOSPITAL BASE VALDIVIA;CLP;PUBLICADO;ESTIMADO;201.824.000;SERVICIO DE SALUD VALDIVIA HOSPITAL BASE
554734-9-LE25;EXAMENES MEDICOS;LE;Publicada y disponible para ofertar;25/04/2025 12:38:36;CONTRATO DE SUMINISTRO EXAMENES MEDICOS MUNICIPALIDAD DE PEUMO AÑO 2025;CLP;NO PUBLICADO;DISPONIBLE;Entre 100 y 1000 UTM;I MUNICIPALIDAD DE PEUMO
3942-13-L125;PROTESIS  REMOVIBLES REALIZADAS POR ESPECIALISTA EN REHABITACION ORAL;L1;Publicada y disponible para ofertar;25/04/2025 09:51:40;CONVENIO SALUD ORAL ;CLP;PUBLICADO;DISPONIBLE;1.942.600;I MUNICIPALIDAD DE LEBU
3950-8-LE25;Servicios de Confección de Prótesis Dentales Año 2025;LE;Publicada y disponible para ofertar;24/04/2025 16:29:35;Dado la necesidad de la red Salud Rural ;CLP;PUBLICADO;DISPONIBLE;9.850.000;DIRECCION SALUD RURAL
4123-8-L125;Atención Odontológica Domiciliaria;L1;Publicada y disponible para ofertar;28/04/2025 06:43:48;Atención Integral: :Atención Odontológica Domiciliaria a beneficiarios del Programa de Atención domiciliaria a personas con dependencia severa. El oferente deberá contar con calve RAYEN para el registro de los pacientes;CLP;PUBLICADO;ESTIMADO;1.894.150;I MUNICIPALIDAD DE NINHUE
2446-133-LE25;L.P. 152-2025 SUMINISTRO EXAMENES MEDICOS;LE;Publicada y disponible para ofertar;30/04/2025 09:24:31;SUMINISTROS POR EXAMENES MÉDICOS PARA EL DEPTO. SOCIAL COMUNAL;CLP;PUBLICADO;DISPONIBLE;25.000.000;I MUNICIPALIDAD DE COQUIMBO
2123-11-L125;E102RT9 Traslado de Muestras ;L1;Publicada y disponible para ofertar;30/04/2025 17:03:00;E102RT9 Servicio de Traslado de Muestras, y asociados (bultos, sobres, paquetes.) para la SEREMI de Salud de Región de Valparaiso. ;CLP;PUBLICADO;DISPONIBLE;6.700.000;SUBSECRETARIA DE SALUD PUBLICA
608-62-LP25;PJP_SERVICIO DE NEUROMONITOREO ;LP;Publicada y disponible para ofertar;10/04/2025 15:43:00;SERVICIOS DE NEUROMONITOREO PARA CIRUGÍA DEL EQUIPO CABEZA, CUELLO Y OTORRINOLARINGOLOGÍA EN EL HOSPITAL DR. GUSTAVO FRICKE;CLP;NO PUBLICADO;ESTIMADO;Igual o superior a 1.000 UTM e inferior a 2.000 UTM;HOSPITAL DR GUSTAVO FRICKE DE VINA DEL MAR
514862-43-LE25;ADQ. SERVICIO ECOGRAFIA MAMARIA BILATERAL 10031813;LE;Publicada y disponible para ofertar;23/04/2025 17:04:59;SEGUN BASES DE LICITACION;CLP;PUBLICADO;ESTIMADO;45.000.000;CORPORACION MUNICIPAL DE PENALOLEN PARA EL DESARROLO SOCIAL CORMUP
4123-7-LE25;Resolucion de Especialidades Odontologicas en APS;LE;Publicada y disponible para ofertar;25/04/2025 14:55:18;Atención Resolución de Especialidades Odontológicas en APS ENDODONCIA  Tratamientos Endodónticos Tratamientos Periodontales;CLP;PUBLICADO;DISPONIBLE;7.141.330;I MUNICIPALIDAD DE NINHUE
1057049-102-LE25;CSP  -PROCEDIMIENTO MARCACIÓN DE NODULO PULMONAR;LE;Publicada y disponible para ofertar;25/04/2025 15:50:19;El objetivo de la Propuesta es la contratación de “PROCEDIMIENTO DE MARCACIÓN DE NODULO PULMONAR CON LIPIODOL DEL HOSPITAL CLÍNICO SAN BORJA ARRIARÁN PAC 2025”, solicitados en las especificaciones técnicas, en concordancia con las Bases Administrativas, Técnicas, Formularios, aclaraciones y otros documentos que pudieran formularse en el transcurso de la licitación.  Se entenderá que todo proveedor conoce y acepta irrevocablemente el contenido de estas Bases, por el solo hecho de presentar ofertas en este proceso de licitación.;CLP;NO PUBLICADO;ESTIMADO;Entre 100 y 1000 UTM;SERV SALUD METROPOLITANO CENTRAL HOSPITAL CLINICO SAN BORJA ARRIARAN
5061-36-L125;SCHC N° 85 Servicio de Examen de mamografías para detección precoz de cáncer de mama en mujeres menores de 50 años para el Departamento de Salud Municipal, SEGÚN ESPECIFICACIONES TÉCNICAS ADJUNTAS;L1;Publicada y disponible para ofertar;25/04/2025 15:04:50;Servicio de Examen de mamografías para detección precoz de cáncer de mama en mujeres menores de 50 años para el Departamento de Salud Municipal, SEGÚN ESPECIFICACIONES TÉCNICAS ADJUNTAS;CLP;PUBLICADO;ESTIMADO;6.780.000;I MUNICIPALIDAD DE TEMUCO
2770-55-LE25;SUMINISTRO OXÍGENO MEDICINAL PARA LA RED SALUD DISAM;LE;Publicada y disponible para ofertar;29/04/2025 08:57:35;La presente licitación tiene por finalidad abastecer con oxígeno medicinal a la Red de Salud Municipal de Maipú, a través de la contratación de suministro de oxígeno medicinal, de manera de cubrir las necesidades de este insumo clínico en los establecimientos de salud y vehículos de ambulancias que conforman la Red de Salud. Todo lo anterior, de acuerdo con los requerimientos establecidos en las Bases Administrativas, las Bases Técnicas, los anexos publicados y demás antecedentes de esta licitación.;CLP;PUBLICADO;DISPONIBLE;41.000.000;I MUNICIPALIDAD DE MAIPU
1057434-18-L125;CONSULTA OFTALMOLÓGICA PARA PROGRAMA RESOLUTIVIDAD EN ATENCIÓN PRIMARIA CESFAM DR. VMF, ID 1057434-18-L125;L1;Publicada y disponible para ofertar;30/04/2025 16:50:50;CONTRATO DE SUMINISTRO PARA ADQUISICION DE CONSULTAS OFTALMOLOGICAS DESTINADAS A USUARIOS, BENEFICIARIOS DEL PROGRAMA RESOLUTIVIDAD EN ATENCION PRIMARIA EN SALUD DEL CESFAM DR. VMF, QUE INCLUYA EXAMEN OFTALMOLÓGICO CON PRESIÓN OCULAR EN PACIENTES DE 38 AÑOS Y MÁS Y DIAGNÓSTICO REFRACTIVO, CON EXTENSIÓN DE RECETA DE LENTE CORRESPONDIENTE E INFORME DE SOSPECHA DE PATOLOGÍAS ANEXAS, SI LO HUBIESE, SEGÚN SE ESRATLECE EN ESPECIFICACIONES TECNICAS ADJUNTAS. ;CLP;NO PUBLICADO;ESTIMADO;Menor a 100 UTM;SERVICIO DE SALUD CONCEPCION ARAUCO CONS
2274-11-LR25;Serv. de Aseo Clínico y no Clínico SALUD DEC 1439.;LR;Publicada y disponible para ofertar;03/04/2025 11:46:00;Adquirir el servicio de aseo clínico y no clínico para los establecimientos de Salud de la Municipalidad de la Pintana.;CLP;NO PUBLICADO;DISPONIBLE;Igual o superior a 5.000 UTM;I MUNICIPALIDAD DE LA PINTANA
1057448-12-LE25;SERVICIO ODONTOLOGICO PROGRAMA SEMBRANDO SONRISAS;LE;Publicada y disponible para ofertar;25/04/2025 08:37:42;Compra de servicios para realizar tres componentes en 1.535 niños que asisten a establecimientos educacionales de párvulos pertenecientes a instituciones: JUNJI, Fundación Integra, escuelas especiales y otras ONG Fundaciones, y a párvulos de Nivel de Transición 1 y 2 de establecimientos educacionales municipales y particular subvencionado.;CLP;NO PUBLICADO;DISPONIBLE;Entre 100 y 1000 UTM;SERVICIO DE SALUD IQUIQUE
5056-41-LP25;Convenio Exámenes de Resonancia lista de espera;LP;Publicada y disponible para ofertar;22/04/2025 10:34:00;Convenio Exámenes de Resonancia lista de espera;CLP;NO PUBLICADO;ESTIMADO;Igual o superior a 1.000 UTM e inferior a 2.000 UTM;SERVICIO DE SALUD DEL MAULE HOSPITAL DE TALCA
2963-22-LP25;ARRIENDO DE VEHICULOS SALUD 3 CAMIONETAS;LP;Publicada y disponible para ofertar;14/04/2025 16:11:00;Tres 3 vehículos tipo camioneta doble cabina, para el uso del Departamento de Administración de Salud Municipal o para el recinto de Salud municipal que ellos designen.  NOTA IMPORTANTE: POR EFECTOS DE COSTO, SÓLO SE REQUIEREN VEHÍCULOS USADOS DESDE EL AÑO 2018 HASTA EL AÑO 2025 EN USO.;CLP;NO PUBLICADO;DISPONIBLE;Igual o superior a 1.000 UTM e inferior a 2.000 UTM;I MUNICIPALIDAD DE LA GRANJA
1017312-3-LP25;SERVICIO DE TOMOGRAFÍA COMPUTARIZADA;LP;Publicada y disponible para ofertar;22/04/2025 14:26:28;Que, existe la necesidad de contar con un convenio de atención que otorguen el Servicio de Tomografía Computarizada para el Sistema de Salud Naval en la ciudad de Punta Arenas, cuando la Institución no cuente con los medios para otorgarla o éstos sean insuficientes y tampoco pueda ser brindada por los establecimientos comprendidos dentro del Sistema de Salud Naval de las Fuerzas Armadas o en organismos públicos, siendo necesario efectuar la derivación del paciente a un prestador privado en convenio.;CLP;PUBLICADO;ESTIMADO;100.000.000;DIRECCION DE ABASTECIMIENTO DE LA ARMADA
1057417-78-LE25;EXAMENES TIPO PCR;LE;Publicada y disponible para ofertar;29/04/2025 17:05:00;EL COMPLEJO ASISTENCIAL VICTOR RIOS RUIZ REQUIERE LA CONTRATACIÓN DE EXAMENES TIPO PCR;CLP;NO PUBLICADO;DISPONIBLE;Entre 100 y 1000 UTM;COMPLEJO ASISTENCIAL DR.VICTOR RIOS RUIZ
1398-36-LR25;SERVICIO DE VIGILANCIA D.S.S.;LR;Publicada y disponible para ofertar;30/04/2025 14:43:39;El Servicio de Salud O´Higgins, en adelante “El Servicio”, con la finalidad de adquirir servicio de vigilancia para el Servicio de Salud O´Higgins y la Red Asistencial, es que mediante este acto e instrumento administrativo se viene en llamar a Licitación Pública, conforme a procedimiento que regula la Ley Nº 19.886.;CLP;PUBLICADO;ESTIMADO;3.650.000.000;SERVICIO DE SALUD LIBERTADOR BDO OHIGGINS
1057545-30-LP25;Adquisición de Bajadas de Bomba de Infusión con Comodato de Equipos para Establecimientos Dependiente del Servicio de Salud Los Ríos;LP;Publicada y disponible para ofertar;24/04/2025 15:19:02;El Servicio de Salud los Ríos requiere contratar a través de un convenio de Suministro la Adquisición de Bajadas de Bomba de Infusión con Comodato de Equipos para Establecimientos Dependientes del Servicio de Salud Los Ríos.;CLP;NO PUBLICADO;ESTIMADO;Igual o superior a 1.000 UTM e inferior a 2.000 UTM;SERVICIO DE SALUD LOS RIOS
4111-5-LP25;ADQ EXAMENES DE LABORATORIOS PARA CESFAM JJA;LP;Publicada y disponible para ofertar;22/04/2025 18:21:59;ADQUISICIONES DE EXAMENES DE LABORATORIO BASICOS Y OTROS PARA USUARIOS DEL CENTRO DE SALUD FAMILIAR JOSE JOAQUIN AGUIRRE DE CALLE LARGA.;CLP;NO PUBLICADO;DISPONIBLE;Igual o superior a 1.000 UTM e inferior a 2.000 UTM;I MUNICIPALIDAD DE CALLE LARGA
591-3-LR25;POLIZA COBERTURA FINANCIERA COMPLEMENT. LEY 21674;LR;Publicada y disponible para ofertar;28/03/2025 15:22:00;Contratación competitiva del otorgamiento de la cobertura de parte de los gastos producidos por eventos en salud incluidos en el arancel de la MCC de acuerdo con lo establecido en la Ley N° 21.674, a través de un contrato de seguro ;CLP;NO PUBLICADO;ESTIMADO;Igual o superior a 5.000 UTM;FONDO NACIONAL DE SALUD
5061-32-L125;SCHC N°76 Servicio de examen  de ecotomografías mamarias para detección precoz  de cáncer de mamas en mujeres menores de 50 años, para el departamento de  salud municipal de Temuco.	;L1;Publicada y disponible para ofertar;25/04/2025 11:55:21;Servicio de examen  de ecotomografías mamarias para detección precoz  de cáncer de mamas en mujeres menores de 50 años, para el departamento de  salud municipal de Temuco, Según especificaciones técnicas ;CLP;PUBLICADO;ESTIMADO;6.780.000;I MUNICIPALIDAD DE TEMUCO
2770-57-LP25;SERVICIO DE ESTUDIO HISTOPATOLÓGICO DE BIOPSIA PARA SALA DE CIRUGÍA MENOR;LP;Publicada y disponible para ofertar;30/04/2025 09:27:01;La Dirección de Salud de la Ilustre Municipalidad de Maipú requiere contratar el servicio de procesamiento e informe de exámenes Histopatológicos de biopsia diferida para la sala de cirugía menor del programa de Resolutividad en Atención Primaria. Este servicio permitirá determinar las condiciones benignas o malignas de muestras tomadas durante procedimientos realizados a los usuarios del Sistema de Salud Público, derivados de los Centros de Salud Familiar Municipales de la Comuna. ;CLP;PUBLICADO;DISPONIBLE;77.000.000;I MUNICIPALIDAD DE MAIPU
2677-15-LE25;EXÁMENES IMÁGENES DIAGNÓSTICAS;LE;Publicada y disponible para ofertar;29/04/2025 16:39:13;Las presentes Bases de Licitación, reglamentan el proceso de llamado a Licitación Pública para la contratación del suministro de servicios de exámenes de imagenología específicos para la detección precoz y oportuna de: cáncer de mama a través de  Ecotomografías Mamarias Bilaterales  patología biliar y cáncer de vesícula mediante Ecotomografía Abdominal  y apoyo en diagnóstico radiológico ante sospecha clínica de neumonía, asma o enfermedad pulmonar crónica obstructiva mediante Radiografía de Tórax APLAT, durante el año 2025, de acuerdo a Convenio Programa Imágenes Diagnósticas en Atención Primaria de Salud emanado desde el Servicio de Salud OHiggins, denominada “Exámenes Imágenes Diagnósticas”  dependiente del Departamento de Salud de la Municipalidad de Mostazal.;CLP;NO PUBLICADO;ESTIMADO;Entre 100 y 1000 UTM;I MUNICIPALIDAD DE MOSTAZAL
1017312-6-LP25;SERVICIO DE RESONANCIA MAGNÉTICA PARA PUNTA ARENAS;LP;Publicada y disponible para ofertar;23/04/2025 14:28:23;Que, existe la necesidad de contar con un convenio de atención que otorguen el Servicio de Resonancia Magnética para el Sistema de Salud Naval en la ciudad de Punta Arenas, cuando la Institución no cuente con los medios para otorgarla o éstos sean insuficientes y tampoco pueda ser brindada por los establecimientos comprendidos dentro del Sistema de Salud de las Fuerzas Armadas o en organismos públicos, siendo necesario efectuar la derivación del paciente a un prestador privado en convenio;CLP;PUBLICADO;ESTIMADO;330.000.000;DIRECCION DE ABASTECIMIENTO DE LA ARMADA
1274285-20-LE25;Contrato suministro Servicio Mantención Ascensores;LE;Publicada y disponible para ofertar;23/04/2025 10:00:36;Contrato de suministro del servicio de Mantención Preventiva y correctiva de cinco ascensores correspondiente a centros de Salud pertenecientes a la Corporación Municipal de Educación y Salud de San Bernardo;CLP;NO PUBLICADO;DISPONIBLE;Entre 100 y 1000 UTM;CORPORACION MUNICIPAL DE EDUCACION Y SALUD DE SAN BERNARDO
1656-12-LE25;SERVICIO DE ASEO OFICINAS RANCAGUA;LE;Publicada y disponible para ofertar;29/04/2025 15:02:57;la Secretaría Regional Ministerial de Salud del Libertador Bernardo O’Higgins requiere contratar el servicio de aseo para sus oficinas ubicadas en la comuna de Rancagua;CLP;PUBLICADO;ESTIMADO;50.000.000;SUBSECRETARIA DE SALUD PUBLICA
1057544-135-LE25;Contratación de Servicios Para la Realización de Exámenes;LE;Publicada y disponible para ofertar;23/04/2025 16:13:10;La presente licitación pública tiene por objetivo contratar servicios para la toma, procesamiento, análisis e informe clínico de exámenes de pacientes usuarios del Hospital las Higueras de Talcahuano, necesarios para determinar un diagnóstico y/o tratamiento a seguir.;CLP;NO PUBLICADO;ESTIMADO;Entre 100 y 1000 UTM;SERVICIO DE SALUD DE TALCAHUANO HOSPITAL
2258-83-LQ25;COMPRA DE SERVICIOS DE INFORMES DE RADIOLOGIA PARA HRA;LQ;Publicada y disponible para ofertar;29/04/2025 16:21:31;Con el objetivo de cubrir la demanda de lecturas y realización de exámenes de radiología, de los pacientes atendidos en el establecimiento.;CLP;NO PUBLICADO;DISPONIBLE;Igual o superior a 2.000 UTM e inferior a 5.000 UTM ;SERVICIO DE SALUD ANTOFAGASTA HOSPITAL L
1017312-1-LP25;SERVICIO DE ULTRASONOGRAFÍA PARA PUNTA ARENAS;LP;Publicada y disponible para ofertar;22/04/2025 16:44:07;Que, existe la necesidad de contar con un convenio de atención que otorguen el Servicio de Ultrasonografía para el Sistema de Salud Naval en la ciudad de Punta Arenas, cuando la Institución no cuente con los medios para otorgarla o éstos sean insuficientes y tampoco pueda ser brindada por los establecimientos comprendidos dentro del Sistema de Salud de las Fuerzas Armadas o en organismos públicos, siendo necesario efectuar la derivación del paciente a un prestador privado en convenio. ;CLP;PUBLICADO;ESTIMADO;95.000.000;DIRECCION DE ABASTECIMIENTO DE LA ARMADA
1057499-23-LR25;“INFRAESTRUCTURA COMO SERVICIO IAAS MODALIDAD HÍBRIDA EN EL SERVICIO DE SALUD METROPOLITANO SUR Y ESTABLECIMIENTOS DE LA RED”;LR;Publicada y disponible para ofertar;28/04/2025 10:36:17;La presente licitación tiene como objetivo arrendar un sistema que cubra todas las necesidades estipuladas tanto en las bases técnicas como administrativas, por un período de 60 meses, de acuerdo al siguiente detalle:  ÍTEM	DESCRIPCIÓN 1	INFRAESTRUCTURA COMO SERVICIO (IAAS) MODALIDAD HÍBRIDA EN EL SERVICIO DE SALUD METROPOLITANO SUR Y ESTABLECIMIENTOS DE LA RED ;CLP;PUBLICADO;ESTIMADO;1.238.030.000;SERVICIO DE SALUD SUR UNIDAD HOSPITALARI
4127-25-LE25;[REDES] CONTRATACIÓN DEL SERVICIO DE DIPLOMADO “SEGURIDAD FUNCIONARIA PARA REFERENTES TÉCNICOS DE LAS MESAS DE SEGURIDAD EN LOS SERVICIOS DE SALUD”;LE;Publicada y disponible para ofertar;29/04/2025 12:46:58;Proporcionar a los participantes los conocimientos y habilidades necesarias para identificar, analizar y gestionar riesgos en diversos entornos de seguridad, implementando estrategias para prevenir, mitigar y responder ante amenazas de diversa índole. Enfocado para los Centros de Salud Familiar y Establecimientos Hospitalarios de la red asistencial de salud.;CLP;PUBLICADO;DISPONIBLE;37.700.000;SUBSECRETARIA DE SALUD PUBLICA
4478-3-LE25;CONVENIO DE SUMINISTRO DE MOVILIZACION PARA TRASLA;LE;Publicada y disponible para ofertar;30/04/2025 10:43:46;Las presentes bases administrativas reglamentan la Licitación Pública, la adjudicación y la contratación de un convenio de suministro para contratar a un proveedor único o a un grupo de proveedores, los cuales deberán proveer los servicios de traslados de usuario de Cecosf Elicura y de Postas de Salud Rurales de la comuna de Contulmo, pertenecientes al Departamento de Salud Contulmo. El procedimiento para la adquisición de los proponentes seleccionados para realizar una compra, dentro del marco general de esta licitación, será a través de órdenes de compra emitidas por el departamento de salud contulmo, esto de acuerdo a las necesidades y requerimientos.;CLP;NO PUBLICADO;ESTIMADO;Entre 100 y 1000 UTM;Ilustre Municipalidad de Contulmo
4465-11-LE25;COMPRA DE SERVICIOS DE EXÁMENES DE MAMOGRAFÍA PARA EL HOSPITAL SAN JUAN DE DIOS DE CURICÓ;LE;Publicada y disponible para ofertar;30/04/2025 17:15:47;Las presentes Bases Técnicas de Licitación Pública tienen la finalidad de celebrar la COMPRA DE SERVICIOS DE TOMA DE EXÁMENES DE MAMOGRAFÍA PARA EL HOSPITAL SAN JUAN DE DIOS DE CURICÓ por 18 meses o hasta el total consumo del presupuesto adjudicado, con el fin de satisfacer de manera adecuada y eficiente la labor asistencial de la Institución;CLP;NO PUBLICADO;ESTIMADO;Entre 100 y 1000 UTM;SERVICIO DE SALUD DEL MAULE HOSPITAL DE CURICO
3671-30-LE25;CAPACITACIONES PERSONAL DESAMU ;LE;Publicada y disponible para ofertar;30/04/2025 15:31:02;La I. Municipalidad de Chillán Viejo llama a Licitación Pública a través del Portal Mercado Público, para suscribir contrato “Capacitaciones Personal DESAMU” para la Municipalidad de Chillán Viejo. Para la mejora continua de las habilidades tanto técnicas como humanas entre el personal de Salud que brinda un servicio a la Comunidad de Chillán Viejo,  de acuerdo a las presentes Bases Administrativas y Técnicas. Se pretende obtener la mejor calidad y oportunidad en la prestación de los servicios requeridos.;CLP;PUBLICADO;ESTIMADO;19.600.000;ILUSTRE MUNICIPALIDAD DE CHILLAN VIEJO
2270-8-LE25;Exp. 24315 Servicio de guardias de seguridad y vigilancia Laboratori;LE;Publicada y disponible para ofertar;28/04/2025 13:06:25;La Secretaría Regional Ministerial de Salud de Tarapacá, en adelante la SEREMI de Salud, invita a participar en la presente Licitación Pública a oferentes que cuenten con experiencia y conocimiento en el rubro de seguridad y vigilancia, para la contratación del servicio de guardias de seguridad y vigilancia destinados al Laboratorio de Salud Pública Ambiental.  Las presentes bases técnicas, económicas y administrativas, tienen por objeto regular el procedimiento de licitación pública para la contratación de los servicios requeridos, considerando que la institución no cuenta con los recursos humanos especializados y disponibles para su ejecución. Asimismo, estas bases establecen los fines, condiciones y requisitos que deberán cumplirse durante el proceso de adjudicación y ejecución del contrato.   Se deja constancia que la sola presentación de una oferta implica la aceptación íntegra e incondicional de las presentes bases y todas las condiciones establecidas en ellas.;CLP;NO PUBLICADO;DISPONIBLE;Entre 100 y 1000 UTM;SUBSECRETARIA DE SALUD PUBLICA
635-53-LE25;ADQUISICIÓN DE PRESTACIONES ORTOPÉDICAS PARA USUARIOS DEL CENTRO DE SALUD AMBIENTAL S.S.A.P. AÑO 2025 OT N°1847 SEGUNDO LLAMADO;LE;Publicada y disponible para ofertar;30/04/2025 13:00:34;La presente Licitación Pública tiene como objetivo implementar una atención integral a través de la prestación a los usuarios/as del Centro de Salud, que se encuentran dentro del polígono de intervención definidas en la Ley Nº 20.590, con el propósito de mejorar su situación de salud y calidad de vida individual y familiar.;CLP;PUBLICADO;DISPONIBLE;8.000.000;SERVICIO DE SALUD DE ARICA Y PARINACOTA
3447-70-LP25;SUMINISTRO VESTIMENTA INSTITUCIONAL DEPSA;LP;Publicada y disponible para ofertar;11/04/2025 14:37:09;Art. 4º	La Municipalidad de Alto Hospicio, llama a Licitación Pública a los proveedores del rubro para celebrar contrato de SUMINISTRO DE VESTIMENTA INSTITUCIONAL PARA FUNCIONARIOS DE SALUD, DE TODOS LOS RECINTOS DEPENDIENTES DEL DEPARTAMENTO DE SALUD DE LA MUNICIPALIDAD DE ALTO HOSPICIO, con el fin de proporcionar uniformes que representen de manera adecuada y profesional a los funcionarios del Departamento de Salud. La vestimenta, tanto institucional como industrial, es fundamental para el personal de salud, ya que no solo cumple una función práctica de protección y comodidad, sino que también refuerza la imagen profesional y la confianza de la comunidad en los servicios prestados. Además, el uso de uniformes adecuados garantiza la seguridad del personal, minimizando los riesgos asociados con su labor, y fomenta un ambiente de trabajo más organizado y coherente. Lo anterior, de acuerdo con las características entregadas en las presentes Bases Administrativas y Técnicas adjuntas, en virtud de una mejor y eficiente Gestión Municipal.;CLP;NO PUBLICADO;ESTIMADO;Igual o superior a 1.000 UTM e inferior a 2.000 UTM;MUNICIPALIDAD DE ALTO HOSPICIO
1238177-2-LQ25;SEGURO COLECTIVO COMPLEMENTARIO;LQ;Publicada y disponible para ofertar;15/04/2025 17:58:00;La presente licitación, tiene como objeto disponer de un servicio de seguro complementario para los funcionarios y funcionarias de la Asociación, el cual debe contener: a	Seguro de vida: Su objeto es proteger a la familia, o a quien el asegurado haya declarado beneficiario, ante un eventual fallecimiento, aportando estabilidad económica a quienes reciban este beneficio.  b	Seguro catastrófico y complementario de salud: El Seguro Catastrófico de Salud es una cobertura diseñada para proteger financieramente a las personas ante gastos médicos extraordinarios derivados de enfermedades graves, cirugías complejas o accidentes de alto costo. Su función es cubrir aquellos montos que superan los límites de financiamiento establecidos por FONASA o las ISAPRES, evitando que el asegurado deba enfrentar gastos inasumibles.  Por otro lado, el Seguro Complementario de Salud opera como un respaldo adicional, cubriendo parcial o totalmente los costos que no son reembolsados por el sistema de salud principal. Este seguro puede incluir beneficios como copagos de consultas médicas, exámenes, hospitalizaciones, medicamentos y tratamientos específicos, mejorando el acceso a la atención médica sin afectar significativamente la economía del asegurado.  c	Seguro Dental: Su objetivo es brindar cobertura para tratamientos dentales, ayudando a reducir los costos asociados a consultas, procedimientos preventivos, reparaciones y tratamientos más complejos. Este seguro complementa la cobertura entregada por el sistema de salud en caso de contar con ella, permitiendo a los asegurados acceder a atención odontológica de calidad con menores gastos.;UF;PUBLICADO;ESTIMADO;4.079,0000;ASOCIACION DE MUNICIPIOS METROPOLITANOS PARA LA SEGURIDAD CIUDADANA
1596-3-LQ25;REP. AMBULANCIAS PARA DEPARTAMENTO DE SALUD MOLINA;LQ;Publicada y disponible para ofertar;15/04/2025 15:36:10;Adquirir 2 ambulancias 4x2 para la I. Municipalidad de Molina a través del proy.  Reposición Ambulancias para Departamento de Salud Molina, Código BIP 40.047.898-0.-;CLP;PUBLICADO;ESTIMADO;160.475.000;GOBIERNO REGIONAL VII REGION
1057898-21-LE25;ADQUISICIÓN DE MOBILIARIO INFANTIL PARA EL NUEVO HOSPITAL REGIONAL DE ÑUBLE;LE;Publicada y disponible para ofertar;24/04/2025 13:06:09;El Servicio de Salud Ñuble requiere efectuar la ADQUISICIÓN DE MOBILIARIO INFANTIL PARA EL NUEVO HOSPITAL REGIONAL DE ÑUBLE, de acuerdo a las Bases Administrativas adjuntas y sus respectivos Anexos.;CLP;PUBLICADO;DISPONIBLE;36.388.000;SERVICIO DE SALUD NUBLE
967490-8-LE25;EXÁMENES DE LABORATORIO CANINO;LE;Publicada y disponible para ofertar;24/04/2025 10:44:10;ADQUISICIÓN SERVICIO DE SUMINISTRO DE EXÁMENES DE LABORATORIO SÓLO PROCESAMIENTO DE MUESTRAS PARA EJEMPLARES CANINOS DEL GRUPO DE ADIESTRAMIENTO CANINO DE CARABINEROS DE CHILE, DEPENDIENTE DE LA ESCUELA DE ESPECIALIDADES “GENERAL OSCAR CRISTI GALLO”.;CLP;NO PUBLICADO;DISPONIBLE;Entre 100 y 1000 UTM;DIRECCION DE LOGISTICA DE CARABINEROS
3630-17-LE25;Endoscopias test ureasa y biopsias;LE;Publicada y disponible para ofertar;24/04/2025 12:49:43;Realización de gastroduodenoscopia o endoscopias digestivas altas, test de ureasa y biopsias (si el especialista lo indica) a 60 usuarios con epigastralgia, ulcera gástrica, esofagitis, ulcera duodenal, gastritis linfonodular atrófica, entre otros diagnósticos;CLP;NO PUBLICADO;DISPONIBLE;Entre 100 y 1000 UTM;I MUNICIPALIDAD DE MAFIL
4123-9-LE25;Atención Integral a Mujeres mayores de 20 años;LE;Publicada y disponible para ofertar;25/04/2025 17:00:53;ATENCION INTEGRAL: ATENCION ODONTOLOGICA INTEGRAL A MUJERES MAS SONRISAS  Y HOMBRES;CLP;PUBLICADO;DISPONIBLE;13.074.756;I MUNICIPALIDAD DE NINHUE
1180830-20-LE25;PROFESIONAL  BIOMEDICO RR.FF PP-46;LE;Publicada y disponible para ofertar;24/04/2025 11:02:55;El Servicio de Salud Antofagasta requiere la contratación de Servicios Profesionales de un Biomédico, para desarrollo de iniciativas de inversión, para la Contratación de Servicios Profesionales para Desarrollo de los Diseños para el proyecto “NORMALIZACIÓN HOSPITAL COMUNITARIO DE MEJILLONES”, BIP 30076886-0;CLP;NO PUBLICADO;DISPONIBLE;Entre 100 y 1000 UTM;SERVICIO DE SALUD ANTOFAGASTA DIRECCION
5602-21-LE25;DIFUSION REGIONAL DE SPOTS TELEVISIVOS;LE;Publicada y disponible para ofertar;25/04/2025 16:32:45;DIFUSION REGIONAL DE SPOTS TELEVISIVOS SOLICITUD N° 2025030030 RES EX N° 197;CLP;NO PUBLICADO;ESTIMADO;Entre 100 y 1000 UTM;SUBSECRETARIA DE SALUD PUBLICA
514862-33-CO25;Servicios de Gastroendoscopias SLP 10031631;CO;Publicada y disponible para ofertar;09/04/2025 15:50:24;Servicios de Gastroendoscopias SLP 10031631;CLP;PUBLICADO;ESTIMADO;60.000.000;CORPORACION MUNICIPAL DE PENALOLEN PARA EL DESARROLO SOCIAL CORMUP
1224953-10-LE25;AUDITORIA EXTERNA FINANC. Y PRESUP. CORP. ANCUD;LE;Publicada y disponible para ofertar;23/04/2025 17:38:12;LA NECESIDAD DE REALIZAR AUDITORÍA EXTERNA FINANCIERA Y PRESUPUESTARIA PARA LA CORPORACION MUNICIPAL DE ANCUD.;CLP;PUBLICADO;DISPONIBLE;15.000.000;CORP MUNICIP ANCUD PARA LA EDUCAC SALUD
3942-12-LE25;ATENCION ODONTOLOGICA INTEGRAL EN ADULTOS 60 AÑOS;LE;Publicada y disponible para ofertar;25/04/2025 09:51:31;CONVENIO SALUD BUCAL;CLP;PUBLICADO;DISPONIBLE;10.275.120;I MUNICIPALIDAD DE LEBU
3632-1-LE25;MANTENIMIENTO Y REPARACION VEHICULOS DESAM NOGALES;LE;Publicada y disponible para ofertar;25/04/2025 15:01:58;SE SOILICITA LA ADQUISICION DE SERVICIO DE MANTENIMIENTO Y REPARACION DE VEHICULOS PERTENECIENTES A DEPARTAMENTO DE SALUD, DESAM NOGALES, FLOTA COMPLETA DESCRITA EN ANEXOS. REQUISITOS: ADJUNTAR DOCUMENTACION SOLICITADA. PLAZO DE PAGO: 45 DÍAS PARA CENTROS DE SALUD.;CLP;PUBLICADO;DISPONIBLE;50.000.000;I MUNICIPALIDAD DE NOGALES
1703-9-LE25;SERVICIO DE EXAMENES MEDICOS PARA USUARIOS DEL HOSPITAL DR. MARIO SANCHEZ VERGARA;LE;Publicada y disponible para ofertar;22/04/2025 12:14:21;SERVICIO DE EXAMENES MEDICOS PARA USUARIOS DEL HOSPITAL DR. MARIO SANCHEZ VERGARA;CLP;NO PUBLICADO;ESTIMADO;Entre 100 y 1000 UTM;HOSPITAL DR MARIO SANCHEZ VERGARA LA CALERA
1057898-17-LR25;ADQUISICIÓN DE REFRIGERADORES Y CONGELADORES CLÍNICOS PARA EL NUEVO HOSPITAL REGIONAL DE ÑUBLE;LR;Publicada y disponible para ofertar;24/04/2025 13:05:18;El Servicio de Salud Ñuble requiere efectuar la adquisición de REFRIGERADORES Y CONGELADORES CLÍNICOS para el nuevo Hospital Regional de Ñuble, de acuerdo a las Bases Administrativas adjuntas y sus respectivos Anexos.;CLP;PUBLICADO;DISPONIBLE;1.043.797.000;SERVICIO DE SALUD NUBLE
1111432-31-L125;CONTRATACION DE SERVICIOS PROFESIONALES ODONTOLÓGICOS, PARA PROGRAMA “ESTRATEGIAS DE SALUD BUCAL”, COMPONENTE “ATENCION INTEGRAL A  PERSONAS CON DEPENDENCIA SEVERA Y/O SUS CUIDADORES;L1;Publicada y disponible para ofertar;29/04/2025 17:08:11;CONTRATACION DE SERVICIOS PROFESIONALES ODONTOLÓGICOS, PARA PROGRAMA “ESTRATEGIAS DE SALUD BUCAL”, COMPONENTE “ATENCION INTEGRAL A  PERSONAS CON DEPENDENCIA SEVERA Y/O SUS CUIDADORES;CLP;PUBLICADO;DISPONIBLE;6.600.000;CONSULTORIO GENERAL URBANO SAN FELIPE
1274285-28-LE25;Adquisición de materiales de construcción;LE;Publicada y disponible para ofertar;29/04/2025 16:49:23;Adqusición de materiales de construcción para habilitación de inmueble Programa AIDIA de la Corporación Municipal de Educación y Salud de San Bernardo, indicados en el formulario N°2;CLP;NO PUBLICADO;DISPONIBLE;Entre 100 y 1000 UTM;CORPORACION MUNICIPAL DE EDUCACION Y SALUD DE SAN BERNARDO
2770-30-LQ25;SERVICIO DE EXÁMENES MÉDICOS PARA ENTREGA DE BENEFICIOS SOCIALES;LQ;Publicada y disponible para ofertar;10/04/2025 17:37:18;El propósito de la presente licitación pública es apoyar a los beneficiarios con las prestaciones correspondientes a exámenes de laboratorio e imagenología con el fin de contribuir al diagnóstico y control de enfermedades de los pacientes con recursos económicos limitados.;CLP;NO PUBLICADO;DISPONIBLE;Igual o superior a 2.000 UTM e inferior a 5.000 UTM ;I MUNICIPALIDAD DE MAIPU
4042-4-LE25;Convenio suministro - Programa de Imágenes Diagnosticas en A.P.S año 2025 - 2026;LE;Publicada y disponible para ofertar;30/04/2025 12:15:41;Convenio suministro - Programa de Imágenes Diagnosticas en A.P.S año 2025 y hasta el 31 de Diciembre 2026.;CLP;PUBLICADO;ESTIMADO;20.000.000;I MUNICIPALIDAD DE FRESIA
2483-89-LE25;ADQUISICIÓN DE ELECTROCARDIÓGRAFOS PARA CENTROS DE SALUD DE LA COMUNA DE QUILICURA;LE;Publicada y disponible para ofertar;30/04/2025 11:05:24;ADQUISICIÓN DE ELECTROCARDIÓGRAFOS PARA CENTROS DE SALUD DE LA COMUNA DE QUILICURA;CLP;NO PUBLICADO;DISPONIBLE;Entre 100 y 1000 UTM;I MUNICIPALIDAD DE QUILICURA
813-57-LE25;Producción de eventos. E1O2RT9 ;LE;Publicada y disponible para ofertar;30/04/2025 09:41:30;El Instituto de Salud Pública de Chile, en adelante, e indistintamente, el “ISP”, el pasado 11 de diciembre de 2024, recibió el traspaso de la presidencia pro tempore del Grupo de Autoridades Regulatorias Nacionales de Referencia Regional de Medicamentos (ARNr), de manos de la Administración de Alimentos y Medicamentos (F.D.A), de Estados Unidos. ;CLP;PUBLICADO;DISPONIBLE;19.795.650;INSTITUTO DE SALUD PUBLICA DE CHILE
3846-20-LS11;CONTRATAR SERVICIOS ESPECIALIZADOS DE OFTALMOLOGO;LS;Publicada y disponible para ofertar;22/06/2011 16:53:05;LA MUNICIPALIDAD DE SIERRA GORDA  REQUIERE CONTRATAR PARA EL DEPARTAMENTO DE SALUD LOS SERVICIOS DE UN OFTALMOLOGO;CLP;PUBLICADO;NO ES POSIBLE DE ESTIMAR;0;Ilustre Municipalidad de Sierra Gorda
3630-18-LE25;Servicios Oftalmológicos y Lentes;LE;Publicada y disponible para ofertar;25/04/2025 08:29:13;El requerimiento corresponde a la necesidad de adquirir servicios oftalmológicos en el marco del convenio de resolutividad 2025, orientadas al diagnóstico y tratamiento de los siguientes problemas de salud ocular: vicios de refracción diagnóstico y tratamiento (lentes), entre otros.;CLP;NO PUBLICADO;DISPONIBLE;Entre 100 y 1000 UTM;I MUNICIPALIDAD DE MAFIL
5061-35-L125;SCH 93 Contratación de sistema de gestión de Bodega y dependencias del Depto. de Salud Municipal.;L1;Publicada y disponible para ofertar;24/04/2025 15:32:15;Contratación de sistema de gestión de Bodega y dependencias del Depto. de Salud Municipal. De acuerdo con especificaciones técnicas adjuntas.;CLP;PUBLICADO;ESTIMADO;5.200.000;I MUNICIPALIDAD DE TEMUCO
1057898-22-LR25;ADQUISICIÓN DE INSTRUMENTAL DE CIRUGIA TRAUMATOLÓGICA PARA EL NUEVO HOSPITAL REGIONAL DE ÑUBLE;LR;Publicada y disponible para ofertar;25/04/2025 14:52:59;El Servicio Salud Ñuble, llama a presentar ofertas mediante Licitación Pública para la “ADQUISICIÓN DE INSTRUMENTAL DE CIRUGIA TRAUMATOLÓGICA PARA EL NUEVO HOSPITAL REGIONAL DE ÑUBLE”, que será individualizado y caracterizado en el Anexo Complementario;CLP;NO PUBLICADO;ESTIMADO;Igual o superior a 5.000 UTM;SERVICIO DE SALUD NUBLE
1057402-102-LE25;SERVICIOS DE EXAMEN PLETISMOGRAFÍA DE EXTREMIDADES;LE;Publicada y disponible para ofertar;25/04/2025 14:18:53;El Hospital requiere la Contratación de Servicio de Ejecución de Examen Pletismografía de Extremidades PVR en beneficio de pacientes del Hospital Clínico de Magallanes, lo anterior, debido a que actualmente el Hospital cuenta con una alta demanda de pacientes que requieren dicho examen.;CLP;NO PUBLICADO;DISPONIBLE;Entre 100 y 1000 UTM;HOSPITAL CLINICO DE MAGALLANES DR. LAUTARO NAVARRO AVARIA
514862-40-LP25;Lic.Serv.Mamografía y Proyec.Complementia 10031802;LP;Publicada y disponible para ofertar;17/04/2025 14:33:18;SEGUN BASES DE LICITACION;CLP;PUBLICADO;ESTIMADO;128.350.000;CORPORACION MUNICIPAL DE PENALOLEN PARA EL DESARROLO SOCIAL CORMUP
3827-9-L125;Diplomado en Gestión de Salud s.c. 3708.;L1;Publicada y disponible para ofertar;28/04/2025 17:04:00;La Unidad de Capacitación, necesita adquirir Diplomado en Gestión de Salud.  Se trata de una licitación pública, con oferta bajo la forma de “Precio Unitario”, sin reajustes ni intereses, incluyendo todos los impuestos, gastos y pagos legales, expresada en moneda nacional (pesos). El proponente deberá ofertar por la totalidad del  ítem indicado.  ;CLP;NO PUBLICADO;ESTIMADO;Menor a 100 UTM;I MUNICIPALIDAD DE PADRE HURTADO
1058036-6-LE25;Convenio de Suministro Fármacos Trazodona;LE;Publicada y disponible para ofertar;30/04/2025 11:58:36;Se requiere contar con un Convenio de Suministros adquisición de Fármaco para abastecer a los Servicios Clínicos y Unidades que prestan servicios de atención abierta y cerrada a los pacientes beneficiarios del sistema de Salud. Además, permitirá también cubrir las faltas de Cenabast en proceso de Intermediación.;CLP;NO PUBLICADO;ESTIMADO;Entre 100 y 1000 UTM;SERVICIO NACIONAL DE SALUD HOSPITAL DE LOTA
1288-6-LR25;Implementación del programa de Compensaciones del proyecto de reposición con relocalización Hospital de Melipilla ;LR;Publicada y disponible para ofertar;29/04/2025 10:49:13;Implementación del programa de Compensaciones del proyecto de reposición con relocalización Hospital de Melipilla del Servicio de Salud Metropolitano Occidente;CLP;NO PUBLICADO;DISPONIBLE;Igual o superior a 5.000 UTM;SERVICIO SALUD METROPOLITANO OCCIDENTE
3651-14-L125;SER. TOMA EXAMENES  ECOTOMOGRAFIA MAMARIA;L1;Publicada y disponible para ofertar;28/04/2025 10:57:00;SER. TOMA EXAMENES  ECOTOMOGRAFIA MAMARIA;CLP;PUBLICADO;DISPONIBLE;6.035.619;I MUNICIPALIDAD DE QUILLECO
3926-16-LE25;CONTRATO DE PRESTACION DE SERVICIOS POR EXAMENES DE ENDOSCOPIAS DIGESTIVAS ALTA.;LE;Publicada y disponible para ofertar;23/04/2025 11:38:46;CONTRATO DE PRESTACION DE SERVICIOS POR EXAMENES DE ENDOSCOPIAS DIGESTIVAS, QUE PERMITA CUBRIR ADECUADAMENTE Y DISMINUIR LAS LISTAS DE ESPERA. ;CLP;PUBLICADO;DISPONIBLE;12.809.220;Ilustre Municipalidad de San Juan de la Costa
1224957-26-LR25;Guardias de Seguridad Centros de Salud Ñuñoa;LR;Publicada y disponible para ofertar;16/04/2025 15:27:48;Se requiere del servicio de guardias de seguridad para los Centros de Salud pertenecientes a la Corporación Municipal de Ñuñoa, con una vigencia de 24 meses.;CLP;PUBLICADO;DISPONIBLE;1.123.200.000;CORP MUNICIPAL DE DESARROLLO SOCIAL DE NUNOA
3577-3-LP25;SALUD ORAL 2025;LP;Publicada y disponible para ofertar;15/04/2025 18:18:51;LA DASM DE FLORIDA QUIERE DAR CUMPLIMIENTO AL PROGRAMA SALUD ORAL 2025.;CLP;NO PUBLICADO;DISPONIBLE;Igual o superior a 1.000 UTM e inferior a 2.000 UTM;I MUNICIPALIDAD DE FLORIDA
1017312-2-LP25;SERVICIO DE ANÁLISIS E INFORME DE EXÁMENES DE LABORATORIO CLÍNICO PARA POLICLÍNICO MÉD. DENTAL STGO;LP;Publicada y disponible para ofertar;22/04/2025 14:18:10;SERVICIO DE ANÁLISIS E INFORME DE EXÁMENES DE LABORATORIO CLÍNICO PARA EL POLICLÍNICO MÉDICO DENTAL DE SANTIAGO;CLP;PUBLICADO;ESTIMADO;300.000.000;DIRECCION DE ABASTECIMIENTO DE LA ARMADA
4464-29-LP25;Servicio de Mantencion Planta Térmica;LP;Publicada y disponible para ofertar;25/04/2025 16:16:32;El Hospital San Juan de Dios de Curicó necesita licitar un Convenio de Manteción preventiva y Correctiva de la Planta Térmica, para el buen funcionamiento de este recinto de salud.;CLP;NO PUBLICADO;ESTIMADO;Igual o superior a 1.000 UTM e inferior a 2.000 UTM;SERVICIO DE SALUD DEL MAULE HOSPITAL DE CURICO
1523-9-LQ25;Propuesta Pública N.º 18-25 “INFORMES DE SCANNER Y;LQ;Publicada y disponible para ofertar;21/04/2025 16:17:00;Propuesta Pública N.º 18-25 “INFORMES DE SCANNER Y RX, PARA PACIENTES DE URGENCIA DEL HOSPITAL DR. ABRAHAM GODOY PEÑA;CLP;NO PUBLICADO;DISPONIBLE;Igual o superior a 2.000 UTM e inferior a 5.000 UTM ;SERVICIO NACIONAL ARAUCANIA SUR HOSPITAL DR ABRAHAM GODOY PENA LAUTARO
1057486-16-LE25;Adquisición medicamento Salmeterol 25 mcg-dosis;LE;Publicada y disponible para ofertar;28/04/2025 10:44:53;Determinar los requisitos técnicos mínimos para satisfacer los requerimientos internos del medicamento Salmeterol 25 mcgdosis frasco de 100 – 200 dosis, que se encuentra en el programa de IRA ERA para el Servicio de Salud Metropolitano Oriente, garantizando la calidad y suministro oportuno del producto licitado.;CLP;NO PUBLICADO;ESTIMADO;Entre 100 y 1000 UTM;DIRECCION SERVICIO SALUD METROPOLITANO O
4042-6-LE25;Convenio Suministro Control de Plaga año 2025-2028;LE;Publicada y disponible para ofertar;30/04/2025 14:51:33;Convenio Suministro Control de Plaga año 2025-2028;CLP;PUBLICADO;ESTIMADO;4.000.000;I MUNICIPALIDAD DE FRESIA
1057977-6-LQ25;EJECUCION MITIGACION COSAM ALERCE;LQ;Publicada y disponible para ofertar;30/04/2025 15:32:40;EL SERVICIO DE SALUD DEL RELONCAVI LLAMA A LICITAR LAS OBRAS DE READECUACION PARA IMPLEMENTAR COSAM TRANSITORIO EN ALERCE.;CLP;PUBLICADO;ESTIMADO;478.308.000;SERVICIO SALUD DEL RELONCAVI
507428-81-LE25;SERVICIOS DE RESIDENCIA PROTEGIDA SALUD MENTAL;LE;Publicada y disponible para ofertar;30/04/2025 11:30:02;Se requiere realizar convenio por servicio de residencia protegida para usuarios de la red asistencial de Chiloé, como parte de la continuidad de cuidados para pacientes de la red.;CLP;NO PUBLICADO;DISPONIBLE;Entre 100 y 1000 UTM;SERVICIO DE SALUD CHILOE
2910-15-L125;ADQUISICION INSUMOS DENTALES;L1;Publicada y disponible para ofertar;30/04/2025 10:23:42;El Departamento de Salud Municipal de Futrono–en adelante también “DESAM” o “Depto de Salud”- llama a presentar ofertas para Adquisición de insumos dentales, año 2025.;CLP;NO PUBLICADO;ESTIMADO;Menor a 100 UTM;I MUNICIPALIDAD DE FUTRONO
3737-10-LE25;Conv. Sum. Toma Ex. Mamografia Eco Mamaria Abdominal Endosc;LE;Publicada y disponible para ofertar;21/04/2025 16:20:55;La Necesidad de contratar Servicios de Imágenes Diagnosticas y Endoscopia;CLP;PUBLICADO;DISPONIBLE;27.358.475;I MUNICIPALIDAD DE LAJA
557639-30-LE25;Servicio Impresion de papelería Centros de salud;LE;Publicada y disponible para ofertar;22/04/2025 08:58:00;Contribuir a mejorar la calidad de atención y distribución de información mediante los diferentes formularios y carnet usados como método de control de cada paciente atendidos por los centros de salud CESFAM de la comuna de Rancagua;CLP;NO PUBLICADO;DISPONIBLE;Entre 100 y 1000 UTM;CORP MUNICIPAL DE SERVICIOS PUBLICOS TRASPASADOS DE RANCAGUA
4429-29-LE25;TRATAMIENTOS ESPECIALIDADES ODONTOLOGICAS;LE;Publicada y disponible para ofertar;23/04/2025 12:26:52;TRATAMIENTO ESPECIALIDADES ODONTOLOGICAS DE ENDODONCIAS, PERIODONCIAS Y PROTESIS DENTALES PARA USUARIOS DE LOS CENTROS DE SALUD FAMILIAR DE LA COMUNA DE HUALPEN AÑO 2025;CLP;PUBLICADO;DISPONIBLE;50.309.655;MUNICIPALIDAD DE HUALPEN
4584-8-L125;IMAGENES DIAGNOSTICAS EN APS DEPARTAMENTO DE SALUD 2025;L1;Publicada y disponible para ofertar;25/04/2025 10:10:03;LA NECECIDAD DE REALIAZR LICITACION POR LOS SERVICIOS DE IMAGENES DIAGNOSTICAS PARA ESTACIONES Y POSTA DE SALUD RURAL DE LA COMUNA DE MARCHIGUE;CLP;NO PUBLICADO;DISPONIBLE;Menor a 100 UTM;I MUNICIPALIDAD DE MARCHIGUE
2395-22-L125;(Sol. Ped. 366) Mantenimiento Preventivo y Correctivo de Redes de Oxigeno, Recintos de Salud;L1;Publicada y disponible para ofertar;25/04/2025 12:25:17;Mantenimiento Preventivo y Correctivo de Redes de Oxigeno, Recintos de Salud;CLP;PUBLICADO;DISPONIBLE;6.500.000;I MUNICIPALIDAD PEDRO AGUIRRE CERDA
3780-2-LE25;Internet Depto. SP N 2 Fabiola Sanhueza.;LE;Publicada y disponible para ofertar;28/04/2025 12:21:41;Abastecer del servicio de internet al Departamento de Salud de la comuna de Yerbas Buenas, por un período de 36 meses.;CLP;PUBLICADO;ESTIMADO;11.800.000;Ilustre Municipalidad de Yerbas Buenas
2735-44-LR25;PRESTACIONES AMBULATORIAS MUN. LO BARNECHEA;LR;Publicada y disponible para ofertar;10/04/2025 17:44:00;A través de la presente licitación pública, la Municipalidad de Lo Barnechea requiere contar con la mayor cantidad de prestaciones posibles, dentro de un universo de 614 prestaciones médicas, para los vecinos inscritos en el Programa “Más Salud Contigo” o el programa que lo reemplace.   Todo esto conforme al lo detallado en las bases administrativas y técnicas que regulan la presente convocatoria.;CLP;NO PUBLICADO;DISPONIBLE;Igual o superior a 5.000 UTM;I MUNICIPALIDAD LO BARNECHEA
514862-45-LE25;SERVICIOS DE RADIOGRAFIA DE TORAX 10031793;LE;Publicada y disponible para ofertar;29/04/2025 16:47:05;SEGUN BASES ADJUNTAS;CLP;PUBLICADO;DISPONIBLE;550.000.000;CORPORACION MUNICIPAL DE PENALOLEN PARA EL DESARROLO SOCIAL CORMUP
1298355-9-L125;NORMALIZACIÓN Y SANEAMIENTO INSTALACIÓN SANITARIA;L1;Publicada y disponible para ofertar;29/04/2025 16:33:35;LA CORPORACIÓN MUNICIPAL DE MELIPILLA REQUIERE DEL SERVICIO DE NORMALIZACIÓN Y SANEAMIENTO INSTALACIÓN SANITARIA PARA CESFAM SN MANUEL DE LA DIRECCIÓN DE SALUD DE LA CORPORACIÓN MUNICIPAL DE MELIPILLA.;CLP;NO PUBLICADO;DISPONIBLE;Menor a 100 UTM;CORP MUNICIPAL MELIPILLA PARA LA ED SALUD
2825-28-LE25;SERVICIO DE ECOTOMOGRAFIAS ABDOMINALES Y MAMOGRAFIAS;LE;Publicada y disponible para ofertar;29/04/2025 09:01:41;SERVICIO DE ECOTOOGRAFIAS ABDOMINALES Y SERVICIO DE MAMOGRAFIAS PARA PACIENTES DEL DEPARTAMENTO DE SALUD, POR PROGRAMA IMAGENES DIAGNOSTICAS;CLP;NO PUBLICADO;ESTIMADO;Entre 100 y 1000 UTM;I MUNICIPALIDAD DE CONSTITUCION
1070329-10-LE25;SEGUNDO LLAMADO LABORATORIO DE PROTESIS AÑO 2025-2;LE;Publicada y disponible para ofertar;30/04/2025 15:35:05;El Servicio de Salud Talcahuano, requiere la compra del servicio de confección de prótesis acrílicas y metálicas asociadas a Programa GES Salud Oral, componente Salud Oral Integral en Personas de 60 años y Programa Odontológico Integral, en su componente Atención Odontológica Integral a Mujeres Más sonrisas, para usuarios del CESFAM Lirquén.;CLP;NO PUBLICADO;ESTIMADO;Entre 100 y 1000 UTM;CESFAM LIRQUEN
3786-3-LE25;Mejoramiento del Acceso - Morbilidad 2025;LE;Publicada y disponible para ofertar;30/04/2025 15:32:35;El objetivo de la licitación pública es contratar el servicio de atención odontológica, que se ejecutará a través del Departamento de Salud, de la Municipalidad de Coelemu.  Contratación de odontólogo para la realización de 1.935 atenciones recuperativas de odontología general, en un periodo de 09 meses (215 atenciones mensuales mínimo).;CLP;PUBLICADO;DISPONIBLE;14.400.000;I MUNICIPALIDAD DE COELEMU
1627-30-LQ25;PRESTACIÓN DE SERVICIOS EXTERNOS DE INFORMES DE TELE-RADIOLOGÍA PARA TOMOGRAFÍA AXIAL COMPUTARIZADA TAC Y DE MAMOGRAFÍA PARA EL SERVICIO DE IMAGENOLOGIA DEL HOSPITAL DE SAN FERNANDO.;LQ;Publicada y disponible para ofertar;16/04/2025 12:05:52;PRESTACIÓN DE SERVICIOS EXTERNOS DE INFORMES DE TELE-RADIOLOGÍA PARA TOMOGRAFÍA AXIAL COMPUTARIZADA (TAC) Y DE MAMOGRAFÍA, PARA EL SERVICIO DE IMAGENOLOGIA, DEL HOSPITAL DE SAN FERNANDO.;CLP;NO PUBLICADO;ESTIMADO;Igual o superior a 2.000 UTM e inferior a 5.000 UTM ;SERVICIO DE SALUD HOSPITAL DE SAN FERNANDO
552975-25-LE25;SERVICIO OTORRINOLARINGOLOGÍA;LE;Publicada y disponible para ofertar;29/04/2025 13:00:13;La Corporación de Desarrollo Social de Providencia, en adelante la “CORPORACIÓN”, llama a licitación pública denominada: “SUMINISTRO DE SERVICIOS DE OTORRINOLARINGOLOGÍA PARA USUARIOS DE CENTROS DE SALUD DEPENDIENTES DE LA CORPORACIÓN DE DESARROLLO SOCIAL DE PROVIDENCIA”, la que tiene por objeto contribuir a mejorar la capacidad resolutiva de la Red Asistencial, perfeccionar el acceso, oportunidad y resolutividad con calidad técnica, potenciando a la Atención Primaria de Salud en sus aspectos preventivos, asistenciales, pertinencia diagnóstica y de derivación, enmarcado en el Modelo de Salud Integral con Enfoque Familiar, y además:  •	Disminuir los tiempos de espera de consulta de especialidad otorrinolaringológica.  •	Mejorar la oportunidad de acceso a la especialidad de otorrinolaringología.  •	Aumentar la resolutividad local a través de atención especializada integral en la APS Atención Primaria de Salud.  Se requieren los siguientes servicios:  -	Consulta de otorrinolaringología. -	Examen de audiometría. -	Examen Impedanciometría. -	Examen VII par. -	Audífonos Excepto a usuarios igual o mayor de 65 años con Hipoacusia Bilateral.;CLP;NO PUBLICADO;DISPONIBLE;Entre 100 y 1000 UTM;CORP DE DESARROLLO SOCIAL DE PROVIDENCIA
1237328-56-LE25;SERVICIO DE RETIRO REAS EN CENTROS DE SALUD;LE;Publicada y disponible para ofertar;28/04/2025 10:10:36;Contar con servicio de manejo de Residuos de Establecimientos de Atención de Salud (REAS), generados por el Área de Salud de la Corporación Municipal de Punta Arenas, ante la necesidad de prevenir y controlar los riesgos provenientes de los residuos que se generan en los Establecimientos de Atención de Salud respecto tanto de los usuarios como de quienes se desempeñan funciones en ellos, de quienes participan directamente en el manejo de los mismos y de la población en general, cumpliendo de esta manera con las normativas vigentes: DS N°6/2009 del Ministerio de Salud “Reglamento Sobre Manejo de Residuos de Establecimientos de Atención de Salud” (REAS).  ;CLP;NO PUBLICADO;ESTIMADO;Entre 100 y 1000 UTM;CORP MUNICIPAL DE PUNTA ARENAS PARA LA EDUCACION SALUD Y AT AL MENOR
1057414-9-LP25;CONVENIO DE SUMINISTRO DE CINTAS DE GLICEMIA;LP;Publicada y disponible para ofertar;14/04/2025 13:57:48;Mediante la presente, se pretende establecer las disposiciones que regirán la adquisición de cintas de glicemia, con entrega de equipos de medición en comodato para el Servicio de Salud Biobío, según Solicitud de adquisición N° 14. Folio BDSS210571, emitida por el Departamento de Redes y Especialidades del Servicio de Salud Biobío, por el periodo de 24 meses.;CLP;NO PUBLICADO;DISPONIBLE;Igual o superior a 1.000 UTM e inferior a 2.000 UTM;SERVICIO DE SALUD BIO BIO
757-19-CO25;[DIPOL] ANÁLISIS E INFORME DE RESULTADOS DE LAS MUESTRAS DEL PLAN DE VIGILANCIA DE METALES PESADOS EN PRODUCTOS DEL MAR 2025-2026;CO;Publicada y disponible para ofertar;16/04/2025 08:38:30;Productos o servicios requeridos son: • Análisis de muestras de productos del mar (Pescados, mariscos y algas) para la detección de metales pesados (Hg, Cd, Pb, As, arsénico inorgánico y metil mercurio) • Informes de ensayo con los resultados a las mues;CLP;PUBLICADO;DISPONIBLE;68.000.000;SUBSECRETARIA DE SALUD PUBLICA
900-18-LE25;Programa Anual de Capacitación Año 2025;LE;Publicada y disponible para ofertar;25/04/2025 12:06:03;Las presentes Bases Administrativas Generales se aplicarán en el proceso de llamado a Propuesta Pública de la licitación denominada “Programa Anual de Capacitación Año 2025 para Funcionariosas de la Ley N°18.834 del Hospital Psiquiátrico del Salvador”.;CLP;PUBLICADO;ESTIMADO;16.050.292;SERVICIO DE SALUD VALPARAISO SAN ANTONIO
588809-7-LE25;EVALUACIONES MÉDICAS PIE 2025;LE;Publicada y disponible para ofertar;25/04/2025 12:29:38;Servicio de “Evaluaciones Médicas PIE 2025” en el contexto de una educación integral e inclusiva de calidad  y gestión efectiva en el proceso de ingreso al Programa de Integración Escolar PIE y de conformidad con la normativa vigente establecida en el Decreto 1702009, cuyo objetivo es garantizar el acceso a una educación de alto estándar y cumplir con el principio de igualdad de oportunidades. La Corporación de Educación requiere identificar de manera formal y profesional a aquellos estudiantes que presentan necesidades educativas especiales de carácter transitorio y permanente, con el propósito de brindar los apoyos y recursos necesarios a dichos estudiantes. Las especialidades requeridas son: Médico de Familia yo Pediatría , Neurólogo Infanto Juvenil, Neurólogo o Psiquiatra Adulto.;CLP;PUBLICADO;DISPONIBLE;37.920.000;CORPORACION MUNIC DE EDUC SALUD ATENCION
629373-4-LR25;SERVICIO DE ASEO CLÍNICO Y NO CLÍNICO;LR;Publicada y disponible para ofertar;17/04/2025 16:45:00;CONVENIO DE SUMINISTRO SERVICIO DE ASEO CLÍNICO Y NO CLÍNICO  LIMPIEZA, DESINFECCIÓN Y SANITIZACIÓN PARA CENTROSDISPOSITIVOS DE SALUD DE LA DIRECCIÓN DE SALUD DE LA CORPORACIÓN MUNICIPAL DE SAN MIGUEL;CLP;PUBLICADO;DISPONIBLE;1.000.000.000;CORP MUNICIPAL DE SAN MIGUEL
2013-2-LR25;SEGURO COMP. SALUD DENTAL CATASTROFICO Y VIDA;LR;Publicada y disponible para ofertar;11/04/2025 09:22:00;La UNAP  invita a todos los proveedores , a participar en la licitación pública denominada “CONTRATACIÓN DE SEGURO COMPLEMENTARIO   DE SALUD, CON ADICIONAL DENTAL, CATASTRÓFICO 	Y VIDA, PARA EL SERVICIO DE BIENESTAR DE PERSONAL DE LA UNIVERSIDAD ARTURO PRAT”. Esta tiene por objeto convocar a los proveedores que presten los servicios para ser destinados a los socios del Bienestar de Personal de la Universidad Arturo Prat y sus cargas familiares, sean de centros o sede de la Institución.;CLF;NO PUBLICADO;ESTIMADO;Igual o superior a 5.000 UTM;UNIVERSIDAD ARTURO PRAT
734-70-LR24;-Construcción CESFAM Coyhaique con SAR Adosado;LR;Publicada y disponible para ofertar;01/10/2024 19:15:00;El objetivo es la ejecución del Proyecto de CONSTRUCCIÓN CESFAM COYHAIQUE CON SAR ADOSADO, y de esta forma dar respuesta a las necesidades y requerimientos de la red asistencial y a las exigencias de una creciente demanda de sus usuarios por más y mejores prestaciones de salud, haciéndose imperiosa su materialización.;CLP;PUBLICADO;ESTIMADO;21.006.828.000;SERVICIO DE SALUD AYSEN CARLOS IBANEZ DEL CAMPO
1271178-11-LQ25;Servicio de Imágenes Diagnósticas;LQ;Publicada y disponible para ofertar;23/04/2025 17:07:28;La Corporación Municipal de Desarrollo Social de Macul, en adelante la “Corporación”, a través de las presentes bases, tiene como propósito contratar el servicio de diagnóstico por imágenes y contribuir a la detección precoz y el tratamiento oportuno de cáncer de mama, cáncer de vesícula, displasia luxante de caderas, neumonía adquirida en la comunidad, asma y enfermedad pulmonar obstructiva crónica, mediante el acceso a exámenes de imagenología para los Centros de Salud bajo dependencia de la Corporación, según se detallan en las presentes bases técnicas, con el objetivo de cumplir con los programas de Imágenes Diagnósticas.;CLP;NO PUBLICADO;DISPONIBLE;Igual o superior a 2.000 UTM e inferior a 5.000 UTM ;CORPORACION MUNICIPAL DE DESARROLLO SOCIAL DE MACUL
4457-6-LE25;CONTRATO SUMINISTRO DE INSUMOS ASEO PARA SALUD;LE;Publicada y disponible para ofertar;23/04/2025 10:07:00;CONTRATO SUMINISTRO DE MATERIALES E INSUMOS   DE ASEO PARA LAS DEPENDENCIAS DE DIRECCION DE SALUD MUNICIPAL SOLICITUD DE ADQUISICIONES N 30 ID DOC 847657 DE FECHA 06.03.2025;CLP;PUBLICADO;ESTIMADO;30.000.000;I MUNICIPALIDAD DE HUALQUI
1057550-6-LE25;Servicios de Mamografias y Ecotomografias de Mama;LE;Publicada y disponible para ofertar;25/04/2025 14:58:05;El Hospital de Corral requiere la compra de Servicios de un Médico Radiólogo para la realización de 240 exámenes de Mamografías y 200 Ecotomografías de Mamas, ambos con informes, para la detección precoz y oportuna de cáncer de mama, a través de servicios de imágenes mamarias. destinado a usuarias del Hospital de Corral, de acuerdo a lo que indican las bases técnicas.;CLP;NO PUBLICADO;ESTIMADO;Entre 100 y 1000 UTM;SERVICIO DE SALUD VALDIVIA HOSPITAL DE C
2410-119-LE24;Adquisición de Accesorios para Monitores Desfibriladores y Monitores Multiparámetro de la Municipalidad de Los Ángeles Área Salud.;LE;Publicada y disponible para ofertar;14/04/2025 17:27:00;Las presente Adquisición de canasta completa de accesorios son para velar por el correcto y eficiente funcionamiento de los monitores desfibriladores y monitores multiparámetro para así poder brindar la mejor atención de los usuarios en los diferentes servicios de salud pertenecientes a la Municipalidad de Los Ángeles, Área Salud.;CLP;PUBLICADO;ESTIMADO;10.000.000;I MUNICIPALIDAD DE LOS ANGELES
1062448-8-LE25;COMPRA DE EXAMENES DE MAMOGRAFIAS Y ECO MAMARIAS;LE;Publicada y disponible para ofertar;21/04/2025 16:29:44;El CESFAM Violeta Parra de Chillán, Establecimiento Asistencial Docente de la Red del Servicio de Salud Ñuble, requiere suscribir convenio para la realización exámenes de Mamografías y Ecotomografías mamarias a pacientes del CESFAM Violeta Parra y CECOSF Padre Hurtado, en las cantidades estimadas solicitadas y forma de entrega indicada en las presentes Bases Administrativas y Bases Técnicas.;CLP;PUBLICADO;ESTIMADO;50.000.000;CONSULTORIO GENERAL URBANO VIOLETA PARRA
1075337-18-LE25;Ss.Traslado para Programa de Salud Mapuche H.Angol;LE;Publicada y disponible para ofertar;29/04/2025 10:54:04;El objetivo de la presente licitación pública es la contratación de los servicios de traslados para usuarios del Programa de Salud Mapuche del Hospital Dr. Mauricio Heyermann Torres de Angol.;CLP;PUBLICADO;ESTIMADO;50.200.000;SERVICIO DE SALUD ARAUCANIA NORTE HOSPITAL DE ANGOL
2332-48-LE25;ADQ. Ss DE TELEMEDICINA PARA DESAM;LE;Publicada y disponible para ofertar;30/04/2025 17:02:47;El Departamento de Salud Municipal de Puerto Montt, dentro de su estrategia de compra, llama a participar en la Licitación Pública para la “ADQUISICION DE SERVICIO DE TELEMEDICINA PARA LOS ESTABLECIMIENTOS DE LA RED APS DE PUERTO MONTT”,  para el departamento de Salud Municipal de Puerto Montt.  El objetivo principal de la telemedicina es mejorar el acceso a la atención médica, aprovechando las tecnologías de la información y la comunicación para ofrecer consultas y servicios médicos a distancia, cuyo detalle y especificaciones se encuentran explicitadas en las presentes bases de la licitación.;CLP;NO PUBLICADO;DISPONIBLE;Entre 100 y 1000 UTM;I MUNICIPALIDAD DE PUERTO MONTT
1947-57-LP25;PERSONAL DE ENFERMERÍA CON EL FIN DE  AGILIZAR RESOLUCION DE LISTA DE ESPERA QUIRURGICA GES Y NO GES DEL HOSPITAL DE NIÑOS DR. ROBERTO DEL RÍO;LP;Publicada y disponible para ofertar;30/04/2025 17:01:15;CONTRATACIÓN DE PERSONAL DE ENFERMERÍA CON EL FIN DE AGILIZAR RESOLUCION DE LISTA DE ESPERA QUIRURGICA GES Y NO GES DEL HOSPITAL DE NIÑOS DR. ROBERTO DEL RÍO. ;CLP;NO PUBLICADO;DISPONIBLE;Igual o superior a 1.000 UTM e inferior a 2.000 UTM;SERVICIO DE SALUD NORTE HOSPITAL ROBERTO DEL RIO
507428-71-LE25;CONSULTORIA ADECUACION DISEÑO POSTA NATRI;LE;Publicada y disponible para ofertar;17/04/2025 09:41:09;Que, existe convenio mandato de fecha 02 de octubre  de 2024 celebrado entre el Gobierno Regional de los Lagos (GORE) y el Servicio de Salud Chiloé, destinado a financiar el proyecto de inversión denominado “REPOSICION POSTA SALUD RURAL NATRI código BIP N° 40013031-0.;CLP;NO PUBLICADO;DISPONIBLE;Entre 100 y 1000 UTM;SERVICIO DE SALUD CHILOE
1057415-32-LE25;CONVENIOS PRAPS ODONTOLOGICOS;LE;Publicada y disponible para ofertar;25/04/2025 09:23:10;Que, la Unidad de Abastecimiento del Hospital Familiar Comunitario de Nacimiento ha recibido solicitud de adquisición N°34560, emitida por el Servicio Dental, quien solicita se realice convenio de PRAPS Programa de Reforzamiento de la Atención Primaria en Salud odontológicos.;CLP;PUBLICADO;DISPONIBLE;66.142.148;SERVICIO SALUD BIO BIO HOSPITAL NACIMIENTO
1947-49-LP25;810 CONTRATACIÓN DEL SERVICIO DE NEUROMONITOREO INTRAOPERATORIO PARA LA UNIDAD DE PRODUCCIÓN QUIRÚRGICA DEL HOSPITAL DE NIÑOS DR. ROBERTO DEL RÍO [NDJ];LP;Publicada y disponible para ofertar;23/04/2025 11:06:06;El Hospital de Niños Dr. Roberto del Rio para dar cumplimiento a las funciones, requiere la CONTRATACIÓN DEL SERVICIO DE NEUROMONITOREO INTRAOPERATORIO PARA LA UNIDAD DE PRODUCCIÓN QUIRÚRGICA, por un periodo de 24 meses.;CLP;PUBLICADO;DISPONIBLE;200.000.000;SERVICIO DE SALUD NORTE HOSPITAL ROBERTO DEL RIO
507428-70-LE25;CONSULTORIA ADECUACION DISEÑO POSTA CALEN;LE;Publicada y disponible para ofertar;22/04/2025 16:37:00;Que, existe convenio mandato de fecha 24 de marzo de 2025 celebrado entre el Gobierno Regional de los Lagos GORE y el Servicio de Salud Chiloe, destinado a financiar el proyecto de inversión denominado “REPOSICION POSTA SALUD RURAL CALEN, COMUNA DE DALCAHUE” código BIP N° 40061640-0.;CLP;NO PUBLICADO;DISPONIBLE;Entre 100 y 1000 UTM;SERVICIO DE SALUD CHILOE
1057508-39-LE25;CONVENIO SERVICIO CONTROL DE PLAGAS;LE;Publicada y disponible para ofertar;29/04/2025 15:29:40;El Servicio de Salud Ñuble requiere la contratación del servicio de control de plagas desratización, sanitización, desinsectación, control de otros vectores, poda y control plagas y mantención de espacios destinados a usuarios para las dependencias del Servicio de Salud Ñuble, por un periodo de 24 meses, de acuerdo a las presentes bases administrativas y técnicas.;CLP;PUBLICADO;ESTIMADO;48.000.000;SERVICIO DE SALUD NUBLE
1057508-36-LQ25;CONVENIO SERVICIO DE TRASLADO DE PACIENTES Y FUNCIONARIOS DEL SERVICIO DE SALUD ÑUBLE;LQ;Publicada y disponible para ofertar;23/04/2025 14:53:25;El Servicio de Salud Ñuble requiere contratar los servicios de traslado de personas (pacientes y funcionarios), los cuales no pueden ser cubiertos por la flota vehicular institucional. Dichos traslados se considerarán dentro y fuera de la Región de Ñuble. Para tales efectos el proveedor deberá considerar en su oferta los valores por km, por días de trabajo, con/sin pernoctación, por un periodo de 24 meses, de acuerdo a lo establecido en las presentes bases administrativas y técnicas.;CLP;NO PUBLICADO;ESTIMADO;Igual o superior a 2.000 UTM e inferior a 5.000 UTM ;SERVICIO DE SALUD NUBLE
937232-37-CO25;SERVICIO DE LAVADO DE ROPA HOSPITALARIA POR 24 MES;CO;Publicada y disponible para ofertar;24/04/2025 17:22:31;1.1.	Objetivo EL CRS HPC requiere Contratar el Servicio de Lavado de Ropa Hospitalaria para la gestión y funcionamiento de las unidades clínicas del CRS Hospital Provincia Cordillera, con los siguientes objetivos:  ●	Mantener de ropa hospitalaria lavada, planchada, doblada, clasificada, empaquetada en bolsa transparente y libre de cualquier materia orgánica visible.  ●	Lavar con productos químicos aprobados por la autoridad competente, que aseguren la destrucción de gérmenes en la ropa, con el objeto de prevenir las infecciones asociadas a la atención de salud.  ●	Asegurar el retiro y entrega de ropa hospitalaria al CRS Hospital Provincia Cordillera.  ●	Dar cumplimiento a la legislación vigente y las regulaciones del establecimiento de salud;CLP;NO PUBLICADO;DISPONIBLE;Igual o superior a 100 UTM e inferior a 1000 UTM;CENTRO DE REFERENCIA DE SALUD HOSPITAL PROVINCIA CORDILLERA
564953-63-LE25;SERVICIO DE MANTENCIÓN EQUIPOS DE CLIMA CORP LC;LE;Publicada y disponible para ofertar;21/04/2025 16:48:48;La Corporación de Educación y Salud de Las Condes requiere contratar el servicio de mantención preventiva de los equipos de aire acondicionado ubicados en los establecimientos de educación y salud de la comuna con la finalidad de garantizar el correcto funcionamiento. La duración del servicio será de 12 meses, pudiendo extenderse a 24 meses según evaluación.;CLP;PUBLICADO;ESTIMADO;43.000.000;Corporación de Educación y Salud de Las Condes
619133-98-LP25;COMPRA DE INTERCONSULTAS A SUBESPECIALIDAD DE ANATOMÍA PATOLÓGICA HOSPITAL SAN CAMILO;LP;Publicada y disponible para ofertar;22/04/2025 17:07:12;Las presentes Bases Administrativas rigen el llamado a licitación pública “COMPRA DE INTERCONSULTAS A SUBESPECIALIDAD DE ANATOMÍA PATOLÓGICA HOSPITAL SAN CAMILO”, ubicado en Av. Miraflores 2085 San Felipe, Quinta región, aplicando los procedimientos establecidos en la Ley de Compras N° 19.886 de la Administración Pública.;CLP;NO PUBLICADO;DISPONIBLE;Igual o superior a 1.000 UTM e inferior a 2.000 UTM;SERVICIO SALUD SAN FELIPE LOS ANDES HOSP
1057544-134-LE25;CONTRATACIÓN DE SERVICIOS DE PERSONAL CLÍNICO Y ADMINISTRATIVO PARA EL C.R. EMERGENCIA DEL HOSPITAL LAS HIGUERAS;LE;Publicada y disponible para ofertar;23/04/2025 15:25:43;contratar servicios clínicos no médico y administrativos, para reforzar la gestión del C.R. Emergencia del Hospital las Higueras.;CLP;NO PUBLICADO;DISPONIBLE;Entre 100 y 1000 UTM;SERVICIO DE SALUD DE TALCAHUANO HOSPITAL
1058134-65-LQ25;CONVENIO SUMINISTRO MEDICAMENTOS COMPRIMIDOS 2-25;LQ;Publicada y disponible para ofertar;28/04/2025 16:15:26;CONVENIO SUMINISTRO MEDICAMENTOS COMPRIMIDOS 2-2025 PARA EL HOSPITAL BASE VALDIVIA;CLP;PUBLICADO;ESTIMADO;177.000.000;SERVICIO DE SALUD VALDIVIA HOSPITAL BASE
1057499-18-LQ25;CONVENIO DE SUMINISTRO CONTINUO DE VILDAGLIPTINA CM 50 MG Y DAPAGLIFLOZINA 10 MG COMPRIMIDOS O EMPAGLIFLOZINA 10 MG PARA LA ATENCION PRIMARIA DE SALUD DEL SSMS;LQ;Publicada y disponible para ofertar;17/04/2025 11:11:47;La presente licitación tiene como objetivo realizar un convenio de suministro continuo por los medicamentos correspondientes a Vildagliptina y Dapagliflozina 10 mg o Empagliflozina 10 mg, es decir, el Servicio de Salud establece un presupuesto global y de este se van descontando los medicamentos solicitados, sin definir cantidades. Es, por lo anterior, que se adjudicará a un único proveedor por ítem, por el monto disponible indicado en el numeral 1.2 de las bases administrativas. Los oferentes deberán indicar el valor unitario por comprimido de cada medicamento - el cual deben mantener a lo largo del convenio – y del monto adjudicado se irá descontando ese valor, acorde a las cantidades que se vayan solicitando en el periodo contractual.;CLP;NO PUBLICADO;DISPONIBLE;Igual o superior a 2.000 UTM e inferior a 5.000 UTM ;SERVICIO DE SALUD SUR UNIDAD HOSPITALARI
4457-15-LE25;CONTRATO SERVICIO CONTROL DE PLAGAS;LE;Publicada y disponible para ofertar;17/04/2025 15:15:00;CONTRATO DE SERVICIO CONTROL DE PLAGAS EN LAS DEPENDENCIAS DE SALUD MUNICIPAL.  SOLICITUD DE ADQUISICIONES N° 16 ID DOC 851374 DE FECHA 06.03.2025;CLP;PUBLICADO;ESTIMADO;8.000.000;I MUNICIPALIDAD DE HUALQUI
898-74-LE25;Servicios de Informes EEG Adulto Pediátrico;LE;Publicada y disponible para ofertar;30/04/2025 10:27:10;“Servicios de Informes EEG Adulto Pediátrico para pacientes beneficiarios del establecimiento”, la necesidad de dar continuidad al servicio con el objeto de que los pacientes, tengan una eficiente atención en cuanto a calidad de las atenciones médicas.;CLP;PUBLICADO;DISPONIBLE;40.000.000;SERVICIO DE SALUD VALPARAISO SAN ANTONIO
2122-10-LE25;SERVICIOS DE ACTUALIZACION DE BASES DE DATOS;LE;Publicada y disponible para ofertar;29/04/2025 09:59:54;la Secretaría Regional Ministerial de Salud de la región de Antofagasta, requiere los servicios de actualización de la base de datos de registro poblacional de cáncer de la región de Antofagasta de los años 2018 y 2022.;CLP;PUBLICADO;ESTIMADO;17.500.000;SUBSECRETARIA DE SALUD PUBLICA
3901-9-L125;SUMINISTRO MATERIAL DE IMPRENTA DEPTO SALUD MUN;L1;Publicada y disponible para ofertar;29/04/2025 13:59:59;La I. Municipalidad de Bulnes, a través del Departamento de Salud Municipal, llama a licitación pública, para contratar el Suministro Material de Imprenta para el Departamento de Salud Municipal de Bulnes, durante el año 2025, de acuerdo a  las presentes bases administrativas generales, requerimientos técnicos y anexos, las que establecen las normas y condiciones que regulan el proceso de Licitación Pública.;CLP;NO PUBLICADO;ESTIMADO;Menor a 100 UTM;I MUNICIPALIDAD DE BULNES
1947-96-LP25;CONTRATACIÓN DEL SERVICIO DE HOSPITALIZACIÓN PARA PACIENTES CON PATOLOGÍAS RESPIRATORIAS CRÓNICAS CON O SIN VENTILACIÓN PARA EL HOSPITAL DE NIÑOS DR. RBOERTO DEL RÍO;LP;Publicada y disponible para ofertar;30/04/2025 17:18:22;CONTRATACIÓN DEL SERVICIO DE HOSPITALIZACIÓN PARA PACIENTES CON PATOLOGÍAS RESPIRATORIAS CRÓNICAS CON O SIN VENTILACIÓN PARA EL HOSPITAL DE NIÑOS DR. RBOERTO DEL RÍO;CLP;NO PUBLICADO;DISPONIBLE;Igual o superior a 1.000 UTM e inferior a 2.000 UTM;SERVICIO DE SALUD NORTE HOSPITAL ROBERTO DEL RIO
2308-37-LR25;CONTRATACIÓN DE SERVICIO COMPLEMENTARIO DE SALUD Y SEGURO DE VIDA;LR;Publicada y disponible para ofertar;09/04/2025 11:24:46;La licitación consiste en la “Contratación de seguro complementario de salud y vida Servicio de Bienestar I.M.O. para funcionarios municipales y sus cargas familiares socios del Servicio de Bienestar de la Municipalidad de Osorno, por un periodo de 24 meses se deberá ejecutar conforme a los requerimientos establecidos en las presentes bases administrativas y especificaciones técnicas adjuntas;CLF;NO PUBLICADO;DISPONIBLE;Igual o superior a 5.000 UTM;I MUNICIPALIDAD DE OSORNO
619133-104-LP25;COMPRA EXAMENES II LABORATORIO HOSPITAL SAN CAMILO;LP;Publicada y disponible para ofertar;29/04/2025 14:05:52;Las presentes Bases Administrativas rigen el llamado a licitación pública “COMPRA EXAMENES II DE LABORATORIO  PARA HOSPITAL SAN CAMILO”, ubicado en Av. Miraflores 2085 San Felipe, Quinta región, aplicando los procedimientos establecidos en la Ley de Compras N° 19.886 de la Administración Pública.;CLP;NO PUBLICADO;DISPONIBLE;Igual o superior a 1.000 UTM e inferior a 2.000 UTM;SERVICIO SALUD SAN FELIPE LOS ANDES HOSP
1509-54-LE25;ARRIENDO GRUPO ELECTROGENO;LE;Publicada y disponible para ofertar;24/04/2025 12:48:19;El Hospital de Til Til requiere el arriendo de grupo electrogeno para Cesfam de Huertos Familiares,esto en contexto a convenio entre Hopsital de Til Til y Corporacion de Salud municipal de Til Til. Segun memorandum N 46 enviado por encragada de unidad de logistica y providencia N 606 autorizando el arriendo.;CLP;NO PUBLICADO;DISPONIBLE;Entre 100 y 1000 UTM;SERVICIO DE SALUD METROPOLITANO NORTE HOSPITAL DE TIL TIL
1057420-20-L125;ADQUISICION DE PRESTACIONES ODONTOLÓGICAS PARA LA EJECUCIÓN DEL PROGRAMA SEMBRANDO SONRISAS  HOSPITAL DE LA FAMILIA Y LA COMUNIDAD DE HUÉPIL;L1;Publicada y disponible para ofertar;29/04/2025 16:41:04;Las presentes Bases, tienen por objeto establecer las disposiciones que regirán la Propuesta Pública para la “ADQUISICION DE PRESTACIONES ODONTOLÓGICAS PARA LA EJECUCIÓN DEL PROGRAMA SEMBRANDO SONRISAS PARA 355 USUARIOS EN LA COMUNA DE TUCAPEL PARA EL HOSPITAL DE LA FAMILIA Y LA COMUNIDAD DE HUÉPIL;CLP;PUBLICADO;DISPONIBLE;2.658.240;SERVICIO DE SALUD BIO BIO HOSPITAL DE HU
3507-6-LE25;PROTESIS DENTALES;LE;Publicada y disponible para ofertar;29/04/2025 14:51:01;El Desam Calbuco invita a los proveedores inscritos en portal de mercado publico a participar de la presente licitación con el fin de adquirir servicio de confección de 60 prótesis removibles acrílicas para usuarios de la comuna.;CLP;PUBLICADO;DISPONIBLE;7.529.160;I MUNICIPALIDAD DE CALBUCO
1447778-1-LQ25;SISTEMA DE REEMBOLSO COMPLEMENT. DE SALUD Y DENTAL;LQ;Publicada y disponible para ofertar;30/04/2025 16:42:55;El Servicio de Bienestar del SLEP Llanquihue, tiene como misión contribuir a una mejor calidad de vida de sus asociados y grupo familiar, por medio de la entrega de beneficios complementarios a la seguridad social y de la administración eficiente y solidaria de sus recursos. Dentro de dicho enfoque, es prioritario contar con un sistema de cobertura complementario de salud y dental.;CLP;NO PUBLICADO;DISPONIBLE;Igual o superior a 2.000 UTM e inferior a 5.000 UTM ;SERVICIO LOCAL DE EDUCACION PUBLICA DE LLANQUIHUE
1389585-1-LE25;Cont. de retiro REAS y adq. de contenedores Salud.;LE;Publicada y disponible para ofertar;17/04/2025 15:28:36;Contratación del servicio de retiro y disposición final de residuos peligrosos REAS, incluyendo la adquisición de contenedores y freezer requeridos para su adecuada conservación para los 4 centros de salud de la comuna de María Pinto por 12 meses.;CLP;PUBLICADO;DISPONIBLE;13.124.533;CORPORACION MUNICIPAL DE MARÍA PINTO
1057500-34-LE25;SERVICIO DE CAPACITACIÓN PARA 03 CURSO;LE;Publicada y disponible para ofertar;30/04/2025 11:06:42;el Servicio de Salud Metropolitano Sur Oriente requiere contratar las siguientes actividades de capacitación: Línea N°1Curso de Gestión del Tiempo y Planificación del Trabajo  Línea N°2 Estatuto Administrativo y Línea n°3 Comité Bipartito de Capacitación CBC, actividades que se encuentra consideradas en el PAC ley 18.834 y PAC de la Ley 19.664 del servicio de salud metropolitano sur oriente, según resolución exenta N°552 de la ley 18.884 del 17-03-2025 y Resolución exenta N°553 17-03-2025 de la Ley 19.664.;CLP;PUBLICADO;DISPONIBLE;7.800.000;SERVICIO DE SALUD METROPOLITANO SUR ORIENTE
1057500-29-LE25;IMPLEMENTACIÓN Y MANTENCIÓN DE VIDEOVIGILANCIA;LE;Publicada y disponible para ofertar;16/04/2025 10:42:00;El Servicio de Salud Metropolitano Sur Oriente, en adelante también el “SERVICIO o SSMSO” requiere efectuar la contratación de los “Servicio de Implementación y Mantención de Videovigilancia Inteligente”, para el Servicio de Salud Metropolitano Sur Oriente, conforme a las condiciones y especificaciones técnicas establecidas en las presentes Bases.  El presente llamado y proceso de licitación se enmarca dentro de lo señalado por la Ley 19.886, su reglamento, y las instrucciones y condiciones de operación del sitio www.mercadopublico.cl.;CLP;NO PUBLICADO;DISPONIBLE;Entre 100 y 1000 UTM;SERVICIO DE SALUD METROPOLITANO SUR ORIENTE
1947-62-LP25;CONTRATACIÓN DEL SERVICIO DE KINESIOLOGOS PEDIÁTRICOS TECNOLOGOS MÉDICOS TÉCNICOS PARAMÉDICOS Y AUXILIARES DE SERVICIO POR CONTINGENCIA RESPIRATORIA 2025 PARA EL HOSPITAL DE NIÑOS DR. ROBERTO DEL RÍO;LP;Publicada y disponible para ofertar;11/04/2025 16:20:27;CONTRATACIÓN DEL SERVICIO DE KINESIOLOGOS PEDIÁTRICOS, TECNOLOGOS MÉDICOS, TÉCNICOS PARAMÉDICOS Y AUXILIARES DE SERVICIO POR CAMPAÑA DE INVIERNO 2025, PARA EL HOSPITAL DE NIÑOS DR. ROBERTO DEL RÍO;CLP;NO PUBLICADO;DISPONIBLE;Igual o superior a 1.000 UTM e inferior a 2.000 UTM;SERVICIO DE SALUD NORTE HOSPITAL ROBERTO DEL RIO
2655-11-LP25;Servicios de Pausas Laborales y Pausas Eventos;LP;Publicada y disponible para ofertar;14/04/2025 16:43:00;SERVICIO DE PAUSAS LABORALES Y PAUSAS EVENTOS EN SERVICIOS PÚBLICOS SALUD Y NO SALUD Y EMPRESAS PRIVADAS ADHERIDAS AL INSTITUTO DE SEGURIDAD LABORAL DE LA DIRECCIÓN REGIONAL METROPOLITANA, CONFORME A LAS PRESTACIONES QUE OTORGA LA LEY N°16.744;CLP;PUBLICADO;DISPONIBLE;90.000.000;INSTITUTO DE SEGURIDAD LABORAL
1057508-35-LR25;CONVENIO SERVICIO DE ADMINISTRACIÓN TARJETAS ELECTRÓNICAS DE ALIMENTACIÓN SERVICIO DE SALUD ÑUBLE;LR;Publicada y disponible para ofertar;23/04/2025 16:03:14;Esta licitación tiene por objeto la contratación de servicio de administración de tarjetas electrónicas de alimentación para los funcionarios(as) del Servicio de Salud Ñuble, por un periodo de 4 años, a fin de asegurar el acceso al beneficio previsto en la Ley N°20.799, de acuerdo a las presentes bases administrativas y técnicas.;CLP;NO PUBLICADO;ESTIMADO;Igual o superior a 5.000 UTM;SERVICIO DE SALUD NUBLE
2099-18-L125;SERVICIO DE IMPERMEABILIZACIÓN PISO DE LOSA DE HORMIGÓN ARMADO 4°PISO, SECTOR SALA DE CALDERAS, EDIFICIO BIOCLIMÁTICO EN PUNTA ARENAS, SEREMI DE SALUD DE LA XII REGIÓN DE MAGALLANES Y ANTÁRTICA CHILENA.;L1;Publicada y disponible para ofertar;11/04/2025 13:54:47;Se requiere la impermeabilización del piso de losa de hormigón armado del 4º piso y sus pretiles existentes, el cual soporta y contiene las calderas del Edificio Bioclimático, a efecto de evitar filtraciones de agua a través de la losa de hormigón armado, las cuales afectan al sistema de electricidad e iluminación del 3º piso, sector de oficinas administrativas.;CLP;PUBLICADO;DISPONIBLE;5.000.000;SUBSECRETARIA DE SALUD PUBLICA
1237328-54-LE25;SERVICIO DE TRASLADO DE PACIENTES;LE;Publicada y disponible para ofertar;24/04/2025 15:37:00;Las presentes Bases Administrativas y Técnicas tienen por objeto la contratación de proveedor regional para “Servicio de Traslado de Pacientes para toma de exámenes” y atenciones vinculadas a la atención primaria de salud (APS), esto para usuarios/as del Cecosf Sandra Vargas perteneciente a la Corporación Municipal Área Salud, desde la fecha de la resolución que apruebe el contrato hasta el 31 de diciembre de 2025, pudiendo ser prorrogable por un mes y medio más, previo aviso de 30 días del término de contrato. Tratará estos efectos y a partir de las presentes Bases de Licitación se establecen las disposiciones que regirán este proceso concursal.;CLP;NO PUBLICADO;ESTIMADO;Entre 100 y 1000 UTM;CORP MUNICIPAL DE PUNTA ARENAS PARA LA EDUCACION SALUD Y AT AL MENOR
1017312-7-LP25;SERVICIO DE PRESTACIONES MÉDICAS AMBULATORIAS PARAS SISAN EN PROVINCIA DE CHILOE;LP;Publicada y disponible para ofertar;29/04/2025 14:45:33;Que, existe la necesidad de contar con convenios de atención que otorguen el Servicio de Prestaciones Médicas Ambulatorias para el Sistema de Salud Naval en la Provincia de Chiloé.;CLP;PUBLICADO;ESTIMADO;105.000.000;DIRECCION DE ABASTECIMIENTO DE LA ARMADA
1057544-147-B225;CONTRATACIÓN DE SERVICIOS PARA ATENCIÓN DE PACIENTES CON SOSPECHA DE PATOLOGÍA CÉRVICO UTERINO;B2;Publicada y disponible para ofertar;29/04/2025 14:34:00;contratar servicios médicos y no médicos para la realización de Consultas médicas y procedimiento de Colposcopia a pacientes de Hospital Las Higueras.;CLP;NO PUBLICADO;DISPONIBLE;Igual o superior a 1000 UTM e inferior a 2000 UTM;SERVICIO DE SALUD DE TALCAHUANO HOSPITAL
619133-106-LP25;COMPRA EXAMENES III LABORATORIO HOSPITAL SAN CAMILO;LP;Publicada y disponible para ofertar;29/04/2025 17:21:25;Las presentes Bases Administrativas rigen el llamado a licitación pública “COMPRA EXAMENES III DE LABORATORIO  PARA HOSPITAL SAN CAMILO”, ubicado en Av. Miraflores 2085 San Felipe, Quinta región, aplicando los procedimientos establecidos en la Ley de Compras N° 19.886 de la Administración Pública.;CLP;NO PUBLICADO;DISPONIBLE;Igual o superior a 1.000 UTM e inferior a 2.000 UTM;SERVICIO SALUD SAN FELIPE LOS ANDES HOSP
2200-19-LR25;REPOSICIÓN CESFAM CURIMON SAN FELIPE - RRFF;LR;Publicada y disponible para ofertar;22/04/2025 15:33:51;1.	Que, la Dirección del Servicio de Salud Aconcagua, en su calidad de articulador, gestor y encargado del desarrollo de la red Asistencial de Salud Pública que tiene bajo su jurisdicción, debe ejercer acciones integradas de fomento, protección y recuperación de la salud y rehabilitación de la población.  2.	Que, el ministerio de Salud en idéntico sentido al antes expuesto, mediante la Subsecretaria de Redes Asistenciales, ha impulsado un fuerte desarrollo de la Inversión en Infraestructura Hospitalaria, la que viene a cubrir un déficit histórico de centros de salud en el país, y en especial en la región de Valparaíso.  3.	Que, para poder ejecutar en paralelo una serie de centros hospitalarios y con el objeto de estandarizar los procesos y agilizar a los mismos, la Subsecretaria de Redes Asistenciales , dicto la Resolución Afecta N° 01 de fecha 28/02/20, que aprueba formato tipo de Bases Administrativas para la Construcción, Habilitación, Normalización, Reposición o Remodelación de Infraestructura en Salud, y deja sin efecto Resoluciones N°1 de 2013 y N°134 de 2014, ambas de la Subsecretaria de Redes Asistenciales.  4.	Que, en este contexto, y teniendo presente la necesidad del sector de Curimón, San Felipe de realizar la Reposición del CESFAM Curimón, para cumplir las exigencias del modelo de infraestructura de un Centro de Salud, destinado a entregar atenciones de salud a sus habitantes.  5.	Que, dado lo antes señalado el Servicio de Salud Aconcagua ingreso a evaluación el proyecto de inversión, el cual se obtuvo la aprobación del Proyecto Código BIP N° 30071172-0, para la ejecución de la obra REPOSICION CESFAM CURIMON, SAN FELIPE - RRFF, según Decreto N°163 de fecha 28.02.2023 que identifica la iniciativa de inversión del Ministerio de Hacienda, y el Decreto N°87 de fecha 03.07.2025 que modifica el presupuesto vigente del sector público.  6.	El Acto Administrativo N°716 de fecha 24.04.2023 que aprueba Anexo Complementario para la Reposición CESFAM Curimón, San Felipe, de la licitación pública ID N°2200-26-LR23.  7.	Que la Resolución Exenta Nº1884 de fecha 17.10.2023, se DECLARA DESIERTA la licitación 2200-26-LR23, debido a que los oferentes no resultan convenientes para los intereses del Servicio de Salud Aconcagua.  8.	El Acto Administrativo N°580 de fecha 21.03.2024 que aprueba Anexo Complementario para la Reposición CESFAM Curimón, San Felipe, de la licitación pública ID N°2200-11-LR24.  9.	Que la Resolución Exenta Nº1099 de fecha 31.05.2024, se DECLARA DESIERTA la licitación 2200-11-LR24, debido a que la oferta excedía el presupuesto.  10.	 El Acto Administrativo N°1145 de fecha 07.06.2024 que aprueba Anexo Complementario para la Reposición CESFAM Curimón, San Felipe, de la licitación pública ID N°2200-28-LR24.  11.	 Que la Resolución Exenta Nº1632 de fecha 30.08.2024, se DECLARA DESIERTA la licitación 2200-28-LR24, debido a que la oferta excedía el presupuesto.   12.	 El Acto Administrativo N°1650 de fecha 03.09.2024 que aprueba Anexo Complementario para la Reposición CESFAM Curimón, San Felipe, de la licitación pública ID N°2200-46-LR24.  13.	 Que la Resolución Exenta Nº44 de fecha 10.01.2025, se DECLARA DESIERTA la licitación 2200-46-LR25, debido a que la oferta excedía el presupuesto.   14.	 La Solicitud de Compra N°07, Oficina de Partes N°150 (Interno N°182), presentada por el Referente Técnico del Departamento Recursos Físicos, fue debidamente aprobada y autorizada por el Jefe Departamento Recursos, el Jefe del Departamento de Finanzas y el Subdirector de Recursos Físicos y Financieros, quienes respaldan la contratación de lo solicitado. El Decreto N°87 de fecha 03.02.2025 que identifica la Iniciativa de Inversión en el Presupuesto del Sector Público, en el marco del Convenio de Programación GORE MINSAL 2019-2024, código BIP N°30071172-0.  15.	 Que, revisado el catálogo electrónico de Mercado Publico, se constató la inexistencia de un convenio vigente para el desarrollo de diseño y construcción de la obra.   16.	 Que, en consecuencia, y considerando los recursos destinados al efecto y las disposiciones vigentes, se hace necesario efectuar una licitación pública con el objeto de adjudicar la referida contratación.  17.	 Que, en cumplimiento a lo dispuesto la ley N°19.886 y su reglamento aprobado por Decreto 661 del 2024 del Ministerio de Hacienda, se confeccionan las Bases que se aprueban en este acto, que observan los principios de libre concurrencia de los oferentes al llamado administrativo y de igualdad que rigen los procedimientos concursales, y cumplen con los requerimientos técnicos y jurídicos para verificar la realización de la presente licitación pública. ;CLP;NO PUBLICADO;ESTIMADO;Igual o superior a 5.000 UTM;SERVICIO DE SALUD ACONCAGUA
2332-21-LE25;CONVENIO DE SUMINISTRO PARA SERVICIO DE LAVANDERIA PARA PROGRAMA DE SALUD RENAL DEL DEPARTAMENTO DE SALUD;LE;Publicada y disponible para ofertar;25/04/2025 15:21:00;La ilustre Municipalidad de Puerto Montt, dentro de su estrategia de compra, llama a participar en la Licitación Pública para la contratación del servicio de lavandería para uniformes de funcionarios clínicos y ropa de cama utilizada por pacientes, que tiene como origen en el Convenio suscrito entre el Municipio de Puerto Montt y FONASA, para el otorgamiento de prestaciones de hemodiálisis destinado a usuarios de la red salud pública en el Programa de Salud Renal Municipal de Puerto Montt.;UF;PUBLICADO;ESTIMADO;33.034.400,0000;I MUNICIPALIDAD DE PUERTO MONTT
2133-50-LP25;PPTA 162-25 DFL N°36 “COMPRA DE SERVICIO DE INTERVENCIONES QUIRÚRGICAS DE ADENOMA DE PRÓSTATA”.;LP;Publicada y disponible para ofertar;28/04/2025 11:44:08;El objetivo principal de esta propuesta pública es contratar el Servicio de Intervenciones Quirúrgicas de Adenoma de Próstata, con la finalidad de dar respuesta a las necesidades de los pacientes GES y de quienes son parte de Lista de Espera Quirúrgica del Hospital Dr. Hernán Henríquez Aravena, y beneficiarios del Fondo Nacional de Salud (FONASA) que requieren de estas intervenciones para mejorar su condición sanitaria  las cuales, por falta de disponibilidad de pabellón y su demanda, no se logran realizar dentro del horario institucional destinado para ello. Por lo tanto, la compra de este servicio es fundamental para resolver y dar respuesta a las necesidades de los pacientes antes mencionados, debido al impacto negativo y complicaciones graves que pueden desarrollar los pacientes en espera de la intervención quirúrgica, tales como infecciones o daño renal, además de causar un incremento en la lista de espera quirúrgica. Dichas intervenciones serán realizadas en dependencias del Establecimiento, fuera de horario institucional, y a beneficiarios del Sistema Público de Salud, en las mejores condiciones posibles para ambas partes, según se detalla en las bases administrativas y técnicas, y en Anexo Nº 1. El respectivo contrato estará sujeto a las disposiciones del Decreto con Fuerza de Ley Nº 36, del 10 de Julio de 1980 del Ministerio de Salud y sus modificaciones introducidas por la Ley Nº 18.417, en este sentido, El Prestador de Acciones de Salud se obligará a proporcionar por cuenta y a nombre del Hospital, y por la vía de la delegación, conforme a lo requerido por el inc. 1 del art. 2 del DFL 36/80 a los Beneficiarios del Régimen de Prestaciones de Salud de la Ley Nº 18.469, las acciones de prevención, fomento, recuperación, protección o de rehabilitación de salud que por este acto se licitan.;CLP;PUBLICADO;ESTIMADO;192.600.000;HOSPITAL DOCTOR HERNAN HENRIQUEZ ARAVENA
1057544-131-LE25;Productos para Anatomía Patológica del HLH;LE;Publicada y disponible para ofertar;23/04/2025 11:21:22;1.	La programación anual de la sección de farmacia del Hospital Las Higueras. 2.	D.F.L. Nº1/05 del Ministerio de Salud que aprobó el texto refundido, coordinado y sistematizado del D.L. Nº2763/79 y de las Leyes Nº18.933 y Nº18.469.  3.	D. S. Nº38/ 2005, del Ministerio de Salud, que contiene el Reglamento de los Establecimientos de Menor Complejidad y de los Establecimientos Autogestionados en Red. 4.	D.S. Nº140/05 del Ministerio de Salud, que contiene el Reglamento Orgánico de los Servicios de Salud. 5.	Lo previsto en la Ley N°21722 del 13/12/2024, de Presupuestos del Sector Público correspondiente al año 2025. 6.	La ley 19.886, de fecha 24/06/2004, de Bases sobre Contratos Administrativos de Suministro y Prestación de Servicios.  7.	Ley N°21.634 de fecha 11/12/2023 que moderniza la ley N°19.886 y otras leyes, para mejorar la calidad del gasto público, aumentar los estándares de probidad y transparencia e introducir principios de economía circular en las compras del estado.	 8.	Decreto Nº661 del 2024, del Ministerio de Hacienda, que Aprueba el Reglamento de la Ley 19.886, de Bases Sobre Contratos Administrativos de Suministro y Prestación de Servicios.  9.	Lo dispuesto en la Ley Nº18.575, Orgánica Constitucional, de Bases Generales de la Administración del Estado. 10.	Resolución Nº36/2024 de la Contraloría General de la República que fija normas sobre exención del trámite de toma de razón. 11.	Lo dispuesto en Resolución Nº800 del 06/09/2023 de la Dirección del Servicio de Salud Talcahuano, que renueva y prorroga nombramiento al titular del cargo de Director del Hospital las Higueras de Talcahuano;CLP;NO PUBLICADO;ESTIMADO;Entre 100 y 1000 UTM;SERVICIO DE SALUD DE TALCAHUANO HOSPITAL
1057489-159-LE25;SUMINISTRO TROCAR DE MIELOGRAMA PARA EL HDS;LE;Publicada y disponible para ofertar;21/04/2025 17:07:32;Convenio de Suministro de Trócar de Mielograma por 36 meses para Hospital del Salvador;CLP;PUBLICADO;ESTIMADO;43.285.060;SERVICIO DE SALUD ORIENTE HOSPITAL DEL SALVADOR
4488-5-LE25;SERVICIOS DE EXAMENES ;LE;Publicada y disponible para ofertar;23/04/2025 12:20:56;SERVICIO DE EXAMENES PROGRAMA IMAGENES DIAGNOSTICAS AÑO 2025 USUARIOS CESFAM YANEQUEN NEGRETE;CLP;NO PUBLICADO;DISPONIBLE;Entre 100 y 1000 UTM;I MUNICIPALIDAD DE NEGRETE
4290-58-LE25;Adq. oficina modular armable DESAM Limache.;LE;Publicada y disponible para ofertar;24/04/2025 12:54:23;Adquisición de oficina modular armable para el Departamento de Salud Municipal.;CLP;NO PUBLICADO;DISPONIBLE;Entre 100 y 1000 UTM;I MUNICIPALIDAD DE LIMACHE
4856-21-L125;Adquisición de atenciones podológicas 2025;L1;Publicada y disponible para ofertar;29/04/2025 14:43:13;Adquisición de atenciones podológicas 2025, según bases adjuntas;CLP;NO PUBLICADO;DISPONIBLE;Menor a 100 UTM;I MUNICIPALIDAD DE TIRUA
1057937-6-LQ25;COMPRA DE UN ARCO EN C;LQ;Publicada y disponible para ofertar;09/04/2025 14:45:00;COMPRA DE UN ARCO EN C PARA CENTRO REGIONAL DE RESOLUCIÓN DEL HOSPITAL BASE VALDIVIA;CLP;PUBLICADO;ESTIMADO;118.881.000;SERVICIO DE SALUD VALDIVIA HOSPITAL BASE
2207-3-LE25;COMPRA DE SERVICIOS KINESIOLOGO PROFESOR EDUCACIÓ;LE;Publicada y disponible para ofertar;30/04/2025 16:54:57;ADQUISICION DE COMPRA DE SERVICIOS KINESIOLOGO PROFESOR EDUCACIÓN FÍSICA PROGRAMA CARDIOVASCULAR;CLP;NO PUBLICADO;DISPONIBLE;Entre 100 y 1000 UTM;SERVICIO DE SALUD HOSPITAL DE PICHILEMU
1058134-62-LE25;MEDICAMENTO VENETOCLAX 100 MG;LE;Publicada y disponible para ofertar;23/04/2025 18:24:00;“SUMINISTRO DE MEDICAMENTO VENETOCLAX 100 MG PARA EL HOSPITAL BASE VALDIVIA”;CLP;PUBLICADO;DISPONIBLE;61.500.000;SERVICIO DE SALUD VALDIVIA HOSPITAL BASE
2157-65-LE25;CONVENIO SUMINISTRO CIRUGIAS DE RODILLA ANCLAS SUTURAS INJEROS;LE;Publicada y disponible para ofertar;29/04/2025 13:50:10;SE REQUIERE MANTENER CONVENIO VIGENTE PARA PACIENTES DEL HTC;CLP;NO PUBLICADO;DISPONIBLE;Entre 100 y 1000 UTM;SERVICIO NAC DE SALUD HOSPITAL TRAUMATOLOGICO
4856-22-LE25;Adquisición de canastas dentales año 2025;LE;Publicada y disponible para ofertar;30/04/2025 08:51:00;Adquisición de canastas dentales año 2025, según bases administrativas y técnicas adjuntas.;CLP;NO PUBLICADO;DISPONIBLE;Entre 100 y 1000 UTM;I MUNICIPALIDAD DE TIRUA
1057500-31-LE25;MEDICAMENTO DE  PROGRAMA  MINISTERIAL DE LA MUJER;LE;Publicada y disponible para ofertar;24/04/2025 12:25:00;DAR CUMPLIMIENTO A LOS PROGRAMAS MINISTERIALES DEL SSMSO;CLP;NO PUBLICADO;ESTIMADO;Entre 100 y 1000 UTM;SERVICIO DE SALUD METROPOLITANO SUR ORIENTE
2205-4-LE25;CONVENIO DE FRUTAS Y VERDURAS FRESCAS;LE;Publicada y disponible para ofertar;30/04/2025 12:24:31;HOSPITAL PICHIDEGUA REQUIERE CONVENIO DE SUMINISTROS DE FRUTAS Y VERDURAS AÑO 2025. SE ADJUNTAS BASES TECNICAS;CLP;NO PUBLICADO;DISPONIBLE;Entre 100 y 1000 UTM;SERVICIO DE SALUD HOSPITAL DE PICHIDEGUA
5184-269-LE24;ZIPRASIDONA 40MG;LE;Publicada y disponible para ofertar;29/04/2025 13:27:36;ZIPRASIDONA 40MG MM N° 211 ADQUISICIONES;CLP;PUBLICADO;ESTIMADO;57.000.000;SERVICIO DE SALUD DEL MAULE HOSPITAL DE LINARES
1057540-48-LE25;CONVENIO DE PRODUCTOS DE PANADERIA;LE;Publicada y disponible para ofertar;30/04/2025 15:41:27;CONVENIO DE PRODUCTOS DE PANADERIA;CLP;NO PUBLICADO;ESTIMADO;Entre 100 y 1000 UTM;SERVICIO SALUD TALCAHUANO HOSPITAL PENCO-LIRQUEN
2189-19-L125;ADQUISICIÓN EQUIPOS-EQUIPAMIENTO (COMPUTADORES) BRECHA HOSPITAL MODULAR LICANTEN ;L1;Publicada y disponible para ofertar;30/04/2025 15:39:04;Esta licitación tiene por objeto adquirir equipo-equipamiento para la implementación del Hospital modular de Licantén;CLP;NO PUBLICADO;ESTIMADO;Menor a 100 UTM;SERVICIO DE SALUD DEL MAULE
1665-8-L125;“ADMINISTRATIVO OIRS, PARA EL HOSPITAL DE CHAITÉN” ;L1;Publicada y disponible para ofertar;30/04/2025 16:13:13;“ADMINISTRATIVO OIRS, PARA EL HOSPITAL DE CHAITÉN” ;CLP;PUBLICADO;DISPONIBLE;6.000.000;SERVICIO SALUD DEL RELONCAVI
1621-22-L125;Mantenimiento sala 3 de hospitalizados ;L1;Publicada y disponible para ofertar;25/04/2025 16:25:58;Detalles en bases adjuntas;CLP;PUBLICADO;DISPONIBLE;2.700.000;SERVICIO DE SALUD HOSPITAL DE MARCHIGUE
2207-5-LE25;COMPRA DE SERVICIOS TECNICO EN ENFERMERIA PROGRAMA;LE;Publicada y disponible para ofertar;30/04/2025 16:55:23;ADQUISICION DE COMPRA DE SERVICIOS TECNICO EN ENFERMERIA PROGRAMA CARDIOVASCULAR;CLP;NO PUBLICADO;DISPONIBLE;Entre 100 y 1000 UTM;SERVICIO DE SALUD HOSPITAL DE PICHILEMU
2207-4-LE25;COMPRA DE SERVICIOS PODOLOGA PROGRAMA CARDIOVASCUL;LE;Publicada y disponible para ofertar;30/04/2025 16:55:14;ADQUISCION DE COMPRA DE SERVICIOS PODOLOGA PROGRAMA CARDIOVASCULAR;CLP;NO PUBLICADO;DISPONIBLE;Entre 100 y 1000 UTM;SERVICIO DE SALUD HOSPITAL DE PICHILEMU
1057547-201-LE25;CONVENIO SUMINISTRO SILLAS DE RUEDAS NEUROLÓGICAS;LE;Publicada y disponible para ofertar;28/04/2025 12:11:36;CONVENIO DE SUMINISTRO DE SILLAS DE RUEDAS NEUROLÓGICAS PARA PACIENTES DEL HOSPITAL BASE VALDIVIA;CLP;PUBLICADO;ESTIMADO;52.612.746;SERVICIO DE SALUD VALDIVIA HOSPITAL BASE
1623-4-LE25;SERVICIO DE MOVILIZACION EXTERNA;LE;Publicada y disponible para ofertar;30/04/2025 22:00:12;SERVICIO DE MOVILIZACION EXTERNA;CLP;NO PUBLICADO;ESTIMADO;Entre 100 y 1000 UTM;SERVICIO DE SALUD HOSPITAL DE PEUMO
813-61-LE25;PP 52.25 ASESORIA EN IDIOMA;LE;Publicada y disponible para ofertar;23/04/2025 18:18:07;Ver detalle en resolución adjunta en www.mercadopublico.cl;CLP;NO PUBLICADO;DISPONIBLE;Entre 100 y 1000 UTM;INSTITUTO DE SALUD PUBLICA DE CHILE
2157-59-LE25;SUMINISTRO PROTESIS TRAPECIO-METACARPIANA;LE;Publicada y disponible para ofertar;28/04/2025 14:45:45;SE REQUIERE CONTAR CON CONVENIO PARA PACIENTES DEL HTC CON FRACTURAS EN EXTREMIDAD SUPERIOR;CLP;NO PUBLICADO;DISPONIBLE;Entre 100 y 1000 UTM;SERVICIO NAC DE SALUD HOSPITAL TRAUMATOLOGICO
1057429-13-LQ25;CONVENIO SUMINISTRO FRUTAS Y VERDURAS PACIENTES;LQ;Publicada y disponible para ofertar;25/04/2025 10:38:59;El Hospital San José de Coronel requiere adquirir convenio suministro frutas y verduras para funcionarios del Hospital;CLP;NO PUBLICADO;ESTIMADO;Igual o superior a 2.000 UTM e inferior a 5.000 UTM ;SERVICIO NACIONAL DE SALUD HOSPITAL DE CORONEL
1057429-12-LQ25;CONVENIO SUMINISTRO FRUTAS Y VERDURAS FUNCIONARIOS;LQ;Publicada y disponible para ofertar;25/04/2025 10:30:43;Adquirir convenio suministro frutas y verduras para funcionarios del Hospital;CLP;NO PUBLICADO;ESTIMADO;Igual o superior a 2.000 UTM e inferior a 5.000 UTM ;SERVICIO NACIONAL DE SALUD HOSPITAL DE CORONEL
4587-10-LE25;SERVICIO DE TRASLADO DE FUNCIONARIOS DPTO SALUD;LE;Publicada y disponible para ofertar;30/04/2025 18:28:42;SE REQUIERE SERVICIO DE TRANSPORTE PARA TRASLADO DE FUNCIONARIOS DEPARTAMENTO DE SALUD;CLP;NO PUBLICADO;DISPONIBLE;Entre 100 y 1000 UTM;I MUNICIPALIDAD DE CABILDO
2207-2-LE25;COMPRA DE SERVICIOS ENFERMERÍA PROGRAMA CARDIOVASC;LE;Publicada y disponible para ofertar;30/04/2025 16:54:44;ADQUISCION DE COMPRA DE SERVICIOS ENFERMERÍA PROGRAMA CARDIOVASCULAR;CLP;NO PUBLICADO;DISPONIBLE;Entre 100 y 1000 UTM;SERVICIO DE SALUD HOSPITAL DE PICHILEMU
1057508-21-LR25;Convenio de suministro Guantes de Procedimientos Quirurgicos y Alto Riesgo;LR;Publicada y disponible para ofertar;21/04/2025 14:43:18;El Servicio de Salud Ñuble requiere suscribir convenios de suministro de insumos médicos, necesarios para su gestión y la de los establecimientos de su Red Asistencial, con el objeto de poder cumplir con la demanda asistencial que les ha sido legalmente encomendada, de acuerdo a requerimientos especificados en Bases Administrativas y Técnicas de la presente licitación. Los insumos médicos deberán ser despachados en un plazo máximo de 5 días hábiles a contar de la fecha de envío y aceptación de la orden de compra.  Los contratos que se suscriban tendrán vigencia de 24 meses.  El presente proceso de licitación pública se regirá por los dispuesto en la Ley Nº19.886 y su Reglamento aprobado por Decreto Supremo Nº661 de 2024 del Ministerio de Hacienda y sus posteriores modificaciones, la ley 21.634 del 2023, que moderniza la Ley 19.886 de compras públicas, lo dispuesto en las presentes bases administrativas y anexos, las respuestas y aclaraciones que procedan, y las modificaciones efectuadas por la resolución respectiva. ;CLP;NO PUBLICADO;ESTIMADO;Igual o superior a 5.000 UTM;SERVICIO DE SALUD NUBLE
1057609-2-LE25;ADQUISICIÓN DE REGALOS DE CUMPLEAÑOS;LE;Publicada y disponible para ofertar;23/04/2025 13:08:52;El objetivo de la presente licitación es adquirir regalos de cumpleaños para los funcionarios que están afiliados a Bienestar año 2025 del Servicio de Saludo Biobío.;CLP;NO PUBLICADO;DISPONIBLE;Entre 100 y 1000 UTM;SERVICIO DE SALUD BIO BIO
705290-18-LR25;ENFERMERIA Y AUXILIARES PARA CAMAS INDIFERENCIADAS;LR;Publicada y disponible para ofertar;08/04/2025 16:01:07;Las presentes Bases constituyen el instrumento guía destinado a celebrar un CONTRATO DE PRESTACIÓN DE SERVICIOS DE ENFERMERIA Y AUXILIARES PARA CAMAS INDIFERENCIADAS, AGUDAS, CRITICAS, PSIQUIATRICAS, QUIRURGICAS Y DE URGENCIA ADULTO DEL HOSPITAL DR. FÉLIX BULNES CERDA, en adelante Hospital, éstas, establecen los fines, condiciones y requisitos que deberán ser cumplidos por los oferentes, en todas y cada una de las partes que conformen su oferta, además de regular el todo el proceso licitatorio hasta la suscripción del correspondiente contrato.;CLP;PUBLICADO;DISPONIBLE;553.129.906;SERVICIO SALUD OCCIDENTE HOSPITAL DR FELIX BULNES CERDA
1057508-23-LR25;CONVENIO DE SUMINISTRO INSUMOS DE PREVENCIÓN TRATAMIENTO DE HERIDAS Y OSTOMIA;LR;Publicada y disponible para ofertar;21/04/2025 14:56:47;El Servicio de Salud Ñuble requiere suscribir convenios de suministro de insumos médicos, necesarios para su gestión y la de los establecimientos de su Red Asistencial, con el objeto de poder cumplir con la demanda asistencial que les ha sido legalmente encomendada, de acuerdo a requerimientos especificados en Bases Administrativas y Técnicas de la presente licitación. Los insumos médicos deberán ser despachados en un plazo máximo de 5 días hábiles a contar de la fecha de envío y aceptación de la orden de compra.  Los contratos que se suscriban tendrán vigencia de 24 meses.  El presente proceso de licitación pública se regirá por los dispuesto en la Ley Nº19.886 y su Reglamento aprobado por Decreto Supremo Nº661 de 2024 del Ministerio de Hacienda y sus posteriores modificaciones, la ley 21.634 del 2023, que moderniza la Ley 19.886 de compras públicas, lo dispuesto en las presentes bases administrativas y anexos, las respuestas y aclaraciones que procedan, y las modificaciones efectuadas por la resolución respectiva. ;CLP;NO PUBLICADO;ESTIMADO;Igual o superior a 5.000 UTM;SERVICIO DE SALUD NUBLE
1057508-22-LR25;CONVENIO DE SUMINISTRO CATETER INTRAVENOSO ;LR;Publicada y disponible para ofertar;21/04/2025 14:50:59;El Servicio de Salud Ñuble requiere suscribir convenios de suministro de insumos médicos, necesarios para su gestión y la de los establecimientos de su Red Asistencial, con el objeto de poder cumplir con la demanda asistencial que les ha sido legalmente encomendada, de acuerdo a requerimientos especificados en Bases Administrativas y Técnicas de la presente licitación. Los insumos médicos deberán ser despachados en un plazo máximo de 5 días hábiles a contar de la fecha de envío y aceptación de la orden de compra.  Los contratos que se suscriban tendrán vigencia de 24 meses.  El presente proceso de licitación pública se regirá por los dispuesto en la Ley Nº19.886 y su Reglamento aprobado por Decreto Supremo Nº661 de 2024 del Ministerio de Hacienda y sus posteriores modificaciones, la ley 21.634 del 2023, que moderniza la Ley 19.886 de compras públicas, lo dispuesto en las presentes bases administrativas y anexos, las respuestas y aclaraciones que procedan, y las modificaciones efectuadas por la resolución respectiva. ;CLP;NO PUBLICADO;ESTIMADO;Igual o superior a 5.000 UTM;SERVICIO DE SALUD NUBLE
1057541-9-LE25;LICENCIA MANTENCIÓN Y SOPORTE SERVICIO INFORMATICO;LE;Publicada y disponible para ofertar;24/04/2025 11:32:40;Se requiere contar con un servicio de información web, que contemple todas las aplicaciones necesarias para facilitar la gestión de los equipos de calidad en el proceso de preparación y mantención de la calidad de acreditados, en establecimientos de salud de atención abierta y cerrada dependientes de la dirección de Servicio de Salud Talcahuano.;CLP;NO PUBLICADO;ESTIMADO;Entre 100 y 1000 UTM;DIRECCION SERVICIO DE SALUD TALCAHUANO
1057500-28-LQ25;SOPORTE Y MANTENIMIENTO PARA RESPALDO Y ANTIVIRUS;LQ;Publicada y disponible para ofertar;15/04/2025 17:25:07;existe la necesidad del Servicio Metropolitano Sur Oriente, en adquirir “Servicio de implementación, Soporte y mantenimiento para respaldo y antivirus para establecimientos dependientes del servicio de salud metropolitano sur oriente, en modalidad de compra coordinada” para su infraestructura tecnológica de SSMSO, DSS, CHSJM  HPH, CASR, asegurando la continuidad operativa;CLP;PUBLICADO;DISPONIBLE;156.014.000;SERVICIO DE SALUD METROPOLITANO SUR ORIENTE
1388974-3-L125;MANTENCIÓN Y REPARACIÓN CALDERAS A PELLET  SALUD;L1;Publicada y disponible para ofertar;29/04/2025 16:31:55;El objetivo de la presente licitación busca realizar las mantenciones y reparaciones de las calderas a pellets para los diferentes centros de salud de la comuna de Dalcahue, las cuales se constituyen de 8 establecimientos Centro de salud y postas.;CLP;NO PUBLICADO;DISPONIBLE;Menor a 100 UTM;CORP MUNICIPAL DE EDUCACION Y SERVICIOS RAMON FREIRE
2773-18-LP25;CANASTA DE GASTROENTEROLOGÍA 2025;LP;Publicada y disponible para ofertar;30/04/2025 17:21:07;La Ilustre Municipalidad de Chiguayante, a través de la Unidad de Compra de la Dirección de Administración de Salud, hace el llamado a licitación pública para adquirir “CANASTA DE GASTROENTEROLOGÍA 2025”,  por convenio de Resolutividad en Atención Primaria, componente Especialidades Ambulatorias canasta integral gastroenterología, dirigido a usuarios inscritos en la comuna de Chiguayante, con derivación e indicación médica, según criterios de inclusión y cumplimientos de inclusión.   En virtud de lo anterior, se convoca a los proveedores del rubro que se encuentren inscritos en el portal Mercado Público para contratar dicho requerimiento según las condiciones que en adelante se expresan. El fundamento de este servicio se encuentra contenido en la Solicitud de Pedido Interno N°26, de fecha 12  de marzo de 2025, la documentación de respaldo y las especificaciones técnicas adjuntas.   ;CLP;PUBLICADO;DISPONIBLE;110.232.190;I MUNICIPALIDAD DE CHIGUAYANTE
2107-49-LP25;SUMINISTRO DE INSUMOS CON EQUIPOS EN COMODATO PARA LA DETERMINACIÓN DE EXÁMENES INMUNOHEMATOLÓGICOS;LP;Publicada y disponible para ofertar;14/04/2025 11:56:01;El Hospital Santa Cruz es un servicio público dependiente del Servicio de Salud O’Higgins, cuya naturaleza, fines, funciones y atribuciones tiene por objeto la ejecución de acciones, planes y políticas tendientes a contar con capacidad resolutiva en los ámbitos propios como institución de salud.  El objetivo del Hospital se basa en Establecer un convenio de suministro para la adquisición de insumos y reactivos para el área de biología molecular con equipamiento en modalidad comodato durante la vigencia del mismo, a objeto de realizar el procesamiento y estudio de exámenes médicos solicitados por área clínica a pacientes hospitalizados y ambulatorios que acuden a este centro asistencial. ;CLP;NO PUBLICADO;DISPONIBLE;Igual o superior a 1.000 UTM e inferior a 2.000 UTM;SERVICIO DE SALUD HOSPITAL DE SANTA CRUZ
1685-14-LE25;8935 Cursos de Capacitación para funcionarios ;LE;Publicada y disponible para ofertar;24/04/2025 15:35:00;E1O2RT9 ,SISCOM 8935 La presente Licitación tiene por objeto principal la contratación de Cursos de Capacitación para funcionarios y funcionarias de la Secretaría Regional Ministerial de Salud de la Región de La Araucanía, en adelante La SEREMI ;CLP;PUBLICADO;DISPONIBLE;20.000.000;SUBSECRETARIA DE SALUD PUBLICA
1057500-30-LQ25;SERVICIO MANTENCIONES PREVENTIVAS Y CORRECTIVAS EQ;LQ;Publicada y disponible para ofertar;16/04/2025 15:50:12;SERVICIO MANTENCIONES PREVENTIVAS Y CORRECTIVAS EQUIPOS, EQUIPAMIENTO E INFRAESTRUCTURA CMS el Centro Metropolitano de Sangre, establecimiento dependiente del Servicio de Salud Metropolitano Sur Oriente, cuyo objetivo es abastecer de componentes sanguíneos a la red de hospitales públicos de la Región Metropolitana con altos estándares de calidad, de manera oportuna y con equidad;CLP;PUBLICADO;DISPONIBLE;147.812.000;SERVICIO DE SALUD METROPOLITANO SUR ORIENTE
2832-7-LE25;SERVICIO DE SOFTWARE PARA FARMACIAS Y DROGUERÍA;LE;Publicada y disponible para ofertar;29/04/2025 12:00:00;La I. Municipalidad de Quillota Departamento de Salud, confecciona las presentes Bases Administrativas con el objeto de contratar el servicio a través de Contrato de Suministro Servicio de Software para Farmacias y Droguería departamento de Salud de la Municipalidad Quillota”, para administrar principalmente la trazabilidad de los medicamentos, inventario y vencimiento de los mismos.;CLP;PUBLICADO;DISPONIBLE;32.400.000;I MUNICIPALIDAD DE QUILLOTA
2026-64-LE25;Servicios de docencia PAC GLOBAL Ley 19.664;LE;Publicada y disponible para ofertar;22/04/2025 12:30:00;“Servicios de docencia para actividades relacionadas con el PAC Global de la Ley Nº19.664 para la red DSSVQ”;CLP;NO PUBLICADO;DISPONIBLE;Entre 100 y 1000 UTM;SERVICIO SALUD VINA DEL MAR QUILLOTA
4476-17-LE25;ADQUISICIÓN DE IMAGENES DIAGNOSTICAS PARA ATENCIÓN PRIMARIA AÑO 2025 ;LE;Publicada y disponible para ofertar;24/04/2025 12:58:04;Adquisición de Servicios de Imágenes Diagnósticas para pacientes beneficiarios de la Comuna de Romeral del Convenio con el Servicio de Salud del Maule por Imágenes Diagnósticas año 2025;CLP;PUBLICADO;DISPONIBLE;34.870.000;I.MUNICIPALIDAD DE ROMERAL
591-7-LE25;SERVICIO DEPRODUCCIÓN AUDIOVISUAL PARA FONASA;LE;Publicada y disponible para ofertar;23/04/2025 12:24:13;SERVICIO DEPRODUCCIÓN AUDIOVISUAL PARA REDES SOCIALESY CANALES DIGITALES DEL FONDO NACIONAL DE SALUD. FONASA requiere el servicio de producción audiovisual con el objeto de preparar material audiovisual pertinente para cumplir con las distintas entregas de información a público beneficiario que requiere constantemente de ésta;CLP;PUBLICADO;ESTIMADO;34.000.000;FONDO NACIONAL DE SALUD
1298355-10-L125;MEJORAMIENTO DE SALAS DE ESPERA CECOSF CODIGUA;L1;Publicada y disponible para ofertar;29/04/2025 16:34:44;LA CORPORACIÓN MUNICIPAL DE MELIPILLA REQUIERE EL SERVICIO DE MEJORAMIENTO DE SALAS DE ESPERA PARA CECOSF CODIGUA DE LA DIRECCIÓN DE SALUD DE LA CORPORACIÓN DE ACUERDO A LAS RESPECTIVAS BASES DE LICITACIÓN PÚBLICA .;CLP;NO PUBLICADO;DISPONIBLE;Menor a 100 UTM;CORP MUNICIPAL MELIPILLA PARA LA ED SALUD
1271359-58-LE25;SEVICIOS DE IMAGENOLOGIA;LE;Publicada y disponible para ofertar;30/04/2025 15:37:58;La Corporación Municipal de Desarrollo Social de Lampa mediante el Departamento de Abastecimiento y la Dirección de Salud, solicita la contratación del servicio de imagenología para los centros de salud familiar y unidades pertenecientes a la dirección de salud comunal, dependiente de la corporación municipal de desarrollo social de Lampa para apoyar los procesos clínicos realizados a los usuarios beneficiarios del Sistema de Salud Público, derivados de los Centros de Salud Familiar Municipales de la Comuna de Lampa.;CLP;PUBLICADO;ESTIMADO;60.000.000;CORP MUNICIPAL DE DESARROLLO SOCIAL DE LAMPA
188-29-LR25;Servicio de arriendo de flota vehícular  COMUDEF;LR;Publicada y disponible para ofertar;25/04/2025 16:55:54;“SERVICIO DE ARRIENDO, POR 18 MESES, DE FLOTA VEHÍCULAR PARA LA CORPORACIÓN MUNICIPAL DE LA FLORIDA – COMUDEF”. La presente Licitación Pública tiene por objeto la contratación y puesta en marcha del servicio, en modalidad de arriendo, de 76 camionetas doble cabina, 2 Van, servicio de conductor y combustible, para garantizar la seguridad y la continuidad de atención asociados al  transporte para los profesionales de los Centros de Salud que administra esta Corporación Municipal, para continuar con la prestación de los servicios asociados a los programas que se desarrollan en la comuna tales como: Médico a Domicilio, Cuidados Paliativos Universales, Red Integral de Atención Domiciliaria, Transporte de Medicamentos, entre otros  En iguales términos, la presente contratación se requiere para transportar a los trabajadores y equipos de trabajo que realizan  la mantención, reparación y ejecución de obras menores y, en general todos aquellos trabajos que permitan dar continuidad de manera ininterrumpida a los veintiocho 28 Establecimientos Educacionales, quince 15 Jardines Infantiles y nueve 9 Centros de Salud  De igual manera, en cuanto a la seguridad, la presente contratación busca dar cobertura, resguardo y supervigilancia a cada uno de los Centros de Salud, Educacionales administrados por esta Corporación. Finalmente, la presente contratación busca dar cobertura a los diversos programas en los cuales se ven involucrados el traslado de personal, materiales, equipos, insumos, operativos de montaje, entre otros, que permitan gestionar, cumplir de mejor manera y brindar una atención óptima a los usuarios, y vecinos de la comuna de La Florida.;CLP;NO PUBLICADO;DISPONIBLE;Igual o superior a 5.000 UTM;CORP MUNICIPAL DE EDUC SALUD CULTURA Y RECREACION DE LA FLORIDA
3507-7-LE25;LENTES UAPO;LE;Publicada y disponible para ofertar;30/04/2025 15:35:59;El Departamento de Salud Municipal de Calbuco requiere contratar servicio de médico Oftalmólogo para evaluación oftalmológica completa a 555 pacientes de la comuna de Calbuco  segun convenio aprobado por Resolucion exente n 373.;CLP;PUBLICADO;DISPONIBLE;11.571.750;I MUNICIPALIDAD DE CALBUCO
3944-4-LE25;PROGRAMA ESTRATEGIAS DE SALUD BUCAL ESTRATEGIA MEJORAMIENTO DEL ACCESO A LA ATENCION ODONTOLOGICA;LE;Publicada y disponible para ofertar;24/04/2025 11:49:35;1.	Que, el Programa Estrategias de Salud Bucal tiene como objetivo mantener y mejorar el estado de salud bucal de la población a lo largo del urso de vida con enfoque de equidad.;CLP;PUBLICADO;DISPONIBLE;14.943.520;I MUNICIPALIDAD DE PERALILLO
1395-27-LE25;Adquisicion equipamiento informatico COSAM Ovalle;LE;Publicada y disponible para ofertar;24/04/2025 15:23:01;El Servicio de Salud Coquimbo, indistintamente el Servicio, requiere contratar la provisión de Equipamiento informático para el Centro de Salud Mental Comunitario de Ovalle, en el marco del proyecto denominado Obras de Reposición Centro de Salud Mental Comunitario Ovalle”, Código BIP. 40033919-0.  El llamado se realizará a través del Portal www.mercadopúblico.cl. ;CLP;NO PUBLICADO;ESTIMADO;Entre 100 y 1000 UTM;SERVICIO DE SALUD COQUIMBO
1395-20-LP25;Adquisición equipamiento informatico COSAM Ovalle;LP;Publicada y disponible para ofertar;25/04/2025 14:37:01;El Servicio de Salud Coquimbo, indistintamente el Servicio, requiere contratar la provisión de Equipos y Equipamiento para el Centro de Salud Mental Comunitario de Ovalle, en el marco del proyecto denominado Obras de Reposición Centro de Salud Mental Comunitario Ovalle”, Código BIP. 40033919-0.  El llamado se realizará a través del Portal www.mercadopúblico.cl. ;CLP;NO PUBLICADO;ESTIMADO;Igual o superior a 1.000 UTM e inferior a 2.000 UTM;SERVICIO DE SALUD COQUIMBO
1973-46-CO25;SERVICIOS DE CAPACITACIONES PARA EL CRSCO;CO;Publicada y disponible para ofertar;28/04/2025 12:18:00;Las presentes bases regirán la Propuesta Pública convocada por el Centro de Referencia de Salud de Peñalolén Cordillera Oriente para la contratación del Servicio de Capacitación para el Centro de Referencia de Salud Peñalolén Cordillera Oriente, para el año 2025.  Formarán parte integrante de estas bases sus eventuales aclaraciones, rectificaciones, enmiendas, formularios y sus anexos  todo ello debidamente publicado en el portal Mercado Público. Se entenderá que todo proveedor conoce y acepta irrevocablemente el contenido de estas Bases, por el sólo hecho de presentar sus ofertas en este proceso de compra.  ;CLP;PUBLICADO;DISPONIBLE;11.600.000;CENTRO DE REFERENCIA DE SALUD DE PENALOLEN CORDILLERA ORIENTE
1671-12-LE25;Servicios de Guardias de Seguridad para el nuevo L;LE;Publicada y disponible para ofertar;30/04/2025 15:59:37;Contar con el Servicio de guardias de seguridad, arriendo de garita y baño químico, en el nuevo laboratorio en la comuna de Copiapó, para mejorar los estándares de seguridad en las obras que se ejecuten para la construcción del futuro laboratorio de salud ambiental y laboral.;CLP;NO PUBLICADO;DISPONIBLE;Entre 100 y 1000 UTM;SUBSECRETARIA DE SALUD PUBLICA
1080089-19-LR25;REGISTRO CLÍNICO ELECTRONICO PARA LA RED SSM;LR;Publicada y disponible para ofertar;22/04/2025 16:05:06;El Servicio de Salud Magallanes requiere la adquisición, en modalidad de arriendo, de una cantidad aproximada de 1.500 licencias de software de Registro Clínico Electrónico, en adelante denominado como RCE, licencias que puedan ser activadas en cualquier momento de la operación, según sea requerido por la red asistencial y sus Servicios Complementarios de configuración, entrenamiento, instalación, mantención, soporte, Data Center, entre otros, para la red completa de establecimientos de Atención Primaria de Salud y Hospitales Comunitarios del Servicio de Salud Magallanes, por un periodo de 36 meses, de acuerdo a lo establecido en las presentes Bases Administrativas y Técnicas, en las circunstancias que este servicio no es provisto en catálogo electrónico del Convenio Marco.;CLP;NO PUBLICADO;ESTIMADO;Igual o superior a 5.000 UTM;SERVICIO DE SALUD MAGALLANES
1395-22-LE25;Adquisicion Equipamiento informatico COSAM Ovalle;LE;Publicada y disponible para ofertar;24/04/2025 16:22:53;El Servicio de Salud Coquimbo, indistintamente el Servicio, requiere contratar la provisión de Equipamiento informático para el Centro de Salud Mental Comunitario de Ovalle, en el marco del proyecto denominado Obras de Reposición Centro de Salud Mental Comunitario Ovalle”, Código BIP. 40033919-0.  El llamado se realizará a través del Portal www.mercadopúblico.cl. ;CLP;NO PUBLICADO;ESTIMADO;Entre 100 y 1000 UTM;SERVICIO DE SALUD COQUIMBO
1057967-4-LQ25;Equipos Anatomía Patológica para HUAP.;LQ;Publicada y disponible para ofertar;16/04/2025 10:18:36;Rex. 426-2025 aprueba bases para la adquisición de Equipos de Anatomía Patológica para el Hospital de Urgencia Asistencia Pública del SSMC.;CLP;PUBLICADO;ESTIMADO;85.280.000;SERVICIO DE SALUD METROPOLITANO CENTRAL
4083-9-LE25;MANTENCIONES PREVENTIVAS Y CORRECTIVAS PARA VEHICU;LE;Publicada y disponible para ofertar;22/04/2025 16:42:15;El objetivo de la presente licitación pública es la adquisición de Mantenciones preventivas y correctivas para vehículos del Departamento de Salud de la Ilustre Municipalidad de Cabrero por un periodo de 24 meses, según Notas de Pedidos Nº 82 del 20012025, de acuerdo a las Bases Administrativas, Bases Técnicas y los Anexos que regulan este proceso licitatorio. El llamado correspondiente se efectuará a través del sistema de compras y contrataciones públicas contenido en la Ley 19.886 y su Reglamento, a través de la plataforma de la Dirección de Compras Públicas, cuya dirección es http:www.mercadopublico.cl en adelante el “Portal”;CLP;NO PUBLICADO;DISPONIBLE;Entre 100 y 1000 UTM;I MUNICIPALIDAD DE CABRERO
1057898-18-LP25;ADQUISICIÓN DE EQUIPOS DE CARDIOLOGÍA PARA EL NUEVO HOSPITAL REGIONAL DE ÑUBLE;LP;Publicada y disponible para ofertar;24/04/2025 13:05:30;El Servicio de Salud Ñuble requiere efectuar la adquisición de Equipos de Cardiología para el nuevo Hospital Regional de Ñuble, de acuerdo a las Bases Administrativas adjuntas y sus respectivos Anexos.;CLP;PUBLICADO;DISPONIBLE;139.719.000;SERVICIO DE SALUD NUBLE
1057898-16-LP25;ADQUISICIÓN EQUIPOS DE GINECOLOGÍA Y OBSTETRICIA PARA EL NUEVO HOSPITAL REGIONAL DE ÑUBLE;LP;Publicada y disponible para ofertar;24/04/2025 13:04:49;El Servicio de Salud Ñuble requiere efectuar la adquisición Equipos Ginecologia y Obstetricia para el nuevo Hospital Regional de Ñuble, de acuerdo a las Bases Administrativas adjuntas y sus respectivos Anexos.;CLP;PUBLICADO;DISPONIBLE;274.973.000;SERVICIO DE SALUD NUBLE
1462-16-LE25;SERVICIO DE MOVILIZACION PARA FUNCIONARIOS DEL HOSPITAL DE HUALAÑÉ;LE;Publicada y disponible para ofertar;25/04/2025 13:08:36;Adquirir la compra de servicio de movilización para responder a la necesidad de las diferentes Unidades del Hospital de Hualañé, en cuanto al traslado de funcionarios a las diferentes actividades laborales que se realizan a diario. Así como también se deben garantizar las visitas domiciliarias realizadas por los diferentes programas que entrega el Servicio de Salud del Maule a nuestro establecimiento. Considerar que la cobertura será de pacientes dentro de la comuna de Hualañé y pacientes que residan en la localidad de Constantué;CLP;NO PUBLICADO;ESTIMADO;Entre 100 y 1000 UTM;SERVICIO DE SALUD DEL MAULE HOSPITAL DE HUALANE
1692-23-LE25;MANTENCION PREVENTIVA DE EQUIPOS BIOMEDICOS;LE;Publicada y disponible para ofertar;28/04/2025 16:17:06;Mantención anual de equipos biomédicos pertenecientes al hospital de Cochrane y postas de salud rural de Puerto Guadal y Villa O’Higgins, este servicio debe garantizar el correcto funcionamiento y prolongar vida útil de los equipos, asegurando la operatividad al 100% de 38 equipos, además del cumplimiento de todas las normativas sanitarias vigente;CLP;PUBLICADO;DISPONIBLE;23.000.000;SERVICIO NACIONAL DE SALUD HOSPITAL DE COCHRANE
2026-62-LQ25;Instrumental Gine y Uro HPMM;LQ;Publicada y disponible para ofertar;17/04/2025 09:25:37;Adquisición mediante Gestión de Licitación de “Instrumental Gine y Uro, Proyecto Cosntruccion Hospital Provincial Marga Marga”. debido a la necesidad de contratar las obras correspondientes al Proyecto del Servicio de Salud Viña del Mar-Quillota;CLP;PUBLICADO;ESTIMADO;143.400.000;SERVICIO SALUD VINA DEL MAR QUILLOTA
1057898-14-LR25;ADQUISICIÓN EQUIPOS Y EQUIPAMIENTO DE FARMACIA 2 PARA EL NUEVO HOSPITAL REGIONAL DE ÑUBLE;LR;Publicada y disponible para ofertar;01/04/2025 15:29:00;El Servicio de Salud Ñuble requiere efectuar la adquisición de equipos y equipamiento de Farmacia 2 para el nuevo Hospital Regional de Ñuble, de acuerdo a las Bases Administrativas adjuntas y sus respectivos Anexos.;CLP;PUBLICADO;DISPONIBLE;2.432.670.000;SERVICIO DE SALUD NUBLE
2132-6-LE25;Cursos de capacitación para funcionarios;LE;Publicada y disponible para ofertar;24/04/2025 11:52:08;Contratar cursos de capacitación para funcionarios de esta Institución, de acuerdo a lo establecido en bases adjuntas;CLP;NO PUBLICADO;DISPONIBLE;Entre 100 y 1000 UTM;SUBSECRETARIA DE SALUD PUBLICA
1389585-2-LE25;SUMINISTRO DE SUPLEMENTO ALIMENTICIO PARA FARMACIA;LE;Publicada y disponible para ofertar;23/04/2025 16:36:00;Que, conforme a lo señalado en el Memorándum N° 03 de fecha 16 de abril de 2025, la Encargada de Farmacia Comunal, solicita la “Contratación de convenio de suministro por la adquisición de suplemento alimenticio para stock de Farmacia Comunal dependiente de la Dirección Comunal de Salud de la Corporación Municipal de María Pinto”.;CLP;NO PUBLICADO;DISPONIBLE;Entre 100 y 1000 UTM;CORPORACION MUNICIPAL DE MARÍA PINTO
1293138-8-LP25; EQUIPOS ESPECIALIDAD BRONCO - FONO;LP;Publicada y disponible para ofertar;08/04/2025 14:32:37;Necesidad del Servicio de Salud Metropolitano Occidente para la implementación del Proyecto Reposición con Relocalización Hospital  San José de Melipilla,;CLP;NO PUBLICADO;ESTIMADO;Igual o superior a 1.000 UTM e inferior a 2.000 UTM;SERVICIO SALUD METROPOLITANO OCCIDENTE
1274285-24-LQ25;Contrato suministro de reactivos exámenes de orina;LQ;Publicada y disponible para ofertar;24/04/2025 16:16:00;Servicio contrato de suministro de reactivos e insumos para exámenes de orina completa para Laboratorio Comunal perteneciente a la Corporación Municipal de Educación y Salud de San Bernardo;CLP;NO PUBLICADO;DISPONIBLE;Igual o superior a 2.000 UTM e inferior a 5.000 UTM ;CORPORACION MUNICIPAL DE EDUCACION Y SALUD DE SAN BERNARDO
1274285-25-LQ25;Contrato suministro de reactivos Bacteriología;LQ;Publicada y disponible para ofertar;24/04/2025 16:46:10;Servicio contrato de suministro de reactivos e insumos para exámenes de Bacteriología para Laboratorio Comunal perteneciente a la Corporación Municipal de Educación y Salud de San Bernardo;CLP;NO PUBLICADO;DISPONIBLE;Igual o superior a 2.000 UTM e inferior a 5.000 UTM ;CORPORACION MUNICIPAL DE EDUCACION Y SALUD DE SAN BERNARDO
1216085-49-LP25;SUMINISTRO DE PRÓTESIS DENTALES REMOVIBLES CMVA;LP;Publicada y disponible para ofertar;21/04/2025 17:08:59;El objeto de la licitación pública es la confección de prótesis dentales acrílicas totales o parciales y prótesis dentales metálicas totales o parciales, y las reparaciones protésicas, según las necesidades clínicas del usuario atendido y cantidades de atenciones efectuadas por el Departamento de Salud que se detallan en la siguiente tabla:  N°	TIPO PRESTACIÓN 	CANTIDAD ESTIMADA	FINANCIAMIENTO 1	Confección prótesis dentales removible acrílica 	683 prótesis 	Programa Estrategias de Salud Dental 2	Confección prótesis dentales removible metálica	396 prótesis 	Programa Estrategias de Salud Dental 3	Reparación prótesis dentales 	20 reparaciones 	Percápita;CLP;PUBLICADO;DISPONIBLE;98.057.666;CORP MUNICIPAL PARA EL DESARROLLO SOCIAL
1180825-3-LR25;Provisión de Ambulancias de Emergencia Avanzadas tracción 4x2;LR;Publicada y disponible para ofertar;04/04/2025 13:11:32;La necesidad por parte del Servicio Salud Coquimbo de ejecutar el proyecto mandatado por el Gobierno Regional de Coquimbo, para el SAMU Región de Coquimbo, consistente en reponer las Ambulancias de Emergencia Avanzadas de las cuales, siete con Tracción 4x2  tres con tracción 4x4  una camioneta tracción 4x4, equipamiento médico e implementos de comunicación. ;CLP;NO PUBLICADO;ESTIMADO;Igual o superior a 5.000 UTM;SERVICIO DE SALUD COQUIMBO
1057898-20-LP25;ADQUISICIÓN DE INSTRUMENTAL DE LA ESPECIALIDAD DE GINECOLOGÍA PARA EL NUEVO HOSPITAL REGIONAL DE ÑUBLE;LP;Publicada y disponible para ofertar;24/04/2025 13:05:56;El Servicio de Salud Ñuble requiere efectuar la ADQUISICIÓN DE INSTRUMENTAL DE LA ESPECIALIDAD DE GINECOLOGÍA PARA EL NUEVO HOSPITAL REGIONAL DE ÑUBLE, de acuerdo a las Bases Administrativas adjuntas y sus respectivos Anexos.;CLP;PUBLICADO;DISPONIBLE;337.678.000;SERVICIO DE SALUD NUBLE
1057898-15-LP25;ADQUISICIÓN DE INSTRUMENTAL DE MAXILOFACIAL PARA EL NUEVO HOSPITAL REGIONAL DE ÑUBLE;LP;Publicada y disponible para ofertar;24/04/2025 13:04:27;El servicio de Salud Ñuble requiere efectuar la adquisición de Instrumental de Maxilofacial para el Nuevo Hospital Regional de Ñuble, de acuerdo a las Bases Administrativas adjuntas y sus respectivos Anexos.;CLP;PUBLICADO;DISPONIBLE;233.404.000;SERVICIO DE SALUD NUBLE
1057979-6-L125;INTERVENCIONES EN CUBIERTA PATIO CLUB ESCOLAR HOSPITAL PENCO LIRQUEN;L1;Publicada y disponible para ofertar;25/04/2025 11:59:10;Esta obra se ejecutará en el recintos del Club Escolar, dependiente del Servicio Salud Talcahuano, el que se encuentran en pleno funcionamiento, por lo tanto, para la presentación de las ofertas, el oferente deberá considerar que los sectores aledaños a intervenir se encuentran en uso, por lo que deberá extremar los cuidados para ejecutar los trabajos solicitados, ya que cualquier daño o perjuicio será de su responsabilidad y la reposición o reparación del área intervenida será de su costa.;CLP;PUBLICADO;ESTIMADO;2.000.000;DIRECCION SERVICIO DE SALUD TALCAHUANO
1057506-18-LE25;SERVICIO INSTALACIÓN ESTABILIZADOR DE VOLTAJE HC;LE;Publicada y disponible para ofertar;25/04/2025 15:33:25;El Hospital de Coelemu llama a licitación pública, para la contratación de servicios suministro e instalación de un estabilizador de voltaje electrónico para la regulación de tensión del hospital de Coelemu, proyecto que contempla el montaje de la unidad, nueva canalización eléctrica desde estabilizador a tablero general, habilitación de caseta para equipo y puesta en marcha del nuevo estabilizador de voltaje;CLP;PUBLICADO;DISPONIBLE;32.000.000;SERVICIO NACIONAL DE SALUD HOSPITAL DE COELEMU
956-47-LE25;Adquisición de Balanzas Digitales para Farmacia del nuevo Hospital Claudio Vicuña de San Antonio;LE;Publicada y disponible para ofertar;29/04/2025 11:52:14;La necesidad de realizar un proceso de licitación para la Adquisición de Balanzas Digitales para Farmacia del nuevo Hospital Claudio Vicuña de San Antonio, requeridas por la Subdirección de Desarrollo Institucional de la Dirección del Servicio de Salud Valparaíso – San Antonio.;CLP;PUBLICADO;ESTIMADO;11.540.000;SERVICIO DE SALUD VALPARAISO SAN ANTONIO
1057500-35-LQ25;EMPAGLIFOZINA 10 MG o DAPAGLIFOZINA 10 MG;LQ;Publicada y disponible para ofertar;30/04/2025 17:03:49;SE REQUIERE LA ADQUISICIÓN DEL MEDICAMENTO DEL GRUPO DE LOS ISGLT2 (INHIBIDORES DEL COTRANSPORTADOR DE SODIO-GLUCOSA TIPO 2), PARA LA RED DE SALUD DEL SSMSO, SEGÚN BASES APROBADAS POR RES. EXENTA N°823/2025. ;CLP;NO PUBLICADO;ESTIMADO;Igual o superior a 2.000 UTM e inferior a 5.000 UTM ;SERVICIO DE SALUD METROPOLITANO SUR ORIENTE
1057402-98-LP25;EXAMENES GASTROENTEROLOGICOS;LP;Publicada y disponible para ofertar;30/04/2025 10:28:32;El Hospital requiere contratar la ejecución del servicio de exámenes gastroenterológicos: Test de Lactosa, Test de Lactulosa, Capsula Endoscópica, Manometría esofágica, Ph metria esofágica y Impedanciometría esofágica.  Lo anterior, debido a que dichas prestaciones exceden la capacidad técnica del Hospital, por lo que no pueden dar cumplimiento a estas solicitudes.;CLP;NO PUBLICADO;ESTIMADO;Igual o superior a 1.000 UTM e inferior a 2.000 UTM;HOSPITAL CLINICO DE MAGALLANES DR. LAUTARO NAVARRO AVARIA
813-62-LQ25;PP 72 GASES DE LABORATORIO;LQ;Publicada y disponible para ofertar;29/04/2025 09:34:15;Adquisición de gases de laboratorios para diferentes secciones del Instituto de Salud Pública de Chile, bajo la modalidad de contrato de suministro.  PP 72 GASES DE LABORATORIO, DEBE OFERTAR TODOS LOS GASES DE LABORATORIO SOLICITOS SEGUN BASES TECNICA DE LA RESOL EXENTA 2819.;CLP;NO PUBLICADO;DISPONIBLE;Igual o superior a 2.000 UTM e inferior a 5.000 UTM ;INSTITUTO DE SALUD PUBLICA DE CHILE
3778-11-LQ25;TOMA DE MUESTRA DE LABORATORIO 2025-2026;LQ;Publicada y disponible para ofertar;15/04/2025 13:02:22;El departamento de salud de la Municipalidad de Hijuelas, requiere contar con un contrato de suministro para todo el periodo 2025 y 2026 por los servicios de “TOMA DE MUESTRA DE LABORATORIO PARA EL DEPARTAMENTO DE SALUD HIJUELAS 2025-2026”con el objetivo de brindar un servicio integro, en cuanto a la realización de exámenes para los usuarios de la comuna de Hijuelas;CLP;NO PUBLICADO;DISPONIBLE;Igual o superior a 2.000 UTM e inferior a 5.000 UTM ;I MUNICIPALIDAD DE HIJUELAS
2963-23-LP25;SERVICIO DE MANTENCIÓN EQUIPOS MEDICOS Y DENTALES;LP;Publicada y disponible para ofertar;15/04/2025 11:25:00;El SERVICIO DE MANTENCIÓN, REPARACIÓN Y PROVISIÓN DE REPUESTOS PARA EQUIPOS MÉDICOS Y  DENTALES PARA EL DEPARTAMENTO DE SALUD MUNICIPAL, consiste en la realización de mantenciones preventivas, y mantenciones reparativas de los equipos médicos, dentales y esterilización, de todas las unidades adscritas al Departamento de Salud.;CLP;NO PUBLICADO;DISPONIBLE;Igual o superior a 1.000 UTM e inferior a 2.000 UTM;I MUNICIPALIDAD DE LA GRANJA
1293138-9-LR25;EQUIPOS DE CONECTIVIDAD LAN ;LR;Publicada y disponible para ofertar;03/04/2025 13:24:00;Necesidad del Servicio de Salud para la implementación del Proyecto Reposición con Relocalización Hospital San José de Melipilla.;CLP;NO PUBLICADO;ESTIMADO;Igual o superior a 5.000 UTM;SERVICIO SALUD METROPOLITANO OCCIDENTE
1736-37-LQ25;Servicio de la Gestión de la demanda Telefónica;LQ;Publicada y disponible para ofertar;24/04/2025 17:04:56;La Municipalidad de El Bosque requiere contratar un servicio de telecomunicaciones que provea a la red de Centros de Salud Familiar de atención primaria dependientes de la Dirección de Salud de la Comuna de El Bosque, en adelante la “institución”, de un servicio de comunicaciones multicanal voz, mensajería, correos electrónicos, entre otros que permita, en forma eficiente y oportuna, la comunicación entre la organización de salud, los centros de atención y sus pacientes.;CLP;NO PUBLICADO;DISPONIBLE;Igual o superior a 2.000 UTM e inferior a 5.000 UTM ;I MUNICIPALIDAD DE LA COMUNA DE EL BOSQUE
1057434-17-L125;SERVICIO MANTENCION PREVENTIVA, CORRECTIVA Y REPARATIVA BARRERA Y MOTORES ELECTRICOS DE ACCESOS DEL CESFAM DR. VICTOR M. FERNANDEZ;L1;Publicada y disponible para ofertar;28/04/2025 16:57:16;EL PRESENTE CONTRATO ESTÁ ORIENTADO PARA ASEGURAR UN MANTENIMIENTO PROTOCOLIZADO Y PERIÓDICO DE LA BARREA DE INGRESO Y MOTORES DEL MISMO, CON EL FIN DE DISMINUIR EL RIESGO DE FALLA IMPREVISTA, ASEGURAR UN CORRECTO FUNCIONAMIENTO Y GARANTIZAR SU OPERATIVIDAD EVITANDO INTERRUPCIONES EN LA ATENCIÓN DE PACIENTES, USUARIOS Y FUNCIONARIOS DEL CENTRO DE SALUD FAMILIAR DR. VICTOR MANUEL. FERNÁNDEZ, DE ACUERDO A ESPECIFICACIONES TECNICAS ADJUNTAS.;CLP;NO PUBLICADO;ESTIMADO;Menor a 100 UTM;SERVICIO DE SALUD CONCEPCION ARAUCO CONS
1057922-10-LP25;ADQUISICIÓN DE EQUIPOS PARA PLAN NACIONAL DEL CÁNCER;LP;Publicada y disponible para ofertar;28/04/2025 12:16:12;REPOSICIÓN Y ADQUISICIÓN DE EQUIPOS Y EQUIPAMIENTO PARA EL SERVICIO DE SALUD OSORNO, CONTEMPLADOS POR PLAN NACIONAL DEL CÁNCER 2025;CLP;NO PUBLICADO;DISPONIBLE;Igual o superior a 1.000 UTM e inferior a 2.000 UTM;SERVICIO DE SALUD OSORNO
3780-3-LE25;Imágenes Diagnósticas. SP N 36 Jaime Rojas.;LE;Publicada y disponible para ofertar;28/04/2025 15:02:37;Cumplir con el desarrollo del convenio de imágenes diagnósticas año 2025.;CLP;PUBLICADO;DISPONIBLE;24.764.097;Ilustre Municipalidad de Yerbas Buenas
4170-17-LP25;CONTRATACIÓN DE SEGUROS PARA DEPTO. EDUCACIÓN MUNICIPIO Y SALUD;LP;Publicada y disponible para ofertar;04/04/2025 15:42:00;Contratación de Seguros para bienes del Municipio, Depto. de educación y Depto. de Salud de Galvarino;CLF;NO PUBLICADO;DISPONIBLE;Igual o superior a 1.000 UTM e inferior a 2.000 UTM;Ilustre Municipalidad de Galvarino
1293138-10-LR25;ADQUISICIÓN TORRES ENDOSCOPIA;LR;Publicada y disponible para ofertar;10/04/2025 13:54:08;NECESIDAD DEL SERVICIO DE SALUD OCCIDENTE PARA LA IMPLEMENTACIÓN DEL PROYECTO REPOSICIÓN CON RELOCALIZACIÓN HOSPITAL DE MELIPILLA;CLP;NO PUBLICADO;ESTIMADO;Igual o superior a 5.000 UTM;SERVICIO SALUD METROPOLITANO OCCIDENTE
3621-11-LE25;CONSERVACION INFRAESTRUCTURA ATENCION PRIMARIA SAL;LE;Publicada y disponible para ofertar;15/04/2025 18:09:48;SE CONSULTA LA AMPLIACION DE LA INFRAESTRUCTURA PRIMARIA DE SALUD CON RESPECTO A LA SALA ERA E IRA, POSTA DE SALUD RURAL LA VIÑA.;CLP;PUBLICADO;DISPONIBLE;16.837.705;I MUNICIPALIDAD DE CABILDO
2132-7-LE25;COMPRA DE SERVICIO PARA REGISTRO CÁNCER;LE;Publicada y disponible para ofertar;30/04/2025 17:56:27;Se requiere compra de servicio para búsqueda activa de los casos incidentes de cáncer de la región en establecimientos públicos y privados, visita a laboratorios de anatomía patológica y en todas las fuentes de información del Registro Poblacional de Cáncer, análisis los casos recopilados de las distintas fuentes de datos, Codificación de los casos analizados de acuerdo a la Clasificación Internacional de Enfermedades Oncológicas, tercera edición CIE-O-3, digitación de información y consolidación de base de datos para el registro poblacional del cáncer de la SEREMI de Salud del Maule;CLP;NO PUBLICADO;DISPONIBLE;Entre 100 y 1000 UTM;SUBSECRETARIA DE SALUD PUBLICA
813-49-LR25;Servicios de mant. preventivo y correctivo;LR;Publicada y disponible para ofertar;16/04/2025 09:51:51;El Instituto de Salud Pública de Chile, en adelante, e indistintamente, el “Instituto” o el “ISP”, requiere la contratación, bajo modalidad de suministro, de los servicios de mantenimiento preventivo y correctivo de equipos de refrigeración y climatización, con el propósito final de resguardar la funcionalidad de dichos equipos y confiabilidad de los resultados analíticos que estos entregan. ;CLP;PUBLICADO;ESTIMADO;380.000.000;INSTITUTO DE SALUD PUBLICA DE CHILE
1057967-3-LQ25;ADQUISICION DE VIDEOBRONCOSCOPIO PARA HCSBA;LQ;Publicada y disponible para ofertar;15/04/2025 16:21:01;APRUEBA BASES ADMINISTRATIVAS, BASES TECNICAS Y ANEXOS Y LLAMA A LICITACION PUBLICA PARA LA ADQUISICION DE VIDEOBRONCOSCOPIO EN CENTRO BRONCOPULMONAR HCSBA DEL SSMC;CLP;NO PUBLICADO;ESTIMADO;Igual o superior a 2.000 UTM e inferior a 5.000 UTM ;SERVICIO DE SALUD METROPOLITANO CENTRAL
2258-86-LR25;SERVICIO ENFERMERIA CAMA MEDIA BASICA Y PEDIATRIC;LR;Publicada y disponible para ofertar;09/04/2025 16:20:26; SERVICIOS ENFERMERIA ATENCION Y CUIDADO INTEGRAL DE PACIENTES CAMAS MEDIAS, BASICA Y PEDIATRICAS el objetivo primordial cumplir con el fin asistencial y servicios apropiados para cumplir con lo instruido por Director del servicio de salud en Oficio nº255, apertura de 30 camas medias en Las diferentes unidades de manera adecuada y eficiente.;CLP;NO PUBLICADO;DISPONIBLE;Igual o superior a 5.000 UTM;SERVICIO DE SALUD ANTOFAGASTA HOSPITAL L
1057509-131-LE25;CONVENIO COMPRA DE SERVICIOS DE TENS PARA APOYO CIRUGÍA MAXILOFACIAL. mpv;LE;Publicada y disponible para ofertar;22/04/2025 10:28:28;El Hospital Clínico Herminda Martín de Chillán llama a Licitación Pública a través del Portal Mercado Público, para gestionar un convenio por compra de servicios de TENS para apoyo en Cirugía en Maxilofacial para dar continuidad a las atenciones a pacientes beneficiarios del sistema público de salud de acuerdo a requerimientos especificados en bases administrativas y Técnicas de la presente licitación. Se pretende obtener la mejor calidad y oportunidad en la prestación de los servicios a un precio conveniente.;CLP;PUBLICADO;ESTIMADO;21.600.000;HOSPITAL CLINICO HERMINDA MARTIN
619133-100-LE25;ADQUISICION EQUIPO VIDEOCOPOSCOPIO PARA SERVICIO GINECOOBSTETRICIA;LE;Publicada y disponible para ofertar;28/04/2025 10:04:17;Hospital San Camilo de San Felipe, dependiente del Servicio de Salud Aconcagua, requiere adquirir equipo VIDEOCOLPOSCOPIO aprobado hasta la fecha por Subtítulo 29: Plan Nacional del Cáncer.;CLP;PUBLICADO;DISPONIBLE;25.045.000;SERVICIO SALUD SAN FELIPE LOS ANDES HOSP
1079650-5-LE25;ADQUISICIÓN ECOGRAFO PORTATIL;LE;Publicada y disponible para ofertar;21/04/2025 12:18:00;ADQUISICIÓN ECOGRAFO PORTATIL PARA HOSPITAL REGIONAL DR. GUILLERMO GRANT BENAVENTE,CORRESPONDE A RETRIBUCIONES AÑO 2025 ENTRE EL HOSPITAL CLINICO REGIONAL DR. GUILLERMO GRANT BENAVENTE(HGGB) Y LA UNIVERSIDAD DE CONCEPCION (UDEC), EL PROVEEDOR DEBERÁ EMITIR SU FACTURA CON LA ORDEN DE COMPRA QUE EMITA LA UDEC Y NO LA QUE EMITE O PUBLICA EL SERVICIO DE SALUD CONCEPCION (SSC);CLP;PUBLICADO;DISPONIBLE;55.960.455;SERVICIO DE SALUD CONCEPCION
1057503-48-LQ25;Contratación de Servicios de Establecimiento de Larga Estadía Adulto Mayor ELEAM para Paciente Sociosanitario del Hospital Padre Alberto Hurtado;LQ;Publicada y disponible para ofertar;30/04/2025 12:22:23;El objetivo de la presente licitación es proveer la Contratación de Servicios de Establecimiento de Larga Estadía Adulto Mayor (ELEAM) para Paciente Sociosanitario del Hospital Padre Alberto Hurtado, que cumplan con las exigencias precisadas en las Bases Administrativas y Técnicas de la Propuesta.;CLP;PUBLICADO;DISPONIBLE;337.000.000;HOSPITAL PADRE ALBERTO HURTADO
956-45-LP25;Adquisición de Instrumental Ginecología V para el nuevo Hospital Claudio Vicuña de San Antonio;LP;Publicada y disponible para ofertar;29/04/2025 09:12:35;La necesidad de realizar un proceso de licitación para la Adquisición de Instrumental Ginecología V para el nuevo Hospital Claudio Vicuña de San Antonio, requerido por la Subdirección de Desarrollo Institucional de la Dirección del Servicio de Salud Valparaíso – San Antonio.;CLP;PUBLICADO;ESTIMADO;76.110.430;SERVICIO DE SALUD VALPARAISO SAN ANTONIO
188-27-LE25;ADQUISICIÓN DE COMPLEJO B;LE;Publicada y disponible para ofertar;22/04/2025 12:43:57;“ADQUISICIÓN DE COMPLEJO B, PARA CAMPAÑA DE VACUNACIÓN DE LA CORPORACIÓN MUNICIPAL DE LA FLORIDA - COMUDEF”, el cual tiene por objeto garantizar el abastecimiento de Complejo Vitamínico B, asegurando la continuidad de la estrategia de suplementación dirigida a adultos mayores y personas adultas desde los 50 años, en el marco de las políticas de salud preventiva implementadas por la Municipalidad de La Florida.;CLP;NO PUBLICADO;DISPONIBLE;Entre 100 y 1000 UTM;CORP MUNICIPAL DE EDUC SALUD CULTURA Y RECREACION DE LA FLORIDA
956-35-LP25;Adquisición de Instrumental Traumatología IV para el nuevo Hospital Claudio Vicuña de San Antonio;LP;Publicada y disponible para ofertar;10/04/2025 12:26:36;La necesidad de realizar un proceso de licitación para la Adquisición de Instrumental Traumatología IV para el nuevo Hospital Claudio Vicuña de San Antonio, requerido por la Subdirección de Desarrollo Institucional de la Dirección del Servicio de Salud Valparaíso – San Antonio.;CLP;PUBLICADO;ESTIMADO;69.231.711;SERVICIO DE SALUD VALPARAISO SAN ANTONIO
2107-52-LP25;ADQUISICIÓN DE PETRÓLEO PARA CALDERAS Y GRUPO ELECTROGENO DEL HOSPITAL DE SANTA CRUZ;LP;Publicada y disponible para ofertar;14/04/2025 12:35:14;El Hospital Santa Cruz, como establecimiento de salud, requiere adquirir suscribir un convenio de suministro de combustible para uso en calderas y equipos electrógenos pertenecientes al Hospital.;CLP;NO PUBLICADO;ESTIMADO;Igual o superior a 1.000 UTM e inferior a 2.000 UTM;SERVICIO DE SALUD HOSPITAL DE SANTA CRUZ
188-28-LE25;SUMINISTRO DE PIEZAS GRAFICAS PARA COMUDEF.;LE;Publicada y disponible para ofertar;24/04/2025 12:43:41;Las presentes Especificaciones Técnicas tienen por objeto reglamentar los requerimientos de la propuesta pública y complementan las Bases Administrativas Generales y las Especiales. Están referidas a “SUMINISTRO DE PIEZAS GRÁFICAS EN DIFERENTES MATERIALES, PARA LA CORPORACIÓN MUNICIPAL DE LA FLORIDA- COMUDEF”, cuyo objeto es asegurar el acceso a información oportuna sobre las actividades de las áreas de salud y educación a los habitantes de la comuna de La Florida, a través de soportes gráficos de diversas dimensiones y características para el correcto desarrollo de eventos y actividades y para su comunicación a la ciudadanía. Lo anterior, mediante aproximadamente 3.600 m2 de PVC impreso en lienzos, posteras, pasacalles, roller, foam, vinilo y adhesivo de PVC, que incluirán la imagen corporativa e información de la Corporación Municipal de La Florida.;CLP;NO PUBLICADO;DISPONIBLE;Entre 100 y 1000 UTM;CORP MUNICIPAL DE EDUC SALUD CULTURA Y RECREACION DE LA FLORIDA
1057898-19-LP25;ADQUISICIÓN DE EQUIPOS Y EQUIPAMIENTO ANATOMÍA PATOLÓGICA 2 PARA EL NUEVO HOSPITAL REGIONAL DE ÑUBLE;LP;Publicada y disponible para ofertar;24/04/2025 13:05:44;El Servicio de Salud Ñuble requiere efectuar la Adquisición de Equipos y Equipamiento Anatomía Patológica 2 para el nuevo Hospital Regional de Ñuble, de acuerdo a las Bases Administrativas adjuntas y sus respectivos Anexos.;CLP;PUBLICADO;DISPONIBLE;320.363.000;SERVICIO DE SALUD NUBLE
1552-17-LP25;ADQUISICIÓN SERVICIO DE ARRIENDO DE 15 IMPRESORAS;LP;Publicada y disponible para ofertar;28/04/2025 12:22:59;El Servicio de Salud Atacama -en adelante también el Servicio- llama a presentar ofertas en la Licitación Pública para la Arriendo de 15 quince impresoras Departamental con servicios de impresión, años 2025 y 2026. Las características particulares de los bienes a adquirir se describen en las especificaciones técnicas de la licitación.;CLP;NO PUBLICADO;DISPONIBLE;Igual o superior a 1.000 UTM e inferior a 2.000 UTM;SERVICIO DE SALUD ATACAMA
2996-33-LE25;CONVENIO DE SUMINISTRO MANTENCIN DE VEHICULOS;LE;Publicada y disponible para ofertar;28/04/2025 14:09:31;Servicio de mantenimiento preventivo y correctivo para vehículos del parque automotriz dependiente del Departamento de Salud de la Ilustre Municipalidad de Monte Patria;CLP;NO PUBLICADO;DISPONIBLE;Entre 100 y 1000 UTM;I MUNICIPALIDAD DE MONTEPATRIA
1057539-96-LQ25;CONVENIO INSUMOS ASOCIADOS A RECOLECCION FLUIDOS;LQ;Publicada y disponible para ofertar;29/04/2025 08:14:56;Debido a la necesidad del Hospital de Puerto Montt, de contar con un convenio de suministro de insumos necesarios para la recolección de fluidos hospitalarios generados en los diferentes servicios clínicos, y así garantizar un ambiente seguro, aséptico y conforme a las normativas sanitarias, asegurando un ambiente seguro tanto de los pacientes como del personal de salud.;CLP;PUBLICADO;ESTIMADO;209.494.860;HOSPITAL PUERTO MONTT SERVICIO DE SALUD DEL RELONCAVI
1978-27-LP25;Compra de Medicamento Dapagliflozina 10 mg;LP;Publicada y disponible para ofertar;30/04/2025 15:54:49;OBJETIVO DE LA CONTRATACIÓN: Las presentes Bases de Licitación  tienen por finalidad establecer los antecedentes, requerimientos y condiciones de contratación  para la adquisición de Compra de Medicamento Dapagliflozina 10mg o Empagliflozina  10mg. Esta licitación tiene por objeto abastecer al Servicio de Salud Maule de Dapagliflozina 10mg  o Empagliflozina 10mg, para el Programa de Cuidados Preventivos y de Tratamiento en  APS, año 2025. La descripción específica de los requerimientos de los productos y/o servicios que se licitan en  este proceso se detalla en el Formulario de ESPECIFICACIONES TÉCNICAS debiendo la  oferta ceñirse a las descripciones y especificaciones señaladas.  El sólo hecho de participar de esta licitación implica la aceptación de la totalidad de las  condiciones establecidas en las presentes bases.;CLP;NO PUBLICADO;DISPONIBLE;Igual o superior a 1.000 UTM e inferior a 2.000 UTM;SERVICIO DE SALUD DEL MAULE
507428-76-LP25;ADQUISICIÓN DE EQUIPO RX PORTÁTIL PARA EL PROYECTO NHCQ;LP;Publicada y disponible para ofertar;22/04/2025 11:51:00;El Servicio de Salud Chiloé requiere la adquisición Equipo de RX portátil para el proyecto de Normalización del Nuevo Hospital Comunitario de Queilen.;CLP;NO PUBLICADO;ESTIMADO;Igual o superior a 1.000 UTM e inferior a 2.000 UTM;SERVICIO DE SALUD CHILOE
1058134-56-LR25;CONVENIO DE SUMINISTRO DE MEDICAMENTO OCTREOTIDA;LR;Publicada y disponible para ofertar;14/04/2025 18:23:05;“CONVENIO DE SUMINISTRO DE MEDICAMENTO OCTREOTIDA PARA EL HOSPITAL BASE VALDIVIA”;CLP;PUBLICADO;ESTIMADO;504.000.000;SERVICIO DE SALUD VALDIVIA HOSPITAL BASE
1549-32-LR25;ADQUISICIÓN DE ALBUMINA 20% 50ML PARA EL HOSPITAL SAN JOSÉ;LR;Publicada y disponible para ofertar;03/04/2025 17:04:20;de acuerdo con lo establecido en la Resolución N° 410, de 31 de enero de 2025, que aprueba Plan Anual de Compras y Contrataciones año 2025 para el Complejo Hospitalario San José, se requiere albumina 20% 50ML. ;CLP;NO PUBLICADO;DISPONIBLE;Igual o superior a 5.000 UTM;SERVICIO DE SALUD METROPOLITANA NORTE HOSPITAL SAN JOSE
1532-22-LQ25;ECOGRAFO GINECOLOGICO;LQ;Publicada y disponible para ofertar;10/04/2025 17:24:00;SE REQUIERE ECÓGRAFO GINECOLÓGICO SEGÚN ESPECIFICACIONES TÉCNICAS;CLP;NO PUBLICADO;DISPONIBLE;Igual o superior a 2.000 UTM e inferior a 5.000 UTM ;CENTRO REFERENCIAL DE SALUD DR SALVADOR ALLENDE GOSSENS
4429-26-LE25;SERVICIO ESTERILIZACION PARA LOS CESFAM;LE;Publicada y disponible para ofertar;23/04/2025 10:39:14;SERVICIO ESTERILIZACION PARA LOS CESFAM DE LA COMUNA DE HUALPEN POR UN PERIODO DE 12 MESES;CLP;PUBLICADO;DISPONIBLE;15.000.000;MUNICIPALIDAD DE HUALPEN
2258-69-LR25;SERVICIO DE OXIGENOTERAPIA DOMICILIARIA DEL HRA;LR;Publicada y disponible para ofertar;17/04/2025 14:57:03;suministro permanente de oxígeno medicinal y sus insumos de apoyo al exterior del establecimiento hospitalario, siendo entregados en el lugar de residencia del paciente.;CLP;NO PUBLICADO;DISPONIBLE;Igual o superior a 5.000 UTM;SERVICIO DE SALUD ANTOFAGASTA HOSPITAL L
4779-1-LQ25;ADQUISICIÓN ALBÚMINA HUMANA 20% SOL. INY. 50 ML;LQ;Publicada y disponible para ofertar;24/04/2025 15:53:07;CONTRATAR EL CONVENIO DE SUMINISTRO DE ALBÚMINA HUMANA 20% SOLUCIÓN INYECTABLE DE 20 MGML FRASCO DE 50 ML PARA EL HOSPITAL REGIONAL DE COYHAIQUE;CLP;NO PUBLICADO;ESTIMADO;Igual o superior a 2.000 UTM e inferior a 5.000 UTM ;SERVICIO NACIONAL DE SALUD HOSPITAL DE C
1057049-85-LR25;SHV SUMINISTRO DE REACTIVOS AFERESIS TERAPEUTICA Y NO TERAPEUTICA CON COMODATO BANCO DE SANGRE;LR;Publicada y disponible para ofertar;03/04/2025 17:36:54;SUMINISTRO DE REACTIVOS AFERESIS TERAPEUTICA Y NO TERAPEUTICA CON COMODATO BANCO DE SANGRE;CLP;NO PUBLICADO;ESTIMADO;Igual o superior a 5.000 UTM;SERV SALUD METROPOLITANO CENTRAL HOSPITAL CLINICO SAN BORJA ARRIARAN
1057049-87-LR25;PTF ADQUISICION INSUMOS CIRUGIA ROBOTICA;LR;Publicada y disponible para ofertar;04/04/2025 17:15:15;El objetivo de la licitación será la Adquisición de Insumos para la Unidad de Cirugía Robótica, individualizadas en las bases técnicas y anexos respectivos, los que se entiende forman parte integrante de las presentes bases administrativas.;CLP;NO PUBLICADO;ESTIMADO;Igual o superior a 5.000 UTM;SERV SALUD METROPOLITANO CENTRAL HOSPITAL CLINICO SAN BORJA ARRIARAN
1075963-176-LE25;ADQUISICIÓN DE 03 EQUIPOS ELECTROCARDIOGRAFO 3 CANALES - SUB. 29 HOSPITAL DR. JUAN NOE CREVANI;LE;Publicada y disponible para ofertar;28/04/2025 09:07:13;ADQUISICIÓN DE 03 EQUIPOS ELECTROCARDIOGRAFO 3 CANALES - SUB. 29 HOSPITAL DR. JUAN NOE CREVANI;CLP;NO PUBLICADO;DISPONIBLE;Entre 100 y 1000 UTM;SERVICIO DE SALUD ARICA HOSP DR JUAN NOE CREVANI
1057498-23-LQ25;Mantención Tomógrafo computarizado ;LQ;Publicada y disponible para ofertar;25/04/2025 11:49:12;Fijar  contrato de mantenciones preventivas y correctivas para el Hospital El Pino;CLP;NO PUBLICADO;DISPONIBLE;Igual o superior a 2.000 UTM e inferior a 5.000 UTM ;SERVICIO DE SALUD SUR HOSPITAL SANATORIO EL PINO
1641-215-LE25;COLCHONES CON COBERTOR PARA CAMAS DE UPC;LE;Publicada y disponible para ofertar;25/04/2025 17:40:15;La contratación de COLCHONES CON COBERTOR PARA CAMAS DE UPC...;CLP;NO PUBLICADO;ESTIMADO;Entre 100 y 1000 UTM;SERVICIO DE SALUD OCCIDENTE HOSPITAL SAN JUAN DE DIOS
1075963-159-LE25;CONVENIO MANTENCIÓN PREVENTIVA Y CORRECTIVA EQUIPO DE HEMOFILTRACIÓN MARCA B. BRAUN POR 24 MESES;LE;Publicada y disponible para ofertar;25/04/2025 08:53:40;CONVENIO MANTENCIÓN PREVENTIVA Y CORRECTIVA EQUIPO DE HEMOFILTRACIÓN MARCA B. BRAUN, POR 24 MESES;CLP;NO PUBLICADO;DISPONIBLE;Entre 100 y 1000 UTM;SERVICIO DE SALUD ARICA HOSP DR JUAN NOE CREVANI
3661-3-LQ25;SERV DE MANTENCION Y REP. DE VEHICULOS LIVIANOS;LQ;Publicada y disponible para ofertar;25/04/2025 13:11:15;CONTRATO DE SUMINISTRO POR SERVICIO DE MANTENCION Y REPARACION DE VEHICULOS LIVIANOS MUNICIPALES, DEPTO. SALUD Y DEPTO. DE EDUCACION  MUNICIPAL.;CLP;NO PUBLICADO;ESTIMADO;Igual o superior a 2.000 UTM e inferior a 5.000 UTM ;I MUNICIPALIDAD DE SAN ESTEBAN
1057384-50-LE25;Equipos de administración soluciones Adulto;LE;Publicada y disponible para ofertar;25/04/2025 13:07:06;Equipos de administración soluciones Adulto;CLP;NO PUBLICADO;ESTIMADO;Entre 100 y 1000 UTM;SERVICIO DE SALUD ANTOFAGASTA HOSPITAL M
1075337-23-LE25;Ss. Reparación Video Fibroscopios Para H.Angol;LE;Publicada y disponible para ofertar;22/04/2025 12:26:00;El objetivo de la presente licitación es la contratación del servicio de mantenimiento correctivo para video fibroscopios marza Storz del Hospital Dr. Mauricio Heyermann Torres de Angol. ;CLP;PUBLICADO;ESTIMADO;32.000.000;SERVICIO DE SALUD ARAUCANIA NORTE HOSPITAL DE ANGOL
4123-11-LE25;Compra Uniforme personal Cesfam;LE;Publicada y disponible para ofertar;29/04/2025 16:38:09;Compra de Uniformes para personal de Cesfam Ninhue;CLP;PUBLICADO;DISPONIBLE;8.000.000;I MUNICIPALIDAD DE NINHUE
2126-77-LP25;CONVENIO DE ADQUISICIÓN DE EQUIPOS ENDOSCOPICOS PARA EL HOSPITAL SAN PABLO DE COQUIMBO;LP;Publicada y disponible para ofertar;29/04/2025 16:12:40;ADQUISICIÓN DE EQUIPOS ENDOSCOPICOS PARA EL HOSPITAL SAN PABLO DE COQUIMBO;CLP;PUBLICADO;DISPONIBLE;101.909.000;SERVICIO DE SALUD COQUIMBO HOSPITAL DE COQUIMBO
1175-69-LE25;Lic. 73.25 Adq. Impresoras H. Carahue;LE;Publicada y disponible para ofertar;23/04/2025 11:46:05;Se requiere la ADQUISICIÓN DE IMPRESORAS PARA EL HOSPITAL DE CARAHUE, nuevos y sin uso. Las características técnicas, se detallan en el ANEXO Nº 3 de las presentes bases. Debe cumplir con todas las características marcadas como obligatorias para que la oferta sea admisible.;CLP;PUBLICADO;ESTIMADO;12.300.000;SERVICIO DE SALUD ARAUCANIA SUR
2546-29-LE25;PROPUESTA PUBLICA 49 CONT. SUMINISTRO COMBUSTIBLES;LE;Publicada y disponible para ofertar;29/04/2025 12:40:53;CONTRATO DE SUMINISTRO COMBUSTIBLE PARA CALDERA Y GENERADORES ESTABLECIMIENTOS DE SALUD Y EDIFICIO CONSISTORIAL, COMUNA DE PADRE LAS CASAS, SEGÚN BASES ADJUNTAS;CLP;NO PUBLICADO;DISPONIBLE;Entre 100 y 1000 UTM;I MUNICIPALIDAD DE PADRE LAS CASAS
2702-22-LP25;“PROGRAMA DE CONTROL DE LA POBLACIÓN CANINA Y FELINA EN LA REGIÓN METROPOLITANA DE SANTIAGO”  ;LP;Publicada y disponible para ofertar;29/04/2025 13:20:27;El Programa tiene por objetivo la prestación de servicios que permitan el control reproductivo de caninos y felinos a través de financiamiento control reproductivo de caninos y felinos, que incluye esterilización, implantación de microchip y registro.;CLP;NO PUBLICADO;DISPONIBLE;Igual o superior a 1.000 UTM e inferior a 2.000 UTM;I MUNICIPALIDAD DE TALAGANTE
1057539-65-LP25;REPARACION DE VENTANAS PROYECTANTES SOLIC 132.;LP;Publicada y disponible para ofertar;22/04/2025 11:46:30;Objetivo documentar un problema detectado en las ventanas del Edificio H, donde se presenció la caída de vidrios correspondiente a la lámina exterior del termopanel en las ventanas proyectantes, solic 132.;CLP;NO PUBLICADO;ESTIMADO;Igual o superior a 1.000 UTM e inferior a 2.000 UTM;HOSPITAL PUERTO MONTT SERVICIO DE SALUD DEL RELONCAVI
956-23-LE25;Contratación de los servicios para la mantención preventiva y correctiva de los Portones del Edificio Dirección y del Centro de Sangre y Tejidos;LE;Publicada y disponible para ofertar;28/04/2025 15:42:08;Contratación de los servicios para la mantención preventiva y correctiva de los Portones del Edificio Dirección y del Centro de Sangre y Tejidos;CLP;PUBLICADO;DISPONIBLE;7.000.000;SERVICIO DE SALUD VALPARAISO SAN ANTONIO
2332-28-LE25;Ss CIERRE PERIMETRAL EST MEDICA LLANOS DE TENGLO;LE;Publicada y disponible para ofertar;28/04/2025 12:18:36;El Departamento de Salud Municipal de Puerto Montt, dentro de su estrategia de compra, llama a participar en la Licitación Pública para la “SERVICIO CIERRE PERIMETRAL ESTACION MEDICA RURAL LLANOS DE TENGLO DEL DEPARTAMENTO DE SALUD MUNICIPAL DE PUERTO MONTT”.;CLP;NO PUBLICADO;DISPONIBLE;Entre 100 y 1000 UTM;I MUNICIPALIDAD DE PUERTO MONTT
1057547-191-LP25;CONV SERV.OBRAS MENORES PARA EDIFICIO ZE;LP;Publicada y disponible para ofertar;23/04/2025 11:35:41;Convenio de Servicios para Obras Menores de Mantenimiento y reparación zona ZE del Hospital Base Valdivia.;CLP;PUBLICADO;ESTIMADO;80.000.000;SERVICIO DE SALUD VALDIVIA HOSPITAL BASE
507428-80-LE25;ADQUISICIÓN DE ELECTROBISTURÍ CON ARGÓN NHQ;LE;Publicada y disponible para ofertar;30/04/2025 11:17:47;Que, en el marco del proyecto “Normalización del Hospital de Quellón” y con el objetivo de dotarlo de equipamiento, se requiere adquirir e instalar Equipos clínicos.  ;CLP;NO PUBLICADO;ESTIMADO;Entre 100 y 1000 UTM;SERVICIO DE SALUD CHILOE
2086-3-LE25;COMPRA DE SERVICIO POR UN KINESIOLOGO;LE;Publicada y disponible para ofertar;30/04/2025 09:18:07;CONTAR CON LA COMPRA DE SERVICIO POR UN KINESIOLOGO PARA LA CAMPAÑA INVIERNO DEL HOSPITAL DE TOCOPILLA PARA LOS FINES DE SEMANA SABADOS Y DOMINGOS.;CLP;NO PUBLICADO;DISPONIBLE;Entre 100 y 1000 UTM;SERVICIO DE SALUD ANTOFAGASTA HOSPITAL M
799512-40-LE25;APLICACION ENCUESTA SATISFACCION USUARIA DE APS;LE;Publicada y disponible para ofertar;15/04/2025 11:06:00;Elaboración y aplicación de encuesta de satisfacción usuaria de los centros de salud;CLP;PUBLICADO;DISPONIBLE;40.000.000;CORP MUNICIPAL DE VALPARAISO PARA EL DESARROLLO SOCIAL
1549-58-LE25;ADQ. DE CINTA PARA MEDIR CREATININA CON EQUIPAMIEN;LE;Publicada y disponible para ofertar;30/04/2025 13:47:33;De acuerdo con lo establecido en la Resolución Exenta N°410, de fecha 31 de enero de 2025, que aprueba el Plan Anual de Compras 2025, se requiere adquisición de CINTA PARA MEDIR CREATININA CON EL EQUIPAMIENTO NECESARIO PARA EL HOSPITAL SAN JOSÉ;CLP;NO PUBLICADO;DISPONIBLE;Entre 100 y 1000 UTM;SERVICIO DE SALUD METROPOLITANA NORTE HOSPITAL SAN JOSE
924-15-LQ25;Servicio de Personal para Calificación de Discapacidad para el Departamento de COMPIN R.M.;LQ;Publicada y disponible para ofertar;17/04/2025 09:42:47;•	Dar cumplimiento a la ley 20.422 que establece normas sobre igualdad de oportunidades e inclusión social de personas con discapacidad. •	Dar respuesta oportuna a las personas en situación de discapacidad que solicitaron evaluación en la COMPIN RM. ;CLP;PUBLICADO;DISPONIBLE;206.625.000;SUBSECRETARIA DE SALUD PUBLICA
1261592-30-LE25;SERVICIOS DE ATENCIÓN OFTALMOLÓGICA RESOLUTIVIDAD;LE;Publicada y disponible para ofertar;14/04/2025 07:33:09;El objetivo principal es contribuir a mejorar la capacidad de atención de pacientes en lista de espera de atención por Oftalmología, por parte de médicos especialistas en oftalmología, para contribuir a mejorar la capacidad resolutividad de la Red asistencial, mejorando el acceso, oportunidad y resolutividad con calidad técnica.;CLP;NO PUBLICADO;DISPONIBLE;Entre 100 y 1000 UTM;CORP MUNICIPAL DE DESARROLLO SOCIAL DE A
2258-82-LQ25;SERVICIO DE LAVANDERIA;LQ;Publicada y disponible para ofertar;21/04/2025 10:58:15;Soporte de ropa limpia de apoyo en las unidades clínicas, por lo que se requiere licitar el servicio señalado para cubrir esta necesidad lo que incluye los retiros y entregas de ropa sucia /limpia con sus respectivos traslados hasta el Hospital Regional de Antofagasta;CLP;NO PUBLICADO;ESTIMADO;Igual o superior a 2.000 UTM e inferior a 5.000 UTM ;SERVICIO DE SALUD ANTOFAGASTA HOSPITAL L
1398-26-LE25;CONVENIO MANTENCIÓN EQ. CENTRALES DE ALIMENTACION;LE;Publicada y disponible para ofertar;04/04/2025 15:10:00;Mantención Preventiva y Correctiva de Equipos de Centrales de Alimentación de Hospitales dependientes de la DSSO;CLP;NO PUBLICADO;ESTIMADO;Entre 100 y 1000 UTM;SERVICIO DE SALUD LIBERTADOR BDO OHIGGINS
1643-34-LR25;SERVICIO DE AMBULANCIAS BÁSICAS;LR;Publicada y disponible para ofertar;23/04/2025 16:11:10;El Hospital de Talagante requiere disponer del servicio de ambulancias básicas para asegurar el traslado oportuno de pacientes con necesidades médicas no críticas y así permitir un acceso rápido a la atención hospitalaria.;CLP;NO PUBLICADO;ESTIMADO;Igual o superior a 5.000 UTM;SERVICIO NACIONAL DE SALUD HOSPITAL DE T
598-8-L125;Servicio de Mantención Preventiva y Correctiva de Equipos Kinesiológicos por un periodo de 24 meses para el Servicio Médico de DIPRECA;L1;Publicada y disponible para ofertar;23/04/2025 16:17:18;Se requiere adquirir el servicio de mantenimiento preventivo y correctivo para equipos kinesiológicos por un periodo de 24 meses, para asegurar continuidad operacional para atención de pacientes del Servicio Médico de DIPRECA;CLP;PUBLICADO;DISPONIBLE;4.100.000;DIRECCION PREVISION DE CARABINEROS DE CHILE
2735-52-LP25;ADQUISICIÓN 1 ECÓGRAFO PARA EL CESFAM LO BARNECHEA;LP;Publicada y disponible para ofertar;14/04/2025 16:05:00;ADQUISICIÓN DE 1 ECÓGRAFO PARA EL ÁREA DE GINECOLOGÍA Y OBSTETRICIA DEL CENTRO DE SALUD FAMILIAR DE LO BARNECHEA;CLP;NO PUBLICADO;DISPONIBLE;Igual o superior a 1.000 UTM e inferior a 2.000 UTM;I MUNICIPALIDAD LO BARNECHEA
3959-16-LE25;CONVENIO SUMINISTRO RETIRO RESIDUOS 2025 NC 1451;LE;Publicada y disponible para ofertar;25/04/2025 16:55:07;CONVENIO SUMINISTRO RETIRO DE RESIDUOS ASOCIADOS A LA ATENCION DE SALUD REAS, NC Nº 1451;CLP;NO PUBLICADO;DISPONIBLE;Entre 100 y 1000 UTM;I MUNICIPALIDAD DE NAVIDAD
1622-7-LE25;Servicio de Recambio y Remodelación de Puertas HSV;LE;Publicada y disponible para ofertar;28/04/2025 12:52:46;Realizar el cambio y adecuaciones necesarias para la fabricación, despacho e instalación. de puertas ubicadas en sala de espera de pabellón, pasillo central pabellón, acceso a recuperación de pabellón, CMA, Sala de Urgencia y entrada principal, Médico Quirúrgico Modulo A del Hospital de San Vicente de Tagua Tagua.;CLP;NO PUBLICADO;ESTIMADO;Entre 100 y 1000 UTM;SERVICIO DE SALUD HOSPITAL DE SAN VICENTE DE TAGUA TAGUA
1511-25-LE25;PROGRAMA ALTAS INTEGRALES PARA HOMBRES 2025;LE;Publicada y disponible para ofertar;28/04/2025 15:17:34;DADA LA NECESIDAD DE EJECUTAR PROGRAMA ALTAS INTEGRALES EN HOMBRES 2025 SEGUN RESOLUCION 1213;CLP;PUBLICADO;DISPONIBLE;5.028.587;Hospital de Constitución
418-16-LE25;SERVICIO CIRUGÍAS TRAUMATOLÓGICAS FONDOS GORE;LE;Publicada y disponible para ofertar;25/04/2025 11:07:30;Proveer de servicio médicos al Hospital a fin de reducir las listas de esperas.;CLP;NO PUBLICADO;DISPONIBLE;Entre 100 y 1000 UTM;SERVICIO NACIONAL DE SALUD HOSPITAL DE PUERTO AYSEN
1057544-128-LE25;Contratación de Servicios de Auxiliares para Pabellón del Hospital Las Higueras;LE;Publicada y disponible para ofertar;22/04/2025 12:31:58;La presente licitación pública tiene por objetivo contratar servicios de auxiliares bajo la condición de compra de servicios, para la realización de la limpieza de los pabellones entre cada intervención, lo que es indispensable para mantener la continuidad de la atención.;CLP;PUBLICADO;DISPONIBLE;15.000.000;SERVICIO DE SALUD DE TALCAHUANO HOSPITAL
1947-86-LE25;342- ADQUISICIÓN DE PLANTILLAS ORTOPÉDICAS PARA EL HOSPITAL DE NIÑOS DR. ROBERTO DEL RÍO CAF;LE;Publicada y disponible para ofertar;22/04/2025 12:20:58;342- ADQUISICIÓN DE PLANTILLAS ORTOPÉDICAS PARA EL HOSPITAL DE NIÑOS DR. ROBERTO DEL RÍO (CAF);CLP;NO PUBLICADO;DISPONIBLE;Entre 100 y 1000 UTM;SERVICIO DE SALUD NORTE HOSPITAL ROBERTO DEL RIO
652-22-LE25;AITO Reposición CESFAM de Carampangue-Arauco;LE;Publicada y disponible para ofertar;22/04/2025 17:51:15;El objeto de la contratación del profesional de Asesoría a la Inspección, es asistir técnica y administrativamente a la Inspección Técnica de la Obra, del Proyecto denominado “Asesoría Inspección Técnica de Obras, Reposición CESFAM de Carampangue Comuna de Arauco;CLP;NO PUBLICADO;ESTIMADO;Entre 100 y 1000 UTM;SERVICIO DE SALUD ARAUCO
1978-28-LE25;Gavetero portátil tipo maleta maletín para el traslado de medicamentos para la unidad de Farmacia;LE;Publicada y disponible para ofertar;29/04/2025 09:09:47;Adquirir un Gavetero portátil tipo maleta/ maletín especializado que garantice el traslado seguro de medicamentos, con el fin de facilitar la atención oportuna a pacientes en fase terminal por parte del equipo local de Cuidados Paliativos (CPU). ;CLP;PUBLICADO;DISPONIBLE;15.000.000;SERVICIO DE SALUD DEL MAULE
4328-5-LE25;CONTRATACIÓN DEL SERVICIO DE ESTERILIZACIÓN;LE;Publicada y disponible para ofertar;18/04/2025 15:44:28;CONTRATACIÓN DEL SERVICIO DE ESTERILIZACIÓN DE CANINOS Y FELINOS PARA LA COMUNA DE ÑIQUEN;CLP;PUBLICADO;DISPONIBLE;11.500.000;Ilustre Municipalidad de Ñiquen
1293138-13-LQ25;ADQ. CARROS APOYO ALIMENTACIÓN;LQ;Publicada y disponible para ofertar;09/04/2025 16:16:00;ABASTECER Y SUMINISTAR CARROS DE APOYO ALIMENTACIÓN;CLP;NO PUBLICADO;ESTIMADO;Igual o superior a 2.000 UTM e inferior a 5.000 UTM ;SERVICIO SALUD METROPOLITANO OCCIDENTE
1549-56-LQ25;ADQ LINAGLIPTINA 5MG PARA EL HOSPITAL SAN JOSE;LQ;Publicada y disponible para ofertar;29/04/2025 08:14:18;De acuerdo con lo establecido en la Resolución N°410 del 31 de enero de 2025 que aprueba el Plan Anual de Compras 2025, se requiere la adquisición de LINAGLIPTINA 5MG;CLP;NO PUBLICADO;DISPONIBLE;Igual o superior a 2.000 UTM e inferior a 5.000 UTM ;SERVICIO DE SALUD METROPOLITANA NORTE HOSPITAL SAN JOSE
1398-35-LE25;ADQUISICIÓN EQ. RAYOS X DENTAL;LE;Publicada y disponible para ofertar;25/04/2025 10:38:30;Adquisición de Equipo de Rayos X Dental para el Hospital de Chimbarongo;CLP;NO PUBLICADO;ESTIMADO;Entre 100 y 1000 UTM;SERVICIO DE SALUD LIBERTADOR BDO OHIGGINS
1075963-148-LE25;SUMINISTRO VISELASTICO MIXTO COHESIVO DISPERSIVO;LE;Publicada y disponible para ofertar;21/04/2025 15:44:00;SUMINISTRO VISELASTICO MIXTO COHESIVO DISPERSIVO;CLP;NO PUBLICADO;DISPONIBLE;Entre 100 y 1000 UTM;SERVICIO DE SALUD ARICA HOSP DR JUAN NOE CREVANI
2332-34-LE25;SERVICIO DE CONSERVACION BOXES CESFAM PADRE HURTADO DEL DEPARTAMENTO DE SALUD MUNICIPAL;LE;Publicada y disponible para ofertar;29/04/2025 16:35:04;Se solicita contratar el Servicio de Conservación Boxes Cesfam Padre Hurtado para mantener en óptimas condiciones de infraestructura al Centro de Salud.;CLP;PUBLICADO;DISPONIBLE;14.111.163;I MUNICIPALIDAD DE PUERTO MONTT
1298355-7-LE25;NORMALIZACIÓN ELECTRICA Y SANITARIA;LE;Publicada y disponible para ofertar;29/04/2025 16:29:58;LA CORPORACIÓN MUNICIPAL DE MELIPILLA REQUIERE DE LA CONTRATACIÓN DEL SERVICIO DE NORMALIZACIÓN ELECTRICA Y SANITARIA POR LINEAS DE ACUERDO A LAS RESPECTIVAS BASES TÉCNICAS DE LICITACIÓN PÚBLICA.;CLP;NO PUBLICADO;DISPONIBLE;Entre 100 y 1000 UTM;CORP MUNICIPAL MELIPILLA PARA LA ED SALUD
1057499-22-LP25;SERVICIO DE MANTENCIÓN AL SISTEMA DE CLIMATIZACIÓN VENTILACIÓN CALEFACCIÓN Y AIRE ACONDICIONADO DSSMS;LP;Publicada y disponible para ofertar;25/04/2025 11:07:13;Proceder a la contratación de un servicio de mantención del sistema de climatización, ventilación, calefacción y aire acondicionado de la Dirección de este Servicio. ;CLP;NO PUBLICADO;ESTIMADO;Igual o superior a 1.000 UTM e inferior a 2.000 UTM;SERVICIO DE SALUD SUR UNIDAD HOSPITALARI
1057547-208-LE25;CONVENIO DE SUMINISTRO DE MASCARILLA 3 PLIEGUES;LE;Publicada y disponible para ofertar;30/04/2025 10:44:57;CONVENIO DE SUMINISTRO DE MASCARILLA 3 PLIEGUES PARA EL HOSPITAL BASE VALDIVIA;CLP;PUBLICADO;ESTIMADO;45.000.000;SERVICIO DE SALUD VALDIVIA HOSPITAL BASE
1057430-30-LE25;Convenio de Suministro Pescados y Mariscos Segundo;LE;Publicada y disponible para ofertar;22/04/2025 12:13:56;Las presentes Bases Especiales y documentación anexada tiene por objeto regular los procedimientos de: Licitación Pública, Apertura, Evaluación, Adjudicación, Ejecución, Recepción y Puestas en Marcha del contrato respectivo motivo de la presente Licitación. Se requiere contar con un “Convenio de Suministros Pescados y Mariscos ” para el Servicio Alimentación del Hospital de Lota, de acuerdo ;CLP;NO PUBLICADO;ESTIMADO;Entre 100 y 1000 UTM;SERVICIO NACIONAL DE SALUD HOSPITAL DE LOTA
1549-52-LE25;SERVICIO DE REMODELACIÓN DE 2 DUCHAS;LE;Publicada y disponible para ofertar;22/04/2025 17:33:14;DISPONE LLAMADO A LICITACIÓN PÚBLICA Y APRUEBA BASES ADMINISTRATIVAS, TÉCNICAS, ECONÓMICAS Y ANEXOS PARA EL “SERVICIO DE REMODELACIÓN DE 02 DUCHAS DE PACIENTES EN LA UNIDAD DE TRAUMATOLOGÍA, TORRE HOSPITALIZADOS DEL HOSPITAL SAN JOSÉ”;CLP;PUBLICADO;DISPONIBLE;8.000.000;SERVICIO DE SALUD METROPOLITANA NORTE HOSPITAL SAN JOSE
1509-53-LE25;CIERRE EXTERIOR Y NIVELACION DE CLUB INFANTIL;LE;Publicada y disponible para ofertar;21/04/2025 16:34:49;EL HOSPITAL DE TIL TIL REQUIERE EL CIERRE EXTERIOR Y NIVELACION DE CLUB INFANTIL, SEGUN MEMORANDUM N 49 SOLICITANDO EL SERVICIO Y PROVIDENCIA N 721 AUTORIZANDO EL SERVICIO;CLP;NO PUBLICADO;DISPONIBLE;Entre 100 y 1000 UTM;SERVICIO DE SALUD METROPOLITANO NORTE HOSPITAL DE TIL TIL
2139-1-LE25;Convenio de transporte de funcionarios y pacientes;LE;Publicada y disponible para ofertar;22/04/2025 14:25:18;Convenio de transporte de funcionarios y pacientes dentro de la comuna de Palena.;CLP;NO PUBLICADO;DISPONIBLE;Entre 100 y 1000 UTM;SERVICIO SALUD DEL RELONCAVI
4463-6-LP25;CONTRATO DE SUMINISTRO DE BROMURO DE ROCURONIO INYECTABLE CON EQUIPO ASOCIADO;LP;Publicada y disponible para ofertar;23/04/2025 14:58:55;EL HOSPITAL DE CURICÓ REQUIERE CONTRATO DE SUMINISTRO DE BROMURO DE ROCURONIO INYECTABLE CON EQUIPO ASOCIADO PARA EL SERVICIO DE FARMACIA;CLP;NO PUBLICADO;ESTIMADO;Igual o superior a 1.000 UTM e inferior a 2.000 UTM;SERVICIO DE SALUD DEL MAULE HOSPITAL DE CURICO
1661-6-LE25;Mantención Áreas Verdes Hospital Llanquihue;LE;Publicada y disponible para ofertar;23/04/2025 16:14:57;La necesidad de los servicios de mantención de áreas verdes en las dependencias del Hospital Llanquihue.;CLP;NO PUBLICADO;DISPONIBLE;Entre 100 y 1000 UTM;SERVICIO SALUD DEL RELONCAVI
2258-89-LQ25;SERV SUMINISTRO GASES CLINICOS MEDICINALES EN CILINDRO;LQ;Publicada y disponible para ofertar;24/04/2025 14:28:43;el objetivo primordial es contar con los servicios apropiados considerando optimizar el uso de los recursos disponibles y realizar un contrato con una empresa responsable de realizar el servicio.;CLP;NO PUBLICADO;DISPONIBLE;Igual o superior a 2.000 UTM e inferior a 5.000 UTM ;SERVICIO DE SALUD ANTOFAGASTA HOSPITAL L
619568-3-LE25;SERVICIO DE MANTENCION PREVENTIVA DE EQUIPOS CRITICO ;LE;Publicada y disponible para ofertar;24/04/2025 16:58:49;SE REQUIERE CONTRATAR EL SERVICIO DE MANTENCION PREVENTIVA DE EQUIPOS CRITICOS DE LA RED DE SALUD MUNICIPAL AÑO 2025, NP 239, SEGUN DECRETO N°2083 ADJUNTO;CLP;NO PUBLICADO;ESTIMADO;Entre 100 y 1000 UTM;I MUNICIPALIDAD DE SAN FELIPE
1057547-199-LQ25;CONVENIO DE SUMINISTRO DE HORAS DE MEDICO ESPECIALISTA;LQ;Publicada y disponible para ofertar;25/04/2025 15:38:30;CONVENIO DE SUMINISTRO DE HORAS DE MEDICO ESPECIALISTA PARA EL HOSPITAL BASE VALDIVIA;CLP;PUBLICADO;ESTIMADO;337.000.000;SERVICIO DE SALUD VALDIVIA HOSPITAL BASE
1057545-27-LQ25;ADQUISICION UNIFORMES Y EPP PARA FUNCIONARIOS SAMU;LQ;Publicada y disponible para ofertar;11/04/2025 12:15:00;Adquisición de uniformes y elementos de protección personal para funcionarios SAMU de la Región de los Rios según Resolución Exenta N°1423 que aprueba las bases.;CLP;NO PUBLICADO;ESTIMADO;Igual o superior a 2.000 UTM e inferior a 5.000 UTM ;SERVICIO DE SALUD LOS RIOS
1099402-18-LE25;CONTRATACION DE SERVICIOS DE ENFERMERIA Y TENS PROGRAMA VACUNACION;LE;Publicada y disponible para ofertar;28/04/2025 09:51:39;CONTRATACION DE SERVICIOS DE ENFERMERIA Y TENS PROGRAMA VACUNACION VRS;CLP;NO PUBLICADO;DISPONIBLE;Entre 100 y 1000 UTM;CENTRO DE SALUD FAMILIAR CESFAM LLAY LLAY
1398-34-LE25;CONVENIO SERVICIO MTTO EQ. LAVANDERÍA GIRBAU;LE;Publicada y disponible para ofertar;28/04/2025 14:55:16;Convenio Servicio de mantenimiento Equipos de Lavandería Girbau;CLP;NO PUBLICADO;DISPONIBLE;Entre 100 y 1000 UTM;SERVICIO DE SALUD LIBERTADOR BDO OHIGGINS
4575-10-LE25;CONTRATACIÓN DE UN PROFESIONAL PARA AITO;LE;Publicada y disponible para ofertar;25/04/2025 09:45:00;CONTRATACIÓN DE UN PROFESIONAL PARA ASESORÍA A LA INSPECCIÓN TÉCNICA DE OBRAS AITO DEL PROYECTO REPOSICIÓN CENTRO DE SALUD FAMILIAR, COMUNA DE PINTO.;CLP;NO PUBLICADO;DISPONIBLE;Entre 100 y 1000 UTM;I MUNICIPALIDAD DE PINTO
507428-79-LE25;C. S. MEDICAMENTOS PROGRAMA APS S.S. CHILOE;LE;Publicada y disponible para ofertar;24/04/2025 11:49:57;Adquirir medicamentos para el tratamiento farmacológico en personas menores de 60 años con Diabetes Mellitus tipo 2 DM2 y Enfermedad Renal Crónica ERC etapa 3b y que cumplan los criterios establecidos en el “PROGRAMA DE CONTINUIDAD DE CUIDADOS PREVENTIVOS Y DE TRATAMIENTO EN APS”;CLP;NO PUBLICADO;ESTIMADO;Entre 100 y 1000 UTM;SERVICIO DE SALUD CHILOE
4042-5-LE25;Convenio Suministro Prótesis Dentales año 2025 - 2026;LE;Publicada y disponible para ofertar;24/04/2025 12:41:31;Convenio Suministro Prótesis Dentales año 2025 y hasta el 31 de diciembre 2026.;CLP;PUBLICADO;ESTIMADO;11.200.000;I MUNICIPALIDAD DE FRESIA
1081988-3-E225;COMPRA DE SERVICIO PROFESIONAL MEDICO SENDA;E2;Publicada y disponible para ofertar;24/04/2025 15:21:10;CONTAR CON LA COMPRA DE SERVICIO PROFESIONAL MEDICO PARA LA ATENCION DE PACIENTES DEL PROGRAMA AMBULATORIO INTENSIVO DE ALCOHOL Y DROGAS DEL HOSPITAL DE TOCOPILLA.;CLP;NO PUBLICADO;DISPONIBLE;Inferior a 100 UTM;SERVICIO DE SALUD ANTOFAGASTA HOSPITAL M
1057547-202-LE25;COMPRA DE SERVICIOS DE PSIQUIATRAS INFANTO-JUVENIL;LE;Publicada y disponible para ofertar;28/04/2025 12:42:14;COMPRA DE SERVICIOS DE PSIQUIATRAS INFANTO-JUVENILES POR TELECONSULTA PARA PACIENTES MENORES DE 18 AÑOS EN ATENCION EN SERVICIO DE URGENCIA EN EL HOSPITAL BASE VALDIVIA YO HOSPITALIZADOS EN LA RED DEL SSLR;CLP;PUBLICADO;ESTIMADO;67.000.000;SERVICIO DE SALUD VALDIVIA HOSPITAL BASE
619568-4-LE25;SERVICIO DE OTORRINOLARINGOLOGIA NP 206;LE;Publicada y disponible para ofertar;25/04/2025 09:21:02;LA DIRECCION DE SALUD MUNICIPAL DE SAN FELIPE REQUIERE CONTRATAR EL SERVICIO DE OTORRINOLARINGOLOGIA, PARA ATENCIONES DE LOS DIFERENTES CENTROS DE SALUD MUNICIPAL, SEGUN LO INDICADO EN BASES TECNICAS Y ADMINISTRATIVAS ADJUNTAS.;CLP;PUBLICADO;ESTIMADO;19.730.520;I MUNICIPALIDAD DE SAN FELIPE
4090-10-L125;NEUMATICOS PARA VEHICULOS DESAM MAULLIN;L1;Publicada y disponible para ofertar;28/04/2025 16:34:16;EL DEPARTAMENTO DE SALUD MAULLIN REQUIERE ADQUIRIR NEUMATICOS PARA LOS VEHICULOS POSTAS DE SALUD RURAL, CESFAM CARELMAPU Y OTROS SEGUN BASES GENERALES Y DECRETO EXENTO Nro. 1180;CLP;NO PUBLICADO;ESTIMADO;Menor a 100 UTM;I MUNICIPALIDAD DE MAULLIN
1057498-21-LP25;SUMINISTRO PARA CHATAS PATOS Y RIÑONES DESECHABLES;LP;Publicada y disponible para ofertar;16/04/2025 17:50:07;adquirir chatas, patos y riñones desechables con el fin de asegurar las condiciones óptimas de higiene personal a pacientes del Hospital El Pino.;CLP;NO PUBLICADO;DISPONIBLE;Igual o superior a 1.000 UTM e inferior a 2.000 UTM;SERVICIO DE SALUD SUR HOSPITAL SANATORIO EL PINO
2086-4-LE25;COMPRA DE SERVICIO DE 2 ADMINISTRATIVOS APOYO PROGRAMA ;LE;Publicada y disponible para ofertar;30/04/2025 09:27:09;CONTAR CON LA COMPRA DE SERVICIO DE 2 ADMINISTRATIVOS APOYO PROGRAMA CAMPAÑA INVIERNO DEL HOSPITAL DE TOCOPILLA. ;CLP;NO PUBLICADO;DISPONIBLE;Entre 100 y 1000 UTM;SERVICIO DE SALUD ANTOFAGASTA HOSPITAL M
1663-100-LE25;FILTROS PARA UMAS NHQ;LE;Publicada y disponible para ofertar;30/04/2025 12:23:03;CONVENIO DE FILTROS DE UMAS NUEVO HOSPITAL DE QUELLON, EN EL MARCO DE LA OPERACION DEL NUEVO HOSPITAL DE QUELLON;CLP;NO PUBLICADO;ESTIMADO;Entre 100 y 1000 UTM;SERVICIO DE SALUD CHILOE
4042-7-LE25;Convenio Suministro REAS para Consultorio General Rural de Tegualda año 2025-2028;LE;Publicada y disponible para ofertar;30/04/2025 15:01:16;Convenio Suministro REAS para Consultorio General Rural de Tegualda año 2025-2028;CLP;PUBLICADO;ESTIMADO;5.000.000;I MUNICIPALIDAD DE FRESIA
1057931-10-LQ25;Ad lavadoras desinfectadoras y ultrasonica HH;LQ;Publicada y disponible para ofertar;25/04/2025 09:56:39;Adquirir 2 lavadoras desinfectadoras y 1 lavadora ultrasónica para el Hospital las Higueras;CLP;PUBLICADO;DISPONIBLE;282.369.000;DIRECCION SERVICIO DE SALUD TALCAHUANO
1057547-207-LE25;CONVENIO DE MANTENIMIENTO PROMEGA Y OTROS;LE;Publicada y disponible para ofertar;29/04/2025 15:56:27;CONVENIO DE MANTENIMIENTO PREVENTIVO Y CORRECTIVO PARA EQUIPOS MARCA PROMEGA Y OTROS DEL HOSPITAL BASE VALDIVIA;CLP;PUBLICADO;ESTIMADO;28.000.000;SERVICIO DE SALUD VALDIVIA HOSPITAL BASE
1075337-25-LE25;NUEVO PROCESO HEMOCULTIVO CON EQUIP EN COMOTADO;LE;Publicada y disponible para ofertar;29/04/2025 15:44:10;El objetivo de la presente licitación pública es la compra a partir de un convenio de suministro de insumos utilizados por el servicio de Laboratorio Clínico del Hospital Dr. Mauricio Heyermann Torres de Angol.;CLP;NO PUBLICADO;ESTIMADO;Entre 100 y 1000 UTM;SERVICIO DE SALUD ARAUCANIA NORTE HOSPITAL DE ANGOL
1057049-107-LE25;PTF ADQUISICION EXPANSORES PARA UNIDAD PATOLOGIA MAMARIA;LE;Publicada y disponible para ofertar;29/04/2025 15:18:50;El objetivo de la licitación será la ADQUISICION DE EXPANSORES PARA UNIDAD DE PATOLOGIA MAMARIA DEL HOSPITAL CLÍNICO SAN BORJA ARRIARÁN, individualizados en las bases técnicas y anexos respectivos, los que se entiende forman parte integrante de las presentes bases administrativas.;CLP;NO PUBLICADO;ESTIMADO;Entre 100 y 1000 UTM;SERV SALUD METROPOLITANO CENTRAL HOSPITAL CLINICO SAN BORJA ARRIARAN
1549-55-LE25;ARRIENDO DE EQUIPO ECÓGRAFO PORTÁTIL PARA SERVICIO;LE;Publicada y disponible para ofertar;28/04/2025 13:22:20;se requiere el arriendo de este equipo para dar continuidad a la instalación de drenajes pleurales percutáneos.;CLP;NO PUBLICADO;DISPONIBLE;Entre 100 y 1000 UTM;SERVICIO DE SALUD METROPOLITANA NORTE HOSPITAL SAN JOSE
418-19-LE25;ADQUISICIÓN DE MOTORES DE PABELLÓN HPA;LE;Publicada y disponible para ofertar;25/04/2025 11:07:46;Finalidad de adquirir equipamiento quirúrgico para la realización de cirugías en el Hospital de Puerto Aysén.;CLP;NO PUBLICADO;ESTIMADO;Entre 100 y 1000 UTM;SERVICIO NACIONAL DE SALUD HOSPITAL DE PUERTO AYSEN
1947-94-LE25;221-ADQUISICIÓN DE KIT COMPLETO DE RECUPERADOR DE SANGRE PARA EL HOSPITAL DE NIÑOS DR. ROBERTO DEL RÍO CAF;LE;Publicada y disponible para ofertar;22/04/2025 11:33:27;221-ADQUISICIÓN DE KIT COMPLETO DE RECUPERADOR DE SANGRE PARA EL HOSPITAL DE NIÑOS DR. ROBERTO DEL RÍO;CLP;NO PUBLICADO;DISPONIBLE;Entre 100 y 1000 UTM;SERVICIO DE SALUD NORTE HOSPITAL ROBERTO DEL RIO
1057967-5-LE25;Colposcopio y Lámpara Examen. Hosp.El Carmen Maipú;LE;Publicada y disponible para ofertar;24/04/2025 07:35:47;REx 476-2025 aprueba bases para la Adquisición de Colposcopio y lámpara de examen para el Hospital El Carmen de la Comuna de Maipú.;CLP;NO PUBLICADO;DISPONIBLE;Entre 100 y 1000 UTM;SERVICIO DE SALUD METROPOLITANO CENTRAL
4042-8-LE25;Convenio de Suministro Mantención y Reparación Equipos Dentales;LE;Publicada y disponible para ofertar;24/04/2025 14:53:52;Convenio de Suministro Mantención y Reparación Equipos Dentales Desam, durante el periodo de año 2025 y hasta el 30 de Noviembre 2028. ;CLP;PUBLICADO;ESTIMADO;8.000.000;I MUNICIPALIDAD DE FRESIA
1057491-74-LE25;EQUIPAMIENTO PARA PLAN NACIONAL DEL CANCER;LE;Publicada y disponible para ofertar;25/04/2025 18:01:49;ADQUISICION DE EQUIPAMIENTO PARA PLAN NACIONAL DEL CANCER DEL HOSPITAL DOCTOR LUIS CALVO MACKENNA;CLP;PUBLICADO;DISPONIBLE;38.571.000;SERVICIO DE SALUD ORIENTE HOSPITAL LUIS CALVO MACKENNA
1643-31-LR25;SERVICIOS DE PERSONAL TÉCNICO EN ENFERMERÍA;LR;Publicada y disponible para ofertar;01/04/2025 15:53:31;El Hospital de Talagante requiere contar con el servicio de contratación de personal técnico en enfermería por un periodo de 18 meses, con el fin de garantizar una respuesta eficiente a las diversas unidades del establecimiento.;CLP;NO PUBLICADO;ESTIMADO;Igual o superior a 5.000 UTM;SERVICIO NACIONAL DE SALUD HOSPITAL DE T
1058085-89-LQ25;SUMINISTRO DE PARACETAMOL 1 G 100 ML PARA EL HDS;LQ;Publicada y disponible para ofertar;17/04/2025 15:32:19;Convenio Suministro de paracetamol 1G100 ML solución para perfusión en caso de no despacho de CENABAST para el Hospital del Salvador;CLP;PUBLICADO;ESTIMADO;340.000.000;SERVICIO DE SALUD ORIENTE HOSPITAL DEL SALVADOR
1175-65-LE25;LIC. 70.25 ADQU. CONCENTRADOR DE OXIGENO H. VILLA;LE;Publicada y disponible para ofertar;21/04/2025 10:46:48;Se requiere la ADQUISICIÓN CONCENTRADOR DE OXIGENO HOSPITAL DE VILLARRICA, nuevo y sin uso. Las características técnicas, se detallan en el ANEXO Nº3 de las presentes bases. Debe cumplir con todas las características marcadas como obligatorias para que la oferta sea admisible.;CLP;NO PUBLICADO;ESTIMADO;Entre 100 y 1000 UTM;SERVICIO DE SALUD ARAUCANIA SUR
2274-20-LE25;SUMINISTRO ESTUDIO ECOTOMOGRAFICOS MAMARIOS DC 43;LE;Publicada y disponible para ofertar;21/04/2025 12:08:38;SUMINISTRO ESTUDIO ECOTOMOGRAFICOS MAMARIOS DC 43;CLP;PUBLICADO;DISPONIBLE;32.000.000;I MUNICIPALIDAD DE LA PINTANA
2171-6-LE25;Capacitación Local 2025;LE;Publicada y disponible para ofertar;22/04/2025 12:59:28;Actividades de Capacitación local 2025 RES.753 (15.04.2025) RES. 2917  Bases Tipo  red DSSVMQ N°Interno  106 ITEM 22.11.002.001.01 UD CAPACITACION LOCAL ;CLP;NO PUBLICADO;DISPONIBLE;Entre 100 y 1000 UTM;HOSPITAL SAN AGUSTIN DE LA LIGUA
1643-32-LP25;Serv. de Mant. Prev. y Correct. Eq. de Rayos X Osteopulmonar Marca Samsung;LP;Publicada y disponible para ofertar;23/04/2025 10:46:04;Se necesita  contratar Serv. de Mant. Prev. y Correct. Eq. de Rayos X Osteopulmonar, Marca Samsung, Modelo GC85A. Por un periodo de 36 meses. Para el Hospital de Talagante;CLP;PUBLICADO;ESTIMADO;80.000.000;SERVICIO NACIONAL DE SALUD HOSPITAL DE T
1175-68-LE25;Lic. 71.25 Adq. extractor de leche H. Villarrica;LE;Publicada y disponible para ofertar;23/04/2025 10:51:37;Se requiere la ADQUISICIÓN EXTRACTOR DE LECHE MATERNA USO HOSPITALARIO Y SUS ACCESORIOS HOSPITAL DE VILLARRICA, nuevo y sin uso. Las características técnicas, se detallan en el ANEXO Nº3 de las presentes bases. Debe cumplir con todas las características marcadas como obligatorias para que la oferta sea admisible.;CLP;PUBLICADO;ESTIMADO;30.000.000;SERVICIO DE SALUD ARAUCANIA SUR
4290-57-LE25;Serv. exámenes de ultrasonido mamario y abdominal;LE;Publicada y disponible para ofertar;24/04/2025 12:27:58;Servicio de ejecución de exámenes de ultrasonido mamario y abdominal, e informe de resultados para el Departamento de Salud Municipal de Limache.;CLP;NO PUBLICADO;DISPONIBLE;Entre 100 y 1000 UTM;I MUNICIPALIDAD DE LIMACHE
2059-5-LP25;Suministro de alimentos HPO;LP;Publicada y disponible para ofertar;25/04/2025 15:54:15;servicio de suministro de carnes , verduras , frutas y congelados para Central de Alimentación Hospital de Puerto Octay.;CLP;NO PUBLICADO;ESTIMADO;Igual o superior a 1.000 UTM e inferior a 2.000 UTM;SERVICIO NACIONAL DE SALUD HOSPITAL DE PUERTO OCTAY
1057547-200-LQ25;CONVENIO DE SUMINISTRO DE HORAS DE MEDICO GENERAL;LQ;Publicada y disponible para ofertar;25/04/2025 15:51:09;CONVENIO DE SUMINISTRO DE HORAS DE MEDICO GENERAL PARA EL HOSPITAL BASE VALDIVIA;CLP;PUBLICADO;ESTIMADO;337.000.000;SERVICIO DE SALUD VALDIVIA HOSPITAL BASE
418-17-LQ25;SERVICIO DE ASEO PARA HOSPITAL DE PUERTO AYSEN;LQ;Publicada y disponible para ofertar;25/04/2025 11:07:36;Asegurar la oportuna y eficaz mantención e higiene del establecimiento.;CLP;NO PUBLICADO;ESTIMADO;Igual o superior a 2.000 UTM e inferior a 5.000 UTM ;SERVICIO NACIONAL DE SALUD HOSPITAL DE PUERTO AYSEN
1057544-132-LE25;CONTRATACIÓN DE SERVICIOS DE PERSONAL ADMINISTRATIVO PARA EL ÁREA DE PROCESOS Y GESTIÓN DE LAS PERSONAS DEL HOSPITAL LAS HIGUERAS;LE;Publicada y disponible para ofertar;23/04/2025 14:54:36;contratar servicios administrativos, para reforzar la gestión del Área de Procesos y Gestión de las Personas del Hospital las Higueras.;CLP;NO PUBLICADO;DISPONIBLE;Entre 100 y 1000 UTM;SERVICIO DE SALUD DE TALCAHUANO HOSPITAL
1057547-190-LP25;IMPLEMENTACION  Y MEJORAS ESTANQUE PETROLEO;LP;Publicada y disponible para ofertar;23/04/2025 10:14:00;Compra de servicios de implementación y mejoras en estanques de Petróleo del Hospital Base Valdivia;CLP;PUBLICADO;ESTIMADO;92.000.000;SERVICIO DE SALUD VALDIVIA HOSPITAL BASE
2342-34-LE25;ELABORACIÓN DE PROYECTO DE PREINVERSION DISEÑO «CONSTRUCCIÓN CENTRO DE SALUD FAMILIAR ALMIRANTE RIVEROS COMUNA DE SAN BERNARDO»;LE;Publicada y disponible para ofertar;29/04/2025 16:55:29;ELABORACIÓN DE PROYECTO DE PREINVERSION DISEÑO «CONSTRUCCIÓN CENTRO DE SALUD FAMILIAR ALMIRANTE RIVEROS, COMUNA DE SAN BERNARDO»;CLP;NO PUBLICADO;DISPONIBLE;Entre 100 y 1000 UTM;I MUNICIPALIDAD DE SAN BERNARDO
1549-38-LR25;ADQ INMUNOGLOBULINA HUMANA ENDOVENOSA;LR;Publicada y disponible para ofertar;10/04/2025 09:04:23;De acuerdo con lo establecido en la Resolución N° 410, de 31 de enero de 2025, que aprueba Plan Anual de Compras y Contrataciones año 2025 para el Complejo Hospitalario San José, se requiere la adquisición de INMUNOGLOBULINA HUMANA ENDOVENOSA;CLP;NO PUBLICADO;DISPONIBLE;Igual o superior a 5.000 UTM;SERVICIO DE SALUD METROPOLITANA NORTE HOSPITAL SAN JOSE
1549-48-LQ25;ADQ SACUBITRILO VALSARTAN 50MG Y 100MG ;LQ;Publicada y disponible para ofertar;21/04/2025 09:26:00;De acuerdo con lo establecido en la Resolución Exenta N° 410, de fecha 31 de enero de 2025, que aprueba Plan Anual de Compras y Contrataciones año 2025 para el Complejo Hospitalario San José, se requiere la ADQUISICIÓN DE SACUBITRILO VALSARTAN 50MG Y 100MG;CLP;NO PUBLICADO;DISPONIBLE;Igual o superior a 2.000 UTM e inferior a 5.000 UTM ;SERVICIO DE SALUD METROPOLITANA NORTE HOSPITAL SAN JOSE
1180885-6-LQ25;REPOSICION HOSP. DIEGO DE ALMAGRO - CLASE RAYOS X;LQ;Publicada y disponible para ofertar;29/04/2025 14:32:44;ADQUISICION DE EQUIPO CORRESPONDIENTES A LA IMPLEMENTACION DEL PROYECTO: REPOSICION HOSPITAL COMUNITARIO DE DIEGO DE ALMAGRO, CLASE RAYOS X ;CLP;PUBLICADO;DISPONIBLE;187.334.000;SERVICIO DE SALUD ATACAMA
4452-31-L125;CURSO ONLINE DE INNOVACIÓN Y TRANSFORMACIÓN DIGITAL, AVANZANDO HACIA LA INTELIGENCIA ARTIFICIAL DEL HOSPITAL DE CURICÓ.;L1;Publicada y disponible para ofertar;25/04/2025 16:34:00;El Hospital San Juan de Dios de Curicó, requiere obtener la compra de CURSO ONLINE DE INNOVACIÓN Y TRANSFORMACIÓN DIGITAL” impartido de manera presencial. ;CLP;PUBLICADO;ESTIMADO;5.000.000;SERVICIO DE SALUD DEL MAULE HOSPITAL DE CURICO
4464-4-LP25;SERVICIO DE TRANSPORTE PARA FUNCIONARIOS DE LA UNIDAD DE HOSPITALIZACIÓN DOMICILIARIA ;LP;Publicada y disponible para ofertar;29/04/2025 12:38:51;El Hospital San Juan de Dios de Curicó, necesita licitar un SERVICIO DE TRANSPORTE PARA FUNCIONARIOS DE LA UNIDAD DE HOSPITALIZACIÓN DOMICILIARIA , para el funcionamiento de este recinto hospitalario.;CLP;NO PUBLICADO;ESTIMADO;Igual o superior a 1.000 UTM e inferior a 2.000 UTM;SERVICIO DE SALUD DEL MAULE HOSPITAL DE CURICO
1058085-95-LE25;CONVENIO SUMINISTRO DE ACIDO FOLÍNICO LEUCOVORINA POLVO SOLUCIÓN INYECTABLE EN CASO DE NO DESPACHO DE CENABAST PARA EL HOSPITAL DEL SALVADOR ;LE;Publicada y disponible para ofertar;29/04/2025 15:17:00;CONVENIO SUMINISTRO DE ACIDO FOLÍNICO (LEUCOVORINA) POLVO SOLUCIÓN INYECTABLE EN CASO DE NO DESPACHO DE CENABAST PARA EL HOSPITAL DEL SALVADOR ;CLP;PUBLICADO;ESTIMADO;67.750.000;SERVICIO DE SALUD ORIENTE HOSPITAL DEL SALVADOR
2126-72-LE25;CONVENIO POR ADQUISICIÓN DETECCIÓN GAMMA  PARA EL HOSPITAL SAN PABLO DE COQUIMBO;LE;Publicada y disponible para ofertar;29/04/2025 16:16:52;CONVENIO POR ADQUISICIÓN DETECCIÓN GAMMA  PARA EL HOSPITAL SAN PABLO DE COQUIMBO;CLP;PUBLICADO;DISPONIBLE;50.000.000;SERVICIO DE SALUD COQUIMBO HOSPITAL DE COQUIMBO
3507-9-LE25;Polar institucional;LE;Publicada y disponible para ofertar;30/04/2025 17:43:46;Adquirir polar institucionales con logo bordado para los funcionarios del Departamento de Salud.;CLP;NO PUBLICADO;DISPONIBLE;Entre 100 y 1000 UTM;I MUNICIPALIDAD DE CALBUCO
1057491-77-LE25;ENDOPRÓTESIS DE RECONSTRUCCIÓN TIBIA PROXIMAL;LE;Publicada y disponible para ofertar;30/04/2025 20:23:18;ADQUISICIÓN DE INSUMOS PARA CIRUGÍA DE ENDOPRÓTESIS DE RECONSTRUCCIÓN DE TIBIA PROXIMAL, PARA EL HOSPITAL DOCTOR LUIS CALVO MACKENNA;CLP;PUBLICADO;DISPONIBLE;18.000.000;SERVICIO DE SALUD ORIENTE HOSPITAL LUIS CALVO MACKENNA
1398-25-LQ25;CONVENIO SUMINISTRO TRABAJOS ELÉCTRICOS ESTABLECIMIENTOS DE LA RED;LQ;Publicada y disponible para ofertar;04/04/2025 12:19:15;SE REQUIERE REALIZAR CONVENIO DE TRABJOS DE ELECTRCIDAD PARA LOS ESTABLECIMIENTOS DEPENDIENTES DE LA DSS. SE ADJUNTAN ANTECEDENTES TÉCNICOS Y ADMINISTRATIVOS. ;CLP;NO PUBLICADO;DISPONIBLE;Igual o superior a 2.000 UTM e inferior a 5.000 UTM ;SERVICIO DE SALUD LIBERTADOR BDO OHIGGINS
3959-14-LE25;CONVENIO SUMINISTRO MANO DE OBRA MENOR MANTENCION;LE;Publicada y disponible para ofertar;17/04/2025 17:36:42;“CONVENIO SUMINISTRO MANO DE OBRA MENOR MANTENCIONES AREA SALUD 2025”;CLP;NO PUBLICADO;DISPONIBLE;Entre 100 y 1000 UTM;I MUNICIPALIDAD DE NAVIDAD
1549-51-LQ25;ARRIENDO DE 3 MESAS QUIRURGICAS PARA EL HSJ.;LQ;Publicada y disponible para ofertar;22/04/2025 10:21:47;SERVICIO DE ARRIENDO DE 3 MESAS QUIRURGICAS PARA EL HSJ. - POR 12 MESES.  REVISAR CONDICIONES DE CONTRATACION SEGUN RSL EXENTA N1317 ADJUNTA.;CLP;PUBLICADO;DISPONIBLE;197.478.992;SERVICIO DE SALUD METROPOLITANA NORTE HOSPITAL SAN JOSE
1057540-37-LR25;CONVENIO SERVICIO DE VIGILANCIA PARA EL HOSPITAL;LR;Publicada y disponible para ofertar;09/04/2025 11:28:00;CONVENIO CONTRATACIÓN DE SERVICIOS DE VIGILANCIA Y PROTECCIÓN PARA EL HOSPITAL PENCO-LIRQUÉN. POR DOCE MESES.;CLP;PUBLICADO;DISPONIBLE;756.302.521;SERVICIO SALUD TALCAHUANO HOSPITAL PENCO-LIRQUEN
1075963-165-LE25;ADQUISICIÓN DE DETERGENTE ENZIMÁTICO Y MASKING TAPE CLÍNICO;LE;Publicada y disponible para ofertar;21/04/2025 10:59:18;convenio de suministros por 36 meses para esterilización.-;CLP;NO PUBLICADO;ESTIMADO;Entre 100 y 1000 UTM;SERVICIO DE SALUD ARICA HOSP DR JUAN NOE CREVANI
1532-21-LP25;Ecocardiografo para unidad de imagenologia;LP;Publicada y disponible para ofertar;08/04/2025 12:48:00;Ecocardiografo para unidad de imagenología;CLP;NO PUBLICADO;DISPONIBLE;Igual o superior a 1.000 UTM e inferior a 2.000 UTM;CENTRO REFERENCIAL DE SALUD DR SALVADOR ALLENDE GOSSENS
1211839-30-LP25;SUMINISTRO DE LENTES OPTICOS PARA UAPO;LP;Publicada y disponible para ofertar;11/04/2025 11:14:31;Las presentes Bases Administrativas, en adelante las Bases, forman parte de la propuesta pública denominada “SUMINISTRO DE LENTES OPTICOS PARA UNIDAD DE ATENCION PRIMARIA OFTALMOLOGICA UAPO DEL CENTRO DE ESPECIALIDADES PRIMARIAS SAN LAZARO”, las cuales contienen las disposiciones que regirán las relaciones entre la Corporación y el o los proveedores.;CLP;PUBLICADO;DISPONIBLE;113.600.450;CORP MUNIC EDUC SALUD Y ATENCION
1057384-48-LE25;MANTENCION SALA TERMICA DEL HOSPITAL TOCOPILLA;LE;Publicada y disponible para ofertar;17/04/2025 11:38:02;CONTAR CON LA MANTENCION  Y REPARCION DE LA SALA TERMICA DEL HOSPITAL TOCOPILLA.;CLP;NO PUBLICADO;ESTIMADO;Entre 100 y 1000 UTM;SERVICIO DE SALUD ANTOFAGASTA HOSPITAL M
1175-60-LE25;Lic. 62.25 Adq. televisores para H. Villarrica;LE;Publicada y disponible para ofertar;17/04/2025 09:00:48;Se requiere la ADQUISICIÓN DE TELEVISORES, SOPORTES E INSTALACIÓN PARA HOSPITAL DE VILLARRICA, nuevo y sin uso. Las características técnicas, se detallan en el ANEXO Nº3 de las presentes bases. Debe cumplir con todas las características marcadas como obligatorias para que la oferta sea admisible.;CLP;PUBLICADO;ESTIMADO;25.720.000;SERVICIO DE SALUD ARAUCANIA SUR
1175-62-LE25;LIC. 66.25 ADQ. PCNOTEBOOKTABLET PARA H. VILLAR;LE;Publicada y disponible para ofertar;17/04/2025 12:35:01;Se requiere la ADQUISICIÓN DE PC, NOTEBOOK Y TABLET PARA EL HOSPITAL DE VILLARRICA, nuevo y sin uso. Las características técnicas, se detallan en el ANEXO Nº3 de las presentes bases. Debe cumplir con todas las características marcadas como obligatorias para que la oferta sea admisible.;CLP;NO PUBLICADO;ESTIMADO;Entre 100 y 1000 UTM;SERVICIO DE SALUD ARAUCANIA SUR
4464-68-LR24;CONVENIO DE MANTENCIÓN PREVENTIVA Y CORRECTIVA DE ASCENSORES Y ESCALERAS MECÁNICAS ;LR;Publicada y disponible para ofertar;11/04/2025 16:35:17;El Hospital San Juan de Dios de Curicó necesita licitar un CONVENIO DE MANTENCIÓN PREVENTIVA Y CORRECTIVA DE ASCENSORES Y ESCALERAS MECÁNICAS, para el buen servicio del nuevo edificio Hospitalario.;CLP;NO PUBLICADO;ESTIMADO;Igual o superior a 5.000 UTM;SERVICIO DE SALUD DEL MAULE HOSPITAL DE CURICO
1057547-193-LQ25;CONVENIO DE PECHERAS DESECHABLES;LQ;Publicada y disponible para ofertar;23/04/2025 17:20:56;CONVENIO DE PECHERAS DESECHABLES PARA EL HOSPITAL BASE VALDIVIA;CLP;PUBLICADO;ESTIMADO;264.000.000;SERVICIO DE SALUD VALDIVIA HOSPITAL BASE
1057489-162-LE25;SUMINISTRO INACTIVADOR DE OPA GLICINA PARA EL HDS;LE;Publicada y disponible para ofertar;23/04/2025 10:32:38;Convenio de Suministro de Inactivador de OPA Glicina por 36 meses en el Hospital del Salvador;CLP;PUBLICADO;ESTIMADO;14.000.000;SERVICIO DE SALUD ORIENTE HOSPITAL DEL SALVADOR
1549-40-LP25;ARRIENDO DE 3 CAMAS DE PARTO PARA NEONATOLOGIA;LP;Publicada y disponible para ofertar;14/04/2025 14:07:00;ARRIENDO DE 3 CAMAS DE PARTO PARA  UNIDAD DE NEONATOLOGIA DEL HOSPITAL SAN JOSÉ  VEASE RESOLUCION EXENTA N1223;CLP;NO PUBLICADO;DISPONIBLE;Igual o superior a 1.000 UTM e inferior a 2.000 UTM;SERVICIO DE SALUD METROPOLITANA NORTE HOSPITAL SAN JOSE
1621-21-L125;Remodelación sala 2 de hospitalizados ;L1;Publicada y disponible para ofertar;25/04/2025 16:23:57;Se requiere realizar pintura de muros y cielo y cambio de piso en sala 2 de hospitalizados;CLP;PUBLICADO;DISPONIBLE;2.700.000;SERVICIO DE SALUD HOSPITAL DE MARCHIGUE
1057429-16-LE25;CONVENIO SUMINISTRO PREELABORADOS PARA FUNCIONARIO;LE;Publicada y disponible para ofertar;25/04/2025 10:58:24;Adquirir convenio suministro preelaborados para funcionarios del Hospital;CLP;NO PUBLICADO;ESTIMADO;Entre 100 y 1000 UTM;SERVICIO NACIONAL DE SALUD HOSPITAL DE CORONEL
418-18-LE25;COMPRA DE SERVICIOS PSICOLÓGICOS PARA EL HPA;LE;Publicada y disponible para ofertar;25/04/2025 11:07:40;Finalidad de proveer de servicios profesionales para la atención de pacientes en unidades de Diálisis y Cuidados Paliativos del Hospital.;CLP;NO PUBLICADO;DISPONIBLE;Entre 100 y 1000 UTM;SERVICIO NACIONAL DE SALUD HOSPITAL DE PUERTO AYSEN
1224957-30-LE25;MANTENIMIENTO DESFIBRILADORES DIRECCIÓN DE SALUD;LE;Publicada y disponible para ofertar;25/04/2025 11:03:06;MANTENCIÓN PREVENTIVA Y CORRECTIVA EQUIPOS DESFIBRILADORES PARA EL ÁREA DE SALUD DE LA CORPORACIÓN MUNICIPAL DE ÑUÑOA;CLP;PUBLICADO;DISPONIBLE;7.691.690;CORP MUNICIPAL DE DESARROLLO SOCIAL DE NUNOA
1057474-14-LE25;LÁMINAS REFLECTANTES DE CONTROL SOLAR SSMN;LE;Publicada y disponible para ofertar;24/04/2025 09:45:15;Se requiere el retiro de láminas existentes, la adquisición e instalación de láminas para control solar como parte de una medida recomendada para mejorar las condiciones térmicas dentro de sus instalaciones. Esta solicitud responde a una prescripción realizada por nuestro organismo administrador tras la ejecución de mediciones de confort térmico en el ambiente laboral.;CLP;NO PUBLICADO;ESTIMADO;Entre 100 y 1000 UTM;SERVICIO DE SALUD METROPOLITANO NORTE
1540-77-LE25;SERVICIO DE CORRESPONDENCIA Y ENCOMIENDAS;LE;Publicada y disponible para ofertar;28/04/2025 11:08:47;Se requiere servicio de correspondencia y encomienda a la ciudad de Punta Arenas y viceversa por un periodo de 24 meses, para entrega y traslado de correspondencia diaria sobre, paquetes, termo vacuna, cajas de gran tamaño, caja metálica, carga de pallet, entre otros;CLP;NO PUBLICADO;DISPONIBLE;Entre 100 y 1000 UTM;SERVICIO DE SALUD MAGALLANES HOSPITAL DE PTO NATALES
1057498-24-LE25;ADQ. SILLONES DE ACOMPAÑAMIENTO LEY MILA;LE;Publicada y disponible para ofertar;28/04/2025 11:00:00;Adquirir para el Hospital ocho sillones de acompañamiento, siendo necesarios para cubrir la asistencia productiva del servicio;CLP;NO PUBLICADO;DISPONIBLE;Entre 100 y 1000 UTM;SERVICIO DE SALUD SUR HOSPITAL SANATORIO EL PINO
1549-54-LE25;ARRIENDO DE EQ. PARA IMÁGENES DE LA U DENTAL;LE;Publicada y disponible para ofertar;28/04/2025 08:20:45;ARRIENDO DE EQUIPOS PARA IMAGENES DENTALES POR REPOSICION DE EQUIPOS DE BAJA;CLP;NO PUBLICADO;ESTIMADO;Entre 100 y 1000 UTM;SERVICIO DE SALUD METROPOLITANA NORTE HOSPITAL SAN JOSE
1057931-11-LE25;Ad equipos TICs HH;LE;Publicada y disponible para ofertar;29/04/2025 08:18:47;Adquirir 1 Kit de equipos TICs compuesto por, para el Hospital las Higueras 	13 PC 	4 Impresoras multifuncional 	1 Impresora de brazalete 	4 Impresoras de etiqueta 	4 Pistolas código de barra 	2 Huelleros 	4 Televisores;CLP;PUBLICADO;DISPONIBLE;29.000.000;DIRECCION SERVICIO DE SALUD TALCAHUANO
1175-73-LR25;54.24 SERVICIO DE TRASLADO DE USUARIOS A CENTROS D;LR;Publicada y disponible para ofertar;29/04/2025 15:02:29;SERVICIO DE TRASLADO DE USUARIOS A CENTROS DE DIALISIS DE TEMUCO Y PADRE LAS CASAS;CLP;PUBLICADO;ESTIMADO;650.000.000;SERVICIO DE SALUD ARAUCANIA SUR
2296-29-LE25;SERVICIO DE EVALUACIÓN DE COMPETENCIAS LABORALES E IDONEIDAD PSICOLÓGICA DE POSTULANTES A CONCURSO PÚBLICO DE LA MUNICIPALIDAD DE CONCHALÍ;LE;Publicada y disponible para ofertar;28/04/2025 17:39:06;CONTRATAR SERVICIO ESPECIALIZADO DE EVALUACION DE COMPETENCIAS LABORALES E IDONEIDAD PSICOLOGICA PARA POSTULANTES AL CONCURSO PUBLICO DE LA MUNICIPALIDAD DE CONCHALI.;CLP;NO PUBLICADO;DISPONIBLE;Entre 100 y 1000 UTM;I MUNICIPALIDAD DE CONCHALI
1057468-2-LE25;SERVICIO DE COFFEE BREAK PARA CAPACITACION 2025;LE;Publicada y disponible para ofertar;29/04/2025 11:41:49;SERVICIO DE COFFEE BREAK PARA CAPACITACION 2025 Servicio de Coffee Break Bebidas Calientes, bebidas frías, bocados dulces, bocados salados, snack. Cantidad 5.024;CLP;NO PUBLICADO;ESTIMADO;Entre 100 y 1000 UTM;SERVICIO DE SALUD METROPOLITANO CENTRAL
1057547-137-LR25;ARRIENDO DE ESPACIOS FÍSICOS EN CASINO Y ENTREGA DE SERVICIOS DE ALIMENTACIÓN PARA FUNCIONARIOS;LR;Publicada y disponible para ofertar;18/03/2025 10:22:00;ARRIENDO DE ESPACIOS FÍSICOS EN CASINO Y ENTREGA DE SERVICIOS DE ALIMENTACIÓN PARA FUNCIONARIOS DEL HOSPITAL BASE VALDIVIA;CLP;PUBLICADO;DISPONIBLE;1.520.000.000;SERVICIO DE SALUD VALDIVIA HOSPITAL BASE
635-52-L125;ADQUISICION TROCAR OSTEOCLISIS ADULTO, OT 647 SAMU 2DO LLAMADO;L1;Publicada y disponible para ofertar;29/04/2025 17:21:17;Adquisición de trocar osteoclisis adulto, de acuerdo a lo indicado en las características descritas en las bases. Deberá adjuntar ficha técnica y/o catalogo del producto ofertado, completar y adjuntar anexo D.M. en caso contrarios la oferta será declarada inadmisible.;CLP;PUBLICADO;DISPONIBLE;2.058.000;SERVICIO DE SALUD DE ARICA Y PARINACOTA
2086-5-LE25;COMPRA DE SERVICIO DE 3 TENS TECNICO NIVEL SUPERIOR ENFERMERIA CAMPAÑA INVIERNO ;LE;Publicada y disponible para ofertar;30/04/2025 09:45:16;COMPRA DE SERVICIO DE 3 TENS TECNICO NIVEL SUPERIOR ENFERMERIA PARA EL PROGRAMA CAMPAÑA INVIERNO DEL HOSPITAL DE TOCOPILLA;CLP;NO PUBLICADO;DISPONIBLE;Entre 100 y 1000 UTM;SERVICIO DE SALUD ANTOFAGASTA HOSPITAL M
1057432-25-LE25;SERVICIOS DE GESTION PARA PROYECTO LEY ALCOHOLES;LE;Publicada y disponible para ofertar;30/04/2025 15:37:00;Se requiere contratar el servicio de gestor ley de alcoholes, para desarrollar proyecto ley de Alcoholes, segun especificaciones tecnicas.;CLP;NO PUBLICADO;DISPONIBLE;Entre 100 y 1000 UTM;SERVICIO DE SALUD CONCEPCION
1057539-1-LR25;CONVENIO SUMINISTRO DE PRESTACIONES DE LABORATORIO CLÍNICO.;LR;Publicada y disponible para ofertar;03/04/2025 14:27:00;La necesidad de convocar a licitación pública para un Convenio Suministro de Prestaciones de Laboratorio Clínico, Hospital Puerto Montt. ;CLP;NO PUBLICADO;ESTIMADO;Igual o superior a 5.000 UTM;HOSPITAL PUERTO MONTT SERVICIO DE SALUD DEL RELONCAVI
1057474-12-LE25;MANTENCIONES PREVENTIVAS Y CORRECTIVAS CALDERAS ;LE;Publicada y disponible para ofertar;10/04/2025 11:59:00;El objeto de la presente Licitación es la contratación del “SERVICIO DE MANTENIMIENTO PREVENTIVO Y CORRECTIVO DE CALDERA Y BOMBAS DE ELEVACIÓN DE AGUA DEL SSMN”;CLP;NO PUBLICADO;ESTIMADO;Entre 100 y 1000 UTM;SERVICIO DE SALUD METROPOLITANO NORTE
2744-12-LP25;SERVICIOS ODONTOLOGICO 2025;LP;Publicada y disponible para ofertar;30/04/2025 11:07:08;Req. de compra N°3-D La necesidad de habilitar compra de servicios de prótesis dentales removibles año 2025. ;CLP;NO PUBLICADO;ESTIMADO;Igual o superior a 1.000 UTM e inferior a 2.000 UTM;I MUNICIPALIDAD DE ANGOL
2189-18-LR25;Rep. y Adq. Equipos Plan Nac. cáncer H. Linares;LR;Publicada y disponible para ofertar;30/04/2025 17:59:40;Esta licitación tiene por objeto la adquisición y reposición de equipos del Hospital de Linares bajo el proyecto de Plan Nacional del Cáncer;CLP;NO PUBLICADO;DISPONIBLE;Igual o superior a 5.000 UTM;SERVICIO DE SALUD DEL MAULE
1180703-10-LQ25;ADQUISICIÓN EQUIPO DE UROLOGÍA SALUD ARICA Y PARINACOTA CÓDIGO BIP 40057680-0;LQ;Publicada y disponible para ofertar;28/04/2025 11:10:10;La presente adquisición se realiza en virtud del Convenio Mandato suscrito con fecha 21 de febrero de 2025 entre el Gobierno Regional de Arica y Parinacota y el Servicio de Salud Arica, aprobado mediante la Resolución Exenta N° 726 de 04 de marzo de 2025 del Gobierno Regional de Arica y Parinacota y mediante Resolución Exenta N° 631 de 13 de marzo de 2025, por el Servicio de Salud Arica y Parinacota, para el ejercicio presupuestario año 2025 de la iniciativa del Subtitulo 29, ítem 29.05 Máquinas y equipos, en la cual se asigna al Servicio de Salud Arica y Parinacota $207.563.000.- (doscientos siete millones quinientos sesenta y tres mil pesos) financiado con cargo al proyecto denominado “Adquisición Equipo de Urología, Código Bip 40057680-0”, del presupuesto del Fondo de Desarrollo Regional (FNDR), según el siguiente desglose:;CLP;NO PUBLICADO;DISPONIBLE;Igual o superior a 2.000 UTM e inferior a 5.000 UTM ;SERVICIO DE SALUD DE ARICA Y PARINACOTA
1057432-27-LP25;SUMINISTRO POR 12 MESES SERVICIO DE EVENTO DSSC;LP;Publicada y disponible para ofertar;30/04/2025 12:03:16;CONTRATO DE SUMINISTRO POR 12 MESES, SERVICIO DE EVENTO, PARA DEPTO. DESARROLLO Y CAPACITACIÓN DSSC, ID 1057432-27-LP25”.;CLP;NO PUBLICADO;DISPONIBLE;Igual o superior a 1.000 UTM e inferior a 2.000 UTM;SERVICIO DE SALUD CONCEPCION
1658-142-LR25;P.58-2025 SERVICIO DE TRASLADO PASAJEROS PARA PROGRAMAS COMUNALES DEL DEPARTAMENTO DE SALUD MUNICIPAL DE TEMUCO.;LR;Publicada y disponible para ofertar;22/04/2025 17:39:48;P.58-2025 SERVICIO DE TRASLADO PASAJEROS PARA PROGRAMAS COMUNALES DEL DEPARTAMENTO DE SALUD MUNICIPAL DE TEMUCO.;CLP;PUBLICADO;ESTIMADO;1.188.000.000;I MUNICIPALIDAD DE TEMUCO
1057474-15-LR25;RESOLUCIÓN INTEGRAL DE PATOLOGÍAS QUIRÚRGICAS;LR;Publicada y disponible para ofertar;29/04/2025 17:04:23;SERVICIOS DE RESOLUCIÓN INTEGRAL DE PATOLOGÍAS  QUIRÚRGICAS PARA PACIENTES EN LISTA DE ESPERA NO  GES, SERVICIO DE SALUD METROPOLITANO NORTE;CLP;NO PUBLICADO;ESTIMADO;Igual o superior a 5.000 UTM;SERVICIO DE SALUD METROPOLITANO NORTE
1057512-8-LR25;CONVENIO SERVICIO DE VIGILANCIA Y SEGURIDAD PARA EL HOSPITAL DE YUNGAY SERVICIO DE SALUD ÑUBLE;LR;Publicada y disponible para ofertar;31/03/2025 16:47:04;El Hospital de Yungay del Servicio de Salud Ñuble, llama a Licitación Pública a través del Portal Mercado Público para la para suscribir “CONVENIO SERVICIO DE VIGILANCIA Y SEGURIDAD”, de acuerdo a requerimientos especificados en Bases Administrativas y Técnicas de la presente licitación. Se pretende obtener la mejor calidad y oportunidad en la prestación  de los servicios a un precio conveniente.;CLP;NO PUBLICADO;ESTIMADO;Igual o superior a 5.000 UTM;SERVICIO DE SALUD NUBLE HOSPITAL DE YUNG
2792-21-LE25;ARRIENDO DE VEHÍCULO PARA DISTRIBUCIÓN DE MEDICAMENTOS E INSUMOS MÉDICOS;LE;Publicada y disponible para ofertar;21/04/2025 17:01:42;La presente licitación tiene por objeto la contratación del servicio de arriendo de un vehículo con conductor, destinado al transporte de medicamentos, insumos médicos, personal y otras asignaciones relacionadas. El servicio incluirá el traslado seguro y eficiente desde la Bodega de Medicamentos de Salud hacia los centros de salud de la comuna, y otros establecimientos de la Red de Salud Metropolitana, asegurando el cumplimiento de los protocolos de seguridad y las normativas sanitarias vigentes. Las características y requisitos específicos del vehículo serán detallados en las Bases Técnicas. FINANCIAMIENTO DEPARTAMENTO DE SALUD: PRESUPUESTO MENSUAL DISPONIBLE: $1.350.000 mensual (impuestos incluidos).;CLP;NO PUBLICADO;DISPONIBLE;Entre 100 y 1000 UTM;Municipalidad de Huechuraba
1138054-1-LE25;REPARACIONES Y MANTTO VARIOS EN PAI IA NATALES;LE;Publicada y disponible para ofertar;11/04/2025 09:31:18;El propósito de la licitación es la reparación y mantenimiento varios de las dependencias del Programa PAI IA ubicada en la ciudad de Puerto Natales, de acuerdo con lo establecido en las presentes Bases Administrativas y Técnicas, en las circunstancias que este servicio no es provisto en catálogo electrónico del Convenio Marco. ;CLP;NO PUBLICADO;ESTIMADO;Entre 100 y 1000 UTM;SERVICIO DE SALUD MAGALLANES
507428-72-LR25;REPOSICIÓN AUTOCLAVE HOSPITAL DE CASTRO;LR;Publicada y disponible para ofertar;11/04/2025 16:01:00;REPOSICIÓN AUTOCLAVE HOSPITAL DE CASTRO;CLP;NO PUBLICADO;DISPONIBLE;Igual o superior a 5.000 UTM;SERVICIO DE SALUD CHILOE
1288-14-LR25;Convenio de suministro de medicamentos ministeriales. Programa Salud de la mujer 2024-2025.;LR;Publicada y disponible para ofertar;16/04/2025 11:54:23;Convenio de suministro de medicamentos ministeriales. Programa Salud de la mujer 2024-2025.;CLP;NO PUBLICADO;DISPONIBLE;Igual o superior a 5.000 UTM;SERVICIO SALUD METROPOLITANO OCCIDENTE
1057536-29-LQ25;EQUIPAMIENTO  CESFAM ALERCE;LQ;Publicada y disponible para ofertar;28/04/2025 14:51:47;ADQUISICION DE EQUIPAMIENTO PARA CESFAM ALERCE;CLP;NO PUBLICADO;ESTIMADO;Igual o superior a 2.000 UTM e inferior a 5.000 UTM ;SERVICIO SALUD DEL RELONCAVI
1950-43-H225;LIC. PRIVADA SERVICIO DE GESTIÓN ADMINISTRATIVA HP;H2;Publicada y disponible para ofertar;21/04/2025 11:53:25;El Hospital Pitrufquén, consecuente con la política de mejorar la oportunidad y la calidad de atención a los usuarios del sistema público de salud de la comuna de Pitrufquén, en especial en lo que se refiere a la entrega de prestaciones administrativas y nuevas normativas, ha determinado convocar a la presente licitación para asegurar la atención de salud, por la compra de “SERVICIO DE GESTIÓN ADMINISTRATIVA PARA HOSPITAL PITRUFQUÉN”;CLP;PUBLICADO;DISPONIBLE;176.000.000;SERVICIO SALUD ARAUCANIA SUR HOSPITAL PITRUFQUEN
2332-27-LQ25;CS CINTAS DE MEDICION COLESTEROL Y GLUCOSA;LQ;Publicada y disponible para ofertar;23/04/2025 14:46:50;El Departamento de Salud Municipal de Puerto Montt de Salud, dentro de su estrategia de compras, llama a participar en la licitación bajo la modalidad de convenio suministros de “CONVENIO SUMINISTRO PARA CINTAS DE MEDICIÓN DE COLESTEROL Y CINTAS DE MEDICIÓN DE GLUCOSA PARA LOS CESFAM DEPENDIENTES DEL DEPARTAMENTO DE SALUD MUNICIPAL DE PUERTO MONTT”, destinado a cubrir los requerimientos en distintas dependencias de la institución, cuyo detalle y especificaciones técnicas se encuentran explicitadas en las bases administrativas y técnicas de la licitación.;CLP;NO PUBLICADO;DISPONIBLE;Igual o superior a 2.000 UTM e inferior a 5.000 UTM ;I MUNICIPALIDAD DE PUERTO MONTT
1057500-23-I225;SERVICIO RENOVACIÓN PLATAFORMAS DE RESPALDO Y VIRT;I2;Publicada y disponible para ofertar;31/03/2025 12:53:52;El Servicio Metropolitano Sur Oriente requiere adquirir los servicios para la renovación por obsolescencia de la infraestructura tecnológica en el servicio de salud implica la actualización y reemplazo de componentes, sistemas y equipos tecnológicos que han quedado obsoletos. Este proceso es esencial para garantizar que la institución cuente con tecnología moderna y eficiente, lo que contribuye a mejorar la atención al paciente, optimizando la gestión de datos médicos, fortaleciendo la ciberseguridad y manteniendo la conformidad con los estándares de la industria. La renovación también incluye la capacitación del personal en el uso de estas nuevas tecnologías y la consideración de prácticas sostenibles en la disposición de equipos obsoletos. Este enfoque busca mejorar la calidad y eficiencia del servicio de salud mediante la aplicación de la última tecnología disponible, para un periodo de 60 Meses.;CLP;PUBLICADO;DISPONIBLE;600.000.000;SERVICIO DE SALUD METROPOLITANO SUR ORIENTE
545598-10-LQ25;Suministro de medicamentos para la Farmacia Municipal de la comuna de Castro;LQ;Publicada y disponible para ofertar;17/04/2025 20:51:00;Contratar convenio de suministro de catorce (14) líneas de productos para abastecimiento de la Farmacia Municipal de la comuna de Castro.;CLP;NO PUBLICADO;DISPONIBLE;Igual o superior a 2.000 UTM e inferior a 5.000 UTM ;CORP MUNICIPAL DE CASTRO PARA LA EDUCACION SALUD Y ATENCION AL MENOR
750301-6-LP25;ADQUISICIÓN DE SEGUROS VEHÍCULOS DEPTO. SALUD;LP;Publicada y disponible para ofertar;10/04/2025 10:38:29;Se requiere la contratación de seguros para 42 vehículos de propiedad de la Corporación Municipal Gabriel González Videla por un periodo de 12 meses, con el fin de resguardar la flota vehicular del Departamento de Salud.;CLP;NO PUBLICADO;DISPONIBLE;Igual o superior a 1.000 UTM e inferior a 2.000 UTM;CORP.MUNICIPAL GABRIEL GONZALEZ VIDELA DE LA SERENA
2710-26-LE25;ECOTOMOGRAFIAS ABDOMINALES PARA COMUNA DE OVALLE;LE;Publicada y disponible para ofertar;22/04/2025 10:53:55;ECOTOMOGRAFIAS ABDOMINALES PARA COMUNA DE OVALLE, SEGUN SOLICITUD N 26-2025 DE UNIDAD DE CONVENIOS DESAM.;CLP;PUBLICADO;ESTIMADO;36.414.000;MUNICIPALIDAD DE OVALLE
1057390-28-LP25;CONV.SS GUARDIASSEGURIDAD Y CÁMARAS DE VIGILANCIA;LP;Publicada y disponible para ofertar;21/04/2025 16:24:34;Servicio de Salud Araucanía Norte requiere la suscripción de convenio de servicios de Guardias, Seguridad y Cámaras de Vigilancia con monitoreo para las dependencias detalladas en el anexo n°4.;CLP;PUBLICADO;ESTIMADO;327.136.560;SERVICIO DE SALUD ARAUCANIA NORTE
1191382-5-LP25;PP 601-2025 SUMINISTRO EN MANTENCIÓN DE ELECTRICIDAD Y CORRIENTES DÉBILES DESTINADOS AL ÁREA DE SALUD MUNICIPAL VALDIVIA – SOLICITUD Nº 3275-2024;LP;Publicada y disponible para ofertar;14/04/2025 09:43:36;PP 601-2025 / SUMINISTRO EN MANTENCIÓN DE ELECTRICIDAD Y CORRIENTES DÉBILES, DESTINADOS AL ÁREA DE SALUD MUNICIPAL VALDIVIA – SOLICITUD Nº 3275-2024;CLP;PUBLICADO;DISPONIBLE;120.000.000;I MUNICIPALIDAD VALDIVIA
188-26-LE25;ADQUISICIÓN DE 03 SILLONES ODONTOLÓGICOS;LE;Publicada y disponible para ofertar;21/04/2025 18:16:46;Las presentes Bases reglamentarán la propuesta pública para la “ADQUISICIÓN E INSTALACIÓN DE 03 SILLONES ODONTOLÓGICOS EQUIPADOS A IMPLEMENTAR EN DEPEDENCIAS DE UAPO – UAPORRINO - COMUDEF”, que realiza la Corporación Municipal de La Florida, sin perjuicio, de lo establecido en las Bases Especiales, Especificaciones Técnicas, aclaraciones y/o modificaciones que elabore la unidad técnica encargada de ello  Ley N°19.886 que regula las Bases sobre Contratos Administrativos de Suministro y su Reglamento  Ley N°19.880, sobre Bases de los Procedimientos Administrativos que rigen los Actos de los Órganos de la Administración del Estado  Ley N°20.730 que regula el lobby y las gestiones que representen intereses ante las autoridades y funcionarios que participan en la comisión evaluadora, de los procesos de licitación  Ley N°20.285 Sobre Acceso a la Información Pública  Ley N°20.880 sobre probidad en la función pública y prevención de los conflictos de intereses  Ley N°20.123, que Regula el trabajo en Régimen de Subcontratación, el funcionamiento de las Empresas de Servicios Transitorios, y el contrato de trabajo  Ley N°20.584 que regula los derechos y deberes de las personas en relación con acciones vinculadas a su atención de salud.;CLP;NO PUBLICADO;DISPONIBLE;Entre 100 y 1000 UTM;CORP MUNICIPAL DE EDUC SALUD CULTURA Y RECREACION DE LA FLORIDA
507428-73-LP25;REPOSICIÓN AUTOCLAVE BAJA TEMPERATURA;LP;Publicada y disponible para ofertar;15/04/2025 14:52:00;Que, en el contexto anteriormente descrito, y en el marco del proyecto “Reposición Autoclave baja T° Hospital Castro”, y con el objetivo de dotar al establecimiento de equipamiento necesario para su adecuado funcionamiento.  ;CLP;NO PUBLICADO;DISPONIBLE;Igual o superior a 1.000 UTM e inferior a 2.000 UTM;SERVICIO DE SALUD CHILOE
1057544-145-LP25;CONTRATACIÓN DE SERVICIOS PROFESIONALES Y ADMINISTRATIVOS PARA LA UNIDAD DE GESTIÓN GES DEL HOSPITAL LAS HIGUERAS;LP;Publicada y disponible para ofertar;29/04/2025 14:33:09;contratar servicios Profesionales y administrativos, para reforzar la gestión de la Unidad de Gestión Ges del Hospital las Higueras.;CLP;NO PUBLICADO;DISPONIBLE;Igual o superior a 1.000 UTM e inferior a 2.000 UTM;SERVICIO DE SALUD DE TALCAHUANO HOSPITAL
3092-4-LE25;SUMINISTRO DE ARMAZONES CRISTALES CON MONTAJE Y ACCESORIOS DE LENTES OPTICOS PARA EL CENTRO OFTALMOLOGICO MUNICIPAL DE LA DIRECCIÓN DE SALUD I. MUNICIPALIDAD DE CASABLANCA”;LE;Publicada y disponible para ofertar;23/04/2025 15:30:32;SUMINISTRO DE ARMAZONES, CRISTALES CON MONTAJE Y ACCESORIOS DE LENTES OPTICOS PARA EL CENTRO OFTALMOLOGICO MUNICIPAL DE LA DIRECCIÓN DE SALUD I. MUNICIPALIDAD DE CASABLANCA”;CLP;NO PUBLICADO;DISPONIBLE;Entre 100 y 1000 UTM;I MUNICIPALIDAD DE CASABLANCA
2115-21-LP25;SUMINSTRO DE PREPARADO MAGISTRAL BEVACIZUMAB ;LP;Publicada y disponible para ofertar;30/04/2025 17:04:58;El objeto de esta licitación es la contratación de “SUMINSTRO DE PREPARADO MAGISTRAL BEVACIZUMAB SOLUCIÓN INYECTABLE 1,25 MG / 0,05 ML” para el Centro de Referencia de Salud de Maipú, de acuerdo con lo requerido en las Bases Técnicas del presente llamado a Licitación Pública. El presupuesto estimado disponible para este proceso es de $99.700.000- impuestos incluidos.  Sin perjuicio de lo anterior, este número podría aumentar producto de eventuales ampliaciones de financiamiento y por necesidades del servicio. Con todo, el incremento no podrá superar el 30% del total contratado, ni ser igual o superior a las 5.000 UTM.;CLP;NO PUBLICADO;ESTIMADO;Igual o superior a 1.000 UTM e inferior a 2.000 UTM;CENTRO DE REFERENCIA DE SALUD DE MAIPU
1175-55-LP25;53.25 SERV.ADMINISTRACIÓN Y CUIDADO CR MAKEWESSAS;LP;Publicada y disponible para ofertar;09/04/2025 09:14:52;El Servicio de Bienestar del Servicio de Salud Araucanía Sur dispone de un Centro Recreacional para sus socioas y cargas familiares, ubicado en pasaje Abel Parodi sector Makewe a 15 Kilómetros de Temuco.  Para el normal funcionamiento de este recinto se requiere contratar el servicio de ADMINISTRACION, CUIDADO Y MANTENCION CENTRO RECREACIONAL MAKEWE, BIENESTAR SSAS. El Servicio se contratará por 24 meses a contar del día siguiente de la publicación de la Resolución que aprueba el contrato. EL SERVICIO DEBERÁ ESTAR OPERATIVO EN UN PLAZO QUE NO PODRÁ SUPERAR LOS 5 DIAS CORRIDOS, CONTADO DESDE EL DIA HÁBIL SIGUIENTE DESDE LA PUBLICACIÓN DE LA RESOLUCIÓN QUE APRUEBA EL CONTRATO EN EL PORTAL MERCADOPUBLICO.CL. El servicio ofertado debe considerar contratar al personal necesario para cumplir las funciones que se detallan más adelante, requeridas para el correcto funcionamiento del Centro Recreacional administradora, cuidadora, guardia, auxiliares de servicio, salvavidas, técnico paramédico;CLP;NO PUBLICADO;ESTIMADO;Igual o superior a 1.000 UTM e inferior a 2.000 UTM;SERVICIO DE SALUD ARAUCANIA SUR
2770-42-LP25;SERVICIO DE MANTENCIÓN CORRECTIVA DE VEHÍCULOS INSTITUCIONALES;LP;Publicada y disponible para ofertar;16/04/2025 17:37:41;La presente licitación tiene por finalidad mantener la operatividad de toda la flota de ambulancias y vehículos asignados pertenecientes a la red de Atención Primaria de Salud, evitando la ocurrencia de eventos que puedan entorpecer el normal funcionamiento de estos, corrigiendo a tiempo cualquier defecto que suponga la reposición de piezas afectas al natural desgaste por el uso habitual y paso del tiempo. Adicionalmente, el servicio permitirá diagnosticar, planificar, administrar y proporcionar las actividades de mantención con plena responsabilidad para el logro de los objetivos fijados de común acuerdo entre las partes y claramente medibles en el tiempo. Todo lo anterior en virtud de lo dispuesto en las presentes Bases Administrativas, las Bases Técnicas y todos sus anexos.;CLP;NO PUBLICADO;DISPONIBLE;Igual o superior a 1.000 UTM e inferior a 2.000 UTM;I MUNICIPALIDAD DE MAIPU
1211839-32-LE25;ADQUISICIÓN DE MEDICAMENTOS NO CENABAST;LE;Publicada y disponible para ofertar;22/04/2025 17:40:39;En ese contexto, la presente licitación pública tiene por objeto la adquisición de medicamentos que han sido eliminados o suspendidos del Convenio con CENABAST y que no cuentan con abastecimiento hasta diciembre del 2025. Su finalidad es abastecer a los Centros de Salud de la Corporación Municipal de Puente Alto, conforme a los Términos de Referencia elaborados por la Unidad Técnica.;CLP;PUBLICADO;ESTIMADO;55.700.000;CORP MUNIC EDUC SALUD Y ATENCION
1216085-51-LE25;SEMBRANDO SONRISAS DEL PROGRAMA SALUD BUCAL;LE;Publicada y disponible para ofertar;21/04/2025 16:20:42;El objetivo de esta licitación, señalan los requerimientos técnicos que los equipos odontológicos comunales, pertenecientes al Departamento de Salud de la Corporación Municipal de Villa Alemana, han establecido como necesarios y mínimos para la ejecución del Componente 1 “Sembrando Sonrisas” del programa “Estrategias de Salud Bucal” del año 2025 de acuerdo a requerimientos ingresados por sistemas electrónicos vigentes y en atención a necesidades y presupuestos disponibles.  El fundamento consiste en establecer un compromiso, el que se hará efectivo a través de la emisión de la orden de compra, regulando el proceso y que se materializará cada vez que sea necesario cuando el proveedor acepte las órdenes de compra mediante la plataforma www.mercado publico.cl.  Durante todo el período de vigencia del servicio, será solicitado en la oportunidad del mes que la Corporación estime pertinente, comprometiéndose el oferente adjudicado a difundir esta modalidad de compra a todas las instancias que participan en su proceso de ventas.   La modalidad de adjudicación se realizará a través de adjudicación única, de un solo proveedor por la totalidad del servicio.;CLP;PUBLICADO;DISPONIBLE;15.700.000;CORP MUNICIPAL PARA EL DESARROLLO SOCIAL
1175-72-LE25;Lic. 72.25 Adq. equipos TICS Cesfam Metodista;LE;Publicada y disponible para ofertar;28/04/2025 08:54:30;Se requiere la ADQUISICIÓN DE EQUIPOS TICS PARA CENTRO SALUD FAMILIAR METODISTA, nuevo y sin uso. Las características técnicas, se detallan en el ANEXO Nº3 de las presentes bases. Debe cumplir con todas las características marcadas como obligatorias para que la oferta sea admisible.;CLP;PUBLICADO;ESTIMADO;55.061.000;SERVICIO DE SALUD ARAUCANIA SUR
507428-69-LP25;ADQUISICIÓN CARROS DE PARO PROYECTO NHA;LP;Publicada y disponible para ofertar;22/04/2025 11:51:00;Adquirir Equipos en el Nuevo Hospital Ancud, según planilla de habilitación del proyecto.;CLP;NO PUBLICADO;ESTIMADO;Igual o superior a 1.000 UTM e inferior a 2.000 UTM;SERVICIO DE SALUD CHILOE
3778-13-LE25;SERVICIO TOMA Y LECTURA DE ECG Y MONITOREO;LE;Publicada y disponible para ofertar;25/04/2025 14:04:37;El departamento de salud de la Municipalidad de Hijuelas, requiere contar con un contrato de suministro para todo el periodo 2025 y 2026 por los “SERVICIO DE TOMA Y LECTURA DE ELECTROCARDIOGRAMA ECG Y MONITOREO AMBULATORIO DE PRESIÓN ARTERIAL MAPA A TRAVES DEL METODO TELEMEDICINA PARA EL DEPARTAMENTO DE SALUD HIJUELAS 2025-2026”con el objetivo de brindar un servicio integro, en cuanto a la realización de toma de prestaciones telemedicina, Electrocardiograma adulto e infantil, MAPA, holter de ritmo.;CLP;NO PUBLICADO;DISPONIBLE;Entre 100 y 1000 UTM;I MUNICIPALIDAD DE HIJUELAS
1057506-17-LP25;SERVICIOS  DE SEGURIDAD PARA HOSPITAL DE COELEMU;LP;Publicada y disponible para ofertar;23/04/2025 16:03:17;El Hospital de Coelemu requiere contratar los servicios de seguridad para resguardo de dependencias, funcionarios y usuarios del recinto, de acuerdo a las presentes bases administrativas y técnicas.;CLP;PUBLICADO;DISPONIBLE;76.000.000;SERVICIO NACIONAL DE SALUD HOSPITAL DE COELEMU
2107-64-LP25;SUMINISTRO Y MANTENCIÓN DE OBRAS CIVILES MENORES;LP;Publicada y disponible para ofertar;28/04/2025 08:49:47;Hospital Santa Cruz, como establecimiento de salud requiere establecer un convenio de mantención de infraestructura y subespecialidades en el ámbito de mantenciones correctivas y preventivas, contemplando la ejecución de diferentes obras civiles, de terminación y trabajos sanitarios requeridos por el Hospital, para dar con las soluciones de infraestructura requeridas para contar con recintos adecuados a las necesidades tanto de usuarios como público en general. Se podrán intervenir tanto al interior de los recintos, considerando mejoras a la infraestructura e instalaciones existentes, como también la construcción de nuevos espacios o espacios dependientes del establecimiento.;CLP;NO PUBLICADO;ESTIMADO;Igual o superior a 1.000 UTM e inferior a 2.000 UTM;SERVICIO DE SALUD HOSPITAL DE SANTA CRUZ
507428-57-LP25;ADQUISICIÓN DE LAMPARAS DE PROCEDIMIENTO TECHO NHA;LP;Publicada y disponible para ofertar;03/04/2025 07:53:00;Que, existe la necesidad de implementar proyecto de normalización Nuevo Hospital de Ancud.;CLP;NO PUBLICADO;ESTIMADO;Igual o superior a 1.000 UTM e inferior a 2.000 UTM;SERVICIO DE SALUD CHILOE
4025-15-LE25;EQUIPAMIENTO PARA BOX DENTAL CESFAM ANTUCO;LE;Publicada y disponible para ofertar;30/04/2025 16:56:37;La necesidad de adquirir equipamiento dental para el Centro de Salud Familiar de la comuna Antuco, a fin de realizar mejoras en la infraestructura y suministro utilizado para las atenciones dentales a los usuarios del Centro de Salud Familiar de la comuna Antuco, según solicitud de compra N°34 de fecha 14 de abril 2025.;CLP;PUBLICADO;ESTIMADO;8.000.000;I MUNICIPALIDAD DE ANTUCO
1057898-23-LR25;ADQUISICIÓN DE EQUIPAMIENTO MONITOREO GENERAL PARA EL NUEVO HOSPITAL REGIONAL DE ÑUBLE;LR;Publicada y disponible para ofertar;30/04/2025 17:20:16;El Servicio de Salud Ñuble llama a licitación para adquisición de Equipamiento de Monitoreo General para el Nuevo Hospital Regional de Ñuble;CLP;PUBLICADO;DISPONIBLE;2.255.667.000;SERVICIO DE SALUD NUBLE
507428-77-LP25;ADQUISICIÓN ECOTOMÓGRAFO Y ECÓGRAFO PROYECTO NHCQ;LP;Publicada y disponible para ofertar;23/04/2025 12:17:00;Adquirir e instalar Equipos en el Nuevo Hospital Comunitario Queilen, según planilla de habilitación del proyecto.;CLP;NO PUBLICADO;ESTIMADO;Igual o superior a 1.000 UTM e inferior a 2.000 UTM;SERVICIO DE SALUD CHILOE
3778-14-LE25;ADQUISICION SERVICIO SUMINISTRO DE OXIGENO;LE;Publicada y disponible para ofertar;25/04/2025 14:04:47;El departamento de salud de la Municipalidad de Hijuelas, requiere contar con un contrato de suministro para todo el periodo 2025 y 2026 por los servicios de “SUMINISTRO DE ENVASES Y OXÍGENO GASEOSO MEDICINAL PARA EL DEPARTAMENTO DE SALUD 2025-2026”con el objetivo de brindar un servicio integro, en cuanto a la realización de recarga suministro de oxígeno gaseoso medicinal.;CLP;NO PUBLICADO;DISPONIBLE;Entre 100 y 1000 UTM;I MUNICIPALIDAD DE HIJUELAS
1658-77-LR25;P.409-2024 CONTRATO DE SUMINISTRO PARA LA ADQUISICION DE INSUMOS Y REACTIVOS PARA DISTINTAS AREAS DEL LABORATORIO CLINICO DE LA MUNICIPALIDAD DE TEMUCO;LR;Publicada y disponible para ofertar;20/03/2025 18:34:00;P.409-2024 CONTRATO DE SUMINISTRO PARA LA ADQUISICION DE INSUMOS Y REACTIVOS PARA DISTINTAS AREAS DEL LABORATORIO CLINICO DE LA MUNICIPALIDAD DE TEMUCO;CLP;PUBLICADO;ESTIMADO;4.175.100.000;I MUNICIPALIDAD DE TEMUCO
2448-65-LE25;SUMINISTRO DE FUMIGACIÓN 2025;LE;Publicada y disponible para ofertar;21/04/2025 11:30:36;Se requiere licitar el suministro de fumigación ya que pretende que los establecimientos de Atención Primaria De Salud de la comuna de Coquimbo se mantengan libres de plagas, a fin de minimizar los riesgos sanitarios, mediante acciones de desratización, desinsectación y sanitización. Asimismo, asegurar que las dependencias administrativas del Departamento de Salud estén libres de plagas. Además de proporcionar ambientes saludables y libres de plagas, garantizando una atención segura tanto para los pacientes como para el personal de salud.  Se deja expresa constancia que los oferentes deberán ofertar la totalidad de los servicios requeridos. El incumplimiento de esta disposición facultará al municipio para declarar inadmisibles a dichas ofertas.  La Municipalidad de Coquimbo se reserva el derecho de revocar la licitación pública en conformidad a la facultad establecida el artículo 61 de la Ley N°19.880  que establece que “Los actos administrativos podrán ser revocados por el órgano que los hubiere dictado”  facultad que se materializa en el sistema de información www.mercadopublico.cl, a través de la aplicación “revocar licitación”, que permite mientras no se haya adjudicado una licitación, llevar a efectos dicha facultad mediante resolución fundada, basado en razones de mérito, conveniencia u oportunidad.;CLP;NO PUBLICADO;DISPONIBLE;Entre 100 y 1000 UTM;I MUNICIPALIDAD DE COQUIMBO
4457-13-LE25;CONTRATO DE SERVICIO COMPLETO DE ESTERILIZACIÓN;LE;Publicada y disponible para ofertar;17/04/2025 12:46:49;CONTRATO DE SERVICIO COMPLETO DE ESTERILIZACION PARA CESFAM INCLUYE: LAVADO, EMPAQUE, ESTERILIZACION Y TRASLADO DE MATERIAL ESTERIL Y CONTAMINADO.  SOLICITUD DE ADQUISICIONES N 76 ID DOC 856312 DE FECHA 04.04.2025;CLP;NO PUBLICADO;ESTIMADO;Entre 100 y 1000 UTM;I MUNICIPALIDAD DE HUALQUI
1180937-3-LE25;“ADQUISICIÓN EQUIPAMIENTO CRITICO PARA EL HOSPITAL CLÍNICO HERMINDA MARTÍN SERVICIO OBSTETRICIA Y GINECOLOGIA CODIGO BIP 40033865-0”;LE;Publicada y disponible para ofertar;23/04/2025 17:08:35;El Servicio de Salud Ñuble, mandatado por el GORE Ñuble, requiere adquirir equipamiento y equipo para el Hospital Clínico Herminda Martin debido a que cuenta con una cantidad importante de equipamiento médico crítico y fundamental para la recuperación de sus pacientes que se ha ido deteriorando por el alto uso debido a que no existe una cantidad suficiente, hay que considerar además que muchos de ellos están obsoletos tecnológicamente, con vida útil terminada, entre otros muchos problemas que presentan, razón por la cual es necesario adquirir nuevos equipos en cantidad suficiente, con tecnología actual y moderna para atender dignamente a la población de Ñuble que lo requiera.;CLP;NO PUBLICADO;ESTIMADO;Entre 100 y 1000 UTM;SERVICIO DE SALUD NUBLE
552975-24-LQ25;SEGURO DE VIDACOMPLEMENTARIO Y CATASTRÓFICO;LQ;Publicada y disponible para ofertar;25/04/2025 12:38:43;La Corporación de Desarrollo Social de Providencia, en adelante la “Corporación”, llama a licitación pública para contratar el “SERVICIO DE SEGURO DE VIDA, SEGURO COMPLEMENTARIO DE SALUD Y SEGURO CATASTRÓFICO”, para funcionarios y funcionarias de la Corporación de Desarrollo Social y sus cargas familiares. En particular se requiere contratar:  1.	Seguro de vida: Su objetivo es proteger a la familia, o a quien el funcionario o funcionaria haya declarado beneficiario o beneficiaria, ante un eventual fallecimiento del asegurado o asegurada, aportando estabilidad económica a quienes reciban este beneficio.  2.	Seguro catastrófico y complementario de salud: Su objetivo es cubrir todos los gastos médicos que FONASA o las ISAPRES no cubran, además, se trata de un seguro que sirve para gastos más altos como una enfermedad que requiera tratamientos costosos o un accidente en que los gastos sean muy elevados.  Las Bases que rigen la presente licitación se encontrarán a disposición de los interesados en el Sistema de Información www.mercadopublico.cl a partir del día de la publicación del llamado a licitación.;CLF;NO PUBLICADO;DISPONIBLE;Igual o superior a 2.000 UTM e inferior a 5.000 UTM ;CORP DE DESARROLLO SOCIAL DE PROVIDENCIA
2080-203-LE25;SERV. INFORMES BIOPSIAS SIMPLES Y COMPLEJAS HDFRZ;LE;Publicada y disponible para ofertar;25/04/2025 11:23:33;Con el objeto de cumplir con su fin asistencial el Hospital, Establecimiento Autogestionado en Red, y acorde a la naturaleza de las prestaciones otorgadas por este a sus beneficiarios, se requiere una oportuna e inmediata resolución de las atenciones en sus diversos módulos y servicios, que no puede ser diferida en el tiempo, lo que nos compromete a disponer de los servicios necesarios para responder adecuadamente a la demanda asistencial. En este sentido, el servicio de Informes de Biopsias Simples y Complejas proporciona un análisis detallado y preciso de las muestras de tejido tomadas de los pacientes, siendo estos informes son esenciales para el diagnóstico médico y para guiar la toma de decisiones clínicas en cuanto a tratamiento y manejo de la enfermedad. Su objetivo también es contar con la opinión de patólogos experimentados que puedan interpretar de manera adecuada tanto biopsias simples como complejas, que requieren conocimientos avanzados y experiencia clínica para determinar su naturaleza, entregando informes detallados y resultados fiables que cumplan con las normativas y estándares de calidad establecidos por organismos de salud y acreditación.;CLP;NO PUBLICADO;ESTIMADO;Entre 100 y 1000 UTM;SERVICIO DE SALUD DEL LIBERTADOR B O'HIGGINS HOSPITAL REG RANCAGUA
1211839-35-LR25;CONTRATACIÓN DEL SERVICIO DE GUARDIAS PARA CMPA;LR;Publicada y disponible para ofertar;30/04/2025 19:28:37;La presente licitación corresponde a la contratación de un servicio de seguridad y vigilancia para los establecimientos de Educación, Salud, Atención de Menores y Nivel Central, el que tiene por finalidad el resguardo de las diversas dependencias administradas por la Corporación.;CLP;PUBLICADO;ESTIMADO;2.911.107.228;CORP MUNIC EDUC SALUD Y ATENCION
1057432-18-LR25;SERVICIO ARRIENDO DE RADIO COMUNICACIONES SAMU SSC;LR;Publicada y disponible para ofertar;24/04/2025 14:33:35;Se requiere adquirir un servicio de arriendo de radios portatiles de comunicaciones trunking digital y LTE para Samu Costa, del Servicio de Salud Concepción por 36 meses, segun especificaciones tecnicas.;CLP;NO PUBLICADO;DISPONIBLE;Igual o superior a 5.000 UTM;SERVICIO DE SALUD CONCEPCION
1057432-93-LR24;SERVICIO DE RIS PACS PARA LA RED DEL SSC;LR;Publicada y disponible para ofertar;11/04/2025 15:18:00;Se requiere contratar una plataforma RIS PACS para toda la red del Servicio de Salud Concepción según bases técnicas.;CLP;NO PUBLICADO;DISPONIBLE;Igual o superior a 5.000 UTM;SERVICIO DE SALUD CONCEPCION
1057432-30-LE25;SEGURO AUTOMOTRIZ ANUAL SIN DEDUCIBLE 2025;LE;Publicada y disponible para ofertar;29/04/2025 16:49:27;La Sección de Movilización de la Dirección del Servicio de Salud Concepción requiere contratar los Seguros Automotrices para la Flota Automotriz de los Establecimientos de la Red del Servicios de Salud Concepción, según especificaciones técnicas. ;CLP;NO PUBLICADO;DISPONIBLE;Entre 100 y 1000 UTM;SERVICIO DE SALUD CONCEPCION
1112555-1-LE25;ADQUISICIÓN DE MEDICAMENTOS Y DISPOSITIVOS MÉDICOS PARA LA RED DE ATENCIÓN PRIMARIA DEL SERVICIO DE SALUD ACONCAGUA - DAP;LE;Publicada y disponible para ofertar;22/04/2025 16:59:40;1.	El Servicio de Salud Aconcagua requiere la adquisición para dar cumplimiento a los tratamientos de salud de la red de Atención Primaria del Valle de Aconcagua.   2.	La Solicitud de Compra N°11, Oficina de Partes N°124 (Interno N°155), presentada por el Referente Técnico Dirección Atención Primaria, fue debidamente aprobada y autorizada por la Jefa Dirección Atención Primaria, la Subdirectora de Gestión Asistencial,  el Subdirector de Recursos Físicos y Financieros y el Jefe del Departamento de Finanzas, quienes respaldan la adquisición de los medicamentos y Dispositivos Médicos para la RED DAP.  3.	Que, en cumplimiento de la normativa vigente en compras públicas, se revisó el Catálogo Electrónico de Convenio Marco y se constató que los producto(s) y/o servicio(s)  requeridos no se encuentran disponibles en dicho catálogo.  4.	Que, según lo establecido en el reglamento, los organismos de la administración del Estado deberán adjudicar los contratos celebrados para la adquisición de producto(s) o contratación de servicio(s)  mediante licitación pública, cuando no sea procedente el mecanismo de Convenio Marco, o bien, de forma excepcional, mediante licitación privada, trato directo u otro procedimiento especial de contratación    5.	Que, en cumplimiento a lo dispuesto la ley N°19.886  y su reglamento aprobado por Decreto 661 del 2024 del Ministerio de Hacienda,se confeccionan las Bases que se aprueban en este acto, que observan los principios de libre concurrencia de los oferentes al llamado administrativo y de igualdad que rigen los procedimientos concursales, y cumplen con los requerimientos técnicos y jurídicos para verificar la realización de la presente licitación pública.  6.	Que, conforme a la naturaleza y monto de la contratación, esta licitación se encuentra exenta del trámite de toma de razón, de acuerdo con lo establecido en la resolución N°36 de 2024, ambas de la Contraloría General de la República   7.	Que,en consecuencia ,y concurriendo los fundamentos requeridos por normativa legal y reglamentaria vigente  ;CLP;NO PUBLICADO;ESTIMADO;Entre 100 y 1000 UTM;SERVICIO DE SALUD ACONCAGUA
1003473-85-LE25;ADQUISICIÓN DE INSUMOS PARA CR PSIQUIATRIA Y SALUD MENTAL ADULTO PARA EL HOSPITAL SAN JUAN DE DIOS DE CURICÓ;LE;Publicada y disponible para ofertar;25/04/2025 11:20:36;Las presentes bases de Licitación Pública tienen la finalidad de celebrar un ADQUISICIÓN DE INSUMOS PARA CR PSIQUIATRIA Y SALUD MENTAL ADULTO PARA EL HOSPITAL SAN JUAN DE DIOS DE CURICÓ para satisfacer de manera adecuada y eficiente la labor asistencial del Servicio Clínico CR PSIQUIATRIA Y SALUD MENTAL ADULTO del Hospital San Juan de Dios de Curicó.;CLP;NO PUBLICADO;ESTIMADO;Entre 100 y 1000 UTM;SERVICIO DE SALUD DEL MAULE HOSPITAL DE CURICO
956-48-LE25;Adquisición de Equipos y Equipamiento de Medicina Física y Rehabilitación para el nuevo Hospital Claudio Vicuña de San Antonio;LE;Publicada y disponible para ofertar;30/04/2025 08:04:00;La necesidad de realizar un proceso de licitación para la Adquisición de Equipos y Equipamiento de Medicina Física y Rehabilitación para el nuevo Hospital Claudio Vicuña de San Antonio, requeridos por el Subdepartamento de Ingeniería de la Dirección del Servicio de Salud Valparaíso – San Antonio.;CLP;NO PUBLICADO;DISPONIBLE;Entre 100 y 1000 UTM;SERVICIO DE SALUD VALPARAISO SAN ANTONIO
1950-42-LQ25;LIC 19-25 ACCIONES DE SALUD DE HORAS PROFESIONAL;LQ;Publicada y disponible para ofertar;16/04/2025 14:34:11;LIC 19-25 ACCIONES DE SALUD DE HORAS PERSONAL PROFESIONAL CLÍNICO PARA CUBRIR DIFERENTES SERVICIOS CLÍNICOS CONFORME AL DFL 3680  PARA HOSPITAL PITRUFQUÉN Y NODO;CLP;PUBLICADO;DISPONIBLE;341.000.000;SERVICIO SALUD ARAUCANIA SUR HOSPITAL PITRUFQUEN
2667-19-LE25;SERVICIO DE PRESTACIONES DE KINESIOLOGÍA YO REHABILITACIÓN PARA VECINOS DE LA COMUNA DE VITACURA CON VULNERABILIDAD MANIFIESTA;LE;Publicada y disponible para ofertar;14/04/2025 10:30:28;La presente licitación tiene por objeto contratar a una persona natural o jurídica, para entregar  prestaciones de Kinesiología y/o Rehabilitación con un copago fijo para el usuario, por un período de 12 meses, asegurando el acceso a salud, para los vecinos de la comuna de Vitacura que tengan un sistema de salud público o privado (FONASA B, C o D o ISAPRE), y que cuenten con una calificación socio económica en el Registro Social de Hogares (RSH), pertenecientes hasta el 90% de menores ingresos, que se encuentren en estado de necesidad manifiesta y/o vecinos que tengan 60 años de edad o más que se encuentren en estado de necesidad manifiesta. Y adicionalmente cuenten con tarjeta Mi Vita vigente. Finalmente, también serán considerados aquellas personas que cuenten con registro Nacional de Discapacidad (RND) que se encuentren en estado de necesidad manifiesta. En razón de lo anterior, el prestador de salud (Oferente) se debe encontrar en convenio con las previsiones de salud antes mencionadas (FONASA e ISAPRE), de acuerdo a lo señalado en las Bases Técnicas. Las prestaciones objeto de la presente licitación, se dirigen a vecinos de la comuna de Vitacura que se encuentren en alguna de las condiciones señaladas en el párrafo anterior.;CLP;NO PUBLICADO;DISPONIBLE;Entre 100 y 1000 UTM;I MUNICIPALIDAD DE VITACURA
1057509-112-LE25;CONVENIO COMPRA SERVICIOS PROFESIONALES MÉDICOS PARA TURNOS DE URGENCIA CON EXPERIENCIA EN PEDIATRÍA;LE;Publicada y disponible para ofertar;07/04/2025 17:09:00;la Ley N°18.575 denominada “Orgánica Constitucional de Bases Generales de la Administración del Estado”  la Ley N° 19.886 sobre “Bases de Contratos Administrativos de Suministro y Prestación de Servicios” su reglamento y sus modificaciones, D.S. 661/2024 del Ministerio de Hacienda   la Resolución N°36/2024 de Contraloría General de la República que fija Normas sobre Exención del Trámite de Toma de Razón  Art. 36 del D.F.L. 1/2005, que fija el texto refundido, coordinado y sistematizado del D.L. Nº 2763 de 1979, que crea, entre otros, los Servicios de Salud  Art. 46 del D.S. 140/2004, Reglamento Orgánico de los Servicios de Salud  D.S. N° 38/2005, Reglamento Orgánico de los Establecimientos de Salud de Menor Complejidad y Establecimientos de Autogestión en Red, ambos del Ministerio de Salud  la Resolución Exenta Nº 1169 del 31 de diciembre del 2007, que otorga la calidad de Establecimiento de Autogestión en Red  la Resolución Exenta N°1169 del 31 de diciembre del 2007, que otorga la calidad de Establecimiento de Autogestión en Red  La Resolución Exenta RA N° 434/403/2023 de la Dirección de Servicio de Salud Ñuble de fecha 06 de Junio 2023 que nombra en cargo de Alta Dirección Pública al Director del Hospital Clínico Herminda Martín  Las Bases Administrativas y Técnicas de Licitación Pública ID: 1057509-112-LE25 por “CONVENIO COMPRA SERVICIOS PROFESIONALES MÉDICOS PARA TURNOS DE URGENCIA CON EXPERIENCIA EN PEDIATRÍA” y;CLP;NO PUBLICADO;ESTIMADO;Entre 100 y 1000 UTM;HOSPITAL CLINICO HERMINDA MARTIN
2200-18-LE25;CURSOS DEL PAC GLOBLA DE LA LEY N°19.664 Y N°18.834 - U. CAP;LE;Publicada y disponible para ofertar;21/04/2025 16:44:00;1.	El Servicio de Salud Aconcagua requiere la adquisición de Curso Ley Interrupción Voluntaria del embarazo, Curso de Odontología Digital, Curso Prevención de Autolesión y Suicidio en la Red General de Salud, Curso Tomografía Pediatrica, Curso Actualización de Herramientas Digitales para Comunicadores de la Red, Curso Acompañamiento Integral al proceso de Jubilación, Curso Taller de Autocuidado para Equipos de Salud Mental, Curso en Urgencias Psiquiatricas en Población infanto Adolescente, Curso Manejo de Paciente Neurocritico, Curso Nerodiversidades y Estrategias para el trabajo Pedagógicos con lactantes, Niños TEA, Curso Vulneración de Derechos Niños, Niñas y Adolescetes, Curso Liderazgo y Bienestar Laboral.  2.	La Solicitud de Compra con numero de Oficina Partes N°109 (Interno N°140), las Referentes Técnicos de la Unidad Capacitación, la solicitud fue debidamente aprobada y autorizada por la Jefa de la Unidad Capacitación, quien respalda la adquisición de los cursos solicitados.  3.	La Resolución Exenta N°312 de fecha 18.02.25 que Aprueba Programa Anual de Capacitación Ley 19.664 y la Reesolución Exenta N°313 de fecha 18.02.2025 que Aprueba Programas Anuales de Capacitación Año Ley 18.834.  4.	Que, en cumplimiento de la normativa vigente en compras públicas, se revisó el Catálogo Electrónico de Convenio Marco y se constató que los producto(s) y/o servicio(s)  requeridos no se encuentran disponibles en dicho catálogo.  5.	Que, según lo establecido en el reglamento, los organismos de la administración del Estado deberán adjudicar los contratos celebrados para la adquisición de producto(s) o contratación de servicio(s)  mediante licitación pública, cuando no sea procedente el mecanismo de Convenio Marco, o bien, de forma excepcional, mediante licitación privada, trato directo u otro procedimiento especial de contratación    6.	Que, en cumplimiento a lo dispuesto la ley N°19.886  y su reglamento aprobado por Decreto 661 del 2024 del Ministerio de Hacienda,se confeccionan las Bases que se aprueban en este acto, que observan los principios de libre concurrencia de los oferentes al llamado administrativo y de igualdad que rigen los procedimientos concursales, y cumplen con los requerimientos técnicos y jurídicos para verificar la realización de la presente licitación pública.  7.	Que, conforme a la naturaleza y monto de la contratación, esta licitación se encuentra exenta del trámite de toma de razón, de acuerdo con lo establecido en la resolución N°36 de 2024 de la Contraloría General de la República   8.	Que,en consecuencia ,y concurriendo los fundamentos requeridos por normativa legal y reglamentaria vigente  ;CLP;NO PUBLICADO;DISPONIBLE;Entre 100 y 1000 UTM;SERVICIO DE SALUD ACONCAGUA
5188-2-LR25;CONVENIO DE SUMINISTRO DE ENERGIA ELECTRICA;LR;Publicada y disponible para ofertar;10/04/2025 11:35:28;Las presentes Bases constituyen el instrumento guía destinado a celebrar un CONVENIO DE SUMINISTRO DE ENERGÍA ELÉCTRICA PARA EL HOSPITAL DR. FÉLIX BULNES CERDA, en adelante Hospital, éstas, establecen los fines, condiciones y requisitos que deberán ser cumplidos por los oferentes, en todas y cada una de las partes que conformen su oferta, además de regular el todo el proceso licitatorio hasta la suscripción del correspondiente contrato.;CLP;PUBLICADO;ESTIMADO;22.834.000.000;SERVICIO SALUD OCCIDENTE HOSPITAL DR FELIX BULNES CERDA
1003473-49-LE25;CONTRATO DE SUMINISTRO DE LIMPIADOR DE HERIDAS Y OTROS PARA EL HOSPITAL DE CURICÓ;LE;Publicada y disponible para ofertar;21/04/2025 16:44:02;El Hospital San Juan de Dios de Curicó, requiere suscribir un contrato de suministro de insumos varios para curación avanzada, a objeto de satisfacer adecuadamente la demanda de estos.;CLP;PUBLICADO;ESTIMADO;58.000.000;SERVICIO DE SALUD DEL MAULE HOSPITAL DE CURICO
2067-24-LE25;REMODELACIÓN AREA SEDILE DEL HOSPITAL DE CUNCO;LE;Publicada y disponible para ofertar;22/04/2025 16:34:00;La Dirección del ESTABLECIMIENTO HOSPITAL DR. EDUARDO GONZALEZ GALENO DE CUNCO requiere la contratación de “SERVICIO DE REMODELACIÓN AREA SEDILE DEL HOSPITAL DE CUNCO”.  Para este efecto, se convoca a la presente licitación y se invita a los oferentes del área, que estén en condiciones de satisfacer la demanda que luego se indica, a presentar ofertas.;CLP;NO PUBLICADO;DISPONIBLE;Entre 100 y 1000 UTM;SERVICIO SALUD ARAUCANIA SUR HOSPIT DR EDUARDO GONZALEZ GALENO CUNCO
1175-66-LE25;Lic. 51.25 Servicio guardias de seguridad;LE;Publicada y disponible para ofertar;22/04/2025 09:31:18;Se requiere contratar “SERVICIO DE GUARDIAS DE SEGURIDAD PARA INMUEBLE EX LICEO B-20” por periodo de 6 meses. Fecha de inicio del contrato: A las 00:00 horas del día 08.07.2025 o el día hábil siguiente después de publicada la Resolución Exenta que apruebe el contrato en mercado público si esta última fuera posterior, pudiendo ser renovado, hasta por 6 meses más, por razones fundadas de acuerdo a lo establecido en punto 3.1.2 de las bases.  Se requiere dos 2 turnos de guardias de seguridad, las 24 horas al día, por los 7 días de la semana, entiéndase incluidos los feriados y festivos, de forma ininterrumpida.;CLP;PUBLICADO;ESTIMADO;54.000.000;SERVICIO DE SALUD ARAUCANIA SUR
1057489-160-LE25;Convenio de Suministro de Introductor Hemostático 85FR por 36 meses para Hospital del Salvador ;LE;Publicada y disponible para ofertar;22/04/2025 09:21:47;Que, el Hospital del Salvador necesita contar con un Convenio de Suministro de Introductor Hemostático 8,5FR por 36 meses para Hospital del Salvador con la finalidad de satisfacer de manera adecuada y eficiente la labor asistencial    Que, por la cuantía determinada, la presente licitación se ubica en el tramo para aquellas contrataciones iguales o superiores a 100 UTM e inferiores a 1.000 UTM, en conformidad al Artículo 36º del Reglamento de la Ley Nº19.886   Que, hechas las consultas respectivas, la provisión de Convenio de Suministro de Introductor Hemostático 8,5FR por 36 meses para Hospital del Salvador no se encuentra disponible por Convenio Marco ofrecidos en el Sistema de Información de la Dirección de Compras, www.mercadopublico.cl   Que, esta compra está vinculada al proyecto 1057489-127-PC25// PABELLON VARIOS, correspondiente al plan anual de compras del año 2025   ;CLP;PUBLICADO;ESTIMADO;60.000.000;SERVICIO DE SALUD ORIENTE HOSPITAL DEL SALVADOR
1057931-9-LE25;Ad. equipos monitoreo CMA HH;LE;Publicada y disponible para ofertar;23/04/2025 12:56:03;Adquirir un Carro de paro completo, un DEA, un Electrocardiógrafo, cinco Monitores ECG Baja Complejidad y cuatro Monitores PANI con oximetría para el CMA Hospital las Higueras;CLP;PUBLICADO;DISPONIBLE;57.000.000;DIRECCION SERVICIO DE SALUD TALCAHUANO
3509-17-LE25;MANTENIMIENTO TECHUMBRES CESFAM Y POSTAS RURALES;LE;Publicada y disponible para ofertar;23/04/2025 11:09:57;Contratación del servicio de Mantenimiento preventivo y correctivo de techumbre de CESFAM URBANO y CESFAM VILLA SAN RAFAEL, además de las Postas Rurales de la comuna, servicio para mantener en buen estado las cubiertas de los centros de salud en época de invierno.;CLP;NO PUBLICADO;DISPONIBLE;Entre 100 y 1000 UTM;I MUNICIPALIDAD DE ILLAPEL
1549-34-LR25;ADQ EMPAGLIFOZINA 10MG PARA EL HOSPITAL SAN JOSE;LR;Publicada y disponible para ofertar;07/04/2025 08:08:40;de acuerdo con lo establecido en la Resolución N°410 del 31 de enero de 2025 que aprueba el Plan Anual de Compras y Contrataciones año 2025 para el Complejo Hospitalario San José, se requiere la adquisición de EMPAGLIFOZINA 10MG. Lo anterior, según consta en el certificado de fecha 18 de marzo de 2025, de la Unidad de Abastecimiento.;CLP;NO PUBLICADO;DISPONIBLE;Igual o superior a 5.000 UTM;SERVICIO DE SALUD METROPOLITANA NORTE HOSPITAL SAN JOSE
1057432-28-LE25;2do. Llamado adquisición equipamiento para Programa AATT PCD;LE;Publicada y disponible para ofertar;24/04/2025 15:38:31;2do. Llamado adquisición equipamiento para Programa AATT PCD;CLP;NO PUBLICADO;DISPONIBLE;Entre 100 y 1000 UTM;SERVICIO DE SALUD CONCEPCION
619133-103-LE25;CONVENIO SUMINISTRO PASAJES SAN FELIPE Y SANTIAGO IDA Y REGRESO PARA HOSPITAL SAN CAMILO;LE;Publicada y disponible para ofertar;23/04/2025 18:11:21;Las presentes Bases Administrativas rigen el llamado a licitación pública “CONVENIO SUMINISTRO PASAJES SAN FELIPE/SANTIAGO IDA Y REGRESO PARA HOSPITAL SAN CAMILO”,  en Hospital San Camilo ubicado en Av. Miraflores 2085 San Felipe, Quinta región, aplicando los procedimientos establecidos en la Ley de Compras N° 19.886 de la Administración Pública, ID 619133-103-LE25.;CLP;NO PUBLICADO;ESTIMADO;Entre 100 y 1000 UTM;SERVICIO SALUD SAN FELIPE LOS ANDES HOSP
1002772-31-LR25;KIT DE URETEROSCOPIA FLEXIBLE Y LASER EN COMODATO;LR;Publicada y disponible para ofertar;04/04/2025 15:02:34;Las presentes Bases constituyen el instrumento guía destinado a celebrar un CONVENIO DE SUMINISTRO DE KIT DE URETEROSCOPIA FLEXIBLE CON LASER EN COMODATO PARA EL HOSPITAL DR. FÉLIX BULNES CERDA, en adelante Hospital, éstas, establecen los fines, condiciones y requisitos que deberán ser cumplidos por los oferentes, en todas y cada una de las partes que conformen su oferta, además de regular el todo el proceso licitatorio hasta la suscripción del correspondiente contrato.;CLP;NO PUBLICADO;ESTIMADO;Igual o superior a 5.000 UTM;SERVICIO SALUD OCCIDENTE HOSPITAL DR FELIX BULNES CERDA
1057498-22-LP25;INSUMOS BACTERIOLOGICOS PARA SIEMBRA EN PLACA;LP;Publicada y disponible para ofertar;16/04/2025 18:45:26;ADQUIRIR INSUMOS PARA EL CULTIVO E IDENTIFICACIÓNDE AGENTES MICROBIANOS, UTILIZADOS EN EL LABORATORIO DEL HOSPITAL EL PINO;CLP;NO PUBLICADO;ESTIMADO;Igual o superior a 1.000 UTM e inferior a 2.000 UTM;SERVICIO DE SALUD SUR HOSPITAL SANATORIO EL PINO
1057055-52-LQ25;GSP SUMINISTRO DE MEDICAMENTOS MICOFENOLATO MOFETIL 250 MG Y 500 MG;LQ;Publicada y disponible para ofertar;28/04/2025 09:11:00;El objetivo de la Propuesta es el SUMINISTRO DE MEDICAMENTOS MICOFENOLATO MOFETIL 250 MG Y 500 MG para el Hospital Clínico San Borja Arriarán, solicitados en las especificaciones técnicas, en concordancia con las Bases Administrativas, Técnicas, Formularios, aclaraciones y otros documentos que pudieran formularse en el transcurso de la licitación.  Se entenderá que todo proveedor conoce y acepta irrevocablemente el contenido de estas Bases, por el solo hecho de presentar ofertas en este proceso de licitación. ;CLP;PUBLICADO;ESTIMADO;170.000.000;SERV SALUD METROPOLITANO CENTRAL HOSPITAL CLINICO SAN BORJA ARRIARAN
355-13-LQ25;REACTIVOS COMPATIBLES EQUIPO MINIVIDAS® 30 MESES;LQ;Publicada y disponible para ofertar;28/04/2025 11:26:12;El Hospital Hanga Roa (en adelante HOSPITAL), requiere contratar el Convenio de Suministro de Reactivos de Arbovirus, Hormonas y Otros compatibles con Equipo MINIVIDAS® para la Unidad de Laboratorio Clínico, por un periodo de 30 meses, de modo de satisfacer oportunamente los requerimientos definidos por el Hospital, y contar con productos de alta calidad, de acuerdo con las características técnicas solicitadas, con la mejor relación precio/calidad y puestos en bodegas del Hospital sin costo de flete en Isla de Pascua.;CLP;NO PUBLICADO;ESTIMADO;Igual o superior a 2.000 UTM e inferior a 5.000 UTM ;DIRECCION SERVICIO SALUD METROPOLITANO O
2026-65-LR25;Infraestructura Tecnologica HCI HPMM;LR;Publicada y disponible para ofertar;24/04/2025 16:24:00;El objetivo de la presente licitación es: •	Adquirir e instalar los componentes requeridos hardware y software para habilitar una Infraestructura de servicios de cómputo de tecnologia Hiperconvergente para el Data Center del nuevo Hospital Provincial Marga Marga. •	Adquirir e Instalar una plataforma de virtualización de servidores en la Infraestructura Hiperconvergente. •	Realizar la virtualización de los sistemas de información locales, actualmente en uso en el Hospital de Quilpué y desplegarlos en la Infraestructura Hiperconvergente. •	Adquirir, instalar e implementar un Sistema de Respaldo de Datos Centralizado. •	Adquirir, instalar e implementar arquitectura y servicios de Active Directory.;CLP;NO PUBLICADO;DISPONIBLE;Igual o superior a 5.000 UTM;SERVICIO SALUD VINA DEL MAR QUILLOTA
5349-29-LE25;SERVICIOS MÉDICOS GENERALES PARA LA REALIZACIÓN DE TURNOS EN ATENCION MEDICO-QUIRURGICO EN LA UNIDAD DE EMERGENCIA Y HOSPITALIZACIÓN;LE;Publicada y disponible para ofertar;29/04/2025 14:52:30;Los Servicios por contratar en la presente licitación, considera 1.690 horas de servicios médicos generales para la realización de turnos en atención médico-quirúrgico en la unidad de emergencia y hospitalización. Para efectuar este servicio el oferente adjudicado deberá contar con personal suficiente acreditado para el correcto cumplimiento a los servicios requeridos, en forma diaria, continua y permanente garantizando el desarrollo oportuno y de calidad. Las características particulares de los servicios a adquirir se describen en las bases técnicas que se acompañan a las presentes bases administrativas.;CLP;NO PUBLICADO;DISPONIBLE;Entre 100 y 1000 UTM;HOSPITAL PROVINCIAL   DEL HUASCO MSR FERNANDO ARIZTIA RUIZ
937232-35-LE25;ADQUISICIÓN DE PAQUETE QUIRÚRGICO PARA CIRUGÍAS;LE;Publicada y disponible para ofertar;23/04/2025 16:21:00;EL CRS Hospital Provincia Cordillera requiere abastecer de forma oportuna la unidad de Pabellón Ambulatorio. Esta adquisición presenta los siguientes objetivos: ●Contar con productos indicados para procedimientos de los módulos de atención de pacientes ambulatorios. ●Asegurar la entrega oportuna insumos para los diferentes tratamientos de las Unidades del CRS Hospital Provincia Cordillera. ●Contar con productos solicitados por las diferentes unidades, para reducir la lista de espera de la red Sur Oriente.;CLP;NO PUBLICADO;ESTIMADO;Entre 100 y 1000 UTM;CENTRO DE REFERENCIA DE SALUD HOSPITAL PROVINCIA CORDILLERA
1002772-54-LP25;INSUMOS PARA CIRUGIA UROLOGICA RECONSTRUCTIVA;LP;Publicada y disponible para ofertar;29/04/2025 16:36:51;Las presentes Bases constituyen el instrumento guía destinado a celebrar un CONVENIO DE SUMINISTRO DE INSUMOS PARA CIRUGIA UROLOGICA RECONSTRUCTIVA DEL HOSPITAL DR. FÉLIX BULNES CERDA, en adelante Hospital, éstas, establecen los fines, condiciones y requisitos que deberán ser cumplidos por los oferentes, en todas y cada una de las partes que conformen su oferta, además de regular el todo el proceso licitatorio hasta la suscripción del correspondiente contrato. ;CLP;NO PUBLICADO;ESTIMADO;Igual o superior a 1.000 UTM e inferior a 2.000 UTM;SERVICIO SALUD OCCIDENTE HOSPITAL DR FELIX BULNES CERDA
5083-21-LE25;CONTRATO DE SUMINISTRO DE TORNILLOS 2.0 Y CANULADOS 3.5 CON CABEZA;LE;Publicada y disponible para ofertar;22/04/2025 11:01:00;El Hospital San Juan de Dios de Curicó, requiere suscribir un contrato de suministro de tornillos 2.0 y canulados 3.5 con cabeza para el Servicio de traumatología, a objeto de satisfacer adecuadamente la demanda de estos. ;CLP;NO PUBLICADO;ESTIMADO;Entre 100 y 1000 UTM;SERVICIO DE SALUD DEL MAULE HOSPITAL DE CURICO
1057547-206-LE25;ADQUISICION REPUESTOS CAMAS MARCA JOSON -CARE;LE;Publicada y disponible para ofertar;29/04/2025 12:23:58;ADQUISICION DE REPUESTOS PARA CAMAS MARCA JOSON -CARE DEL HOSPITAL BASE VALDIVIA;CLP;PUBLICADO;ESTIMADO;37.000.000;SERVICIO DE SALUD VALDIVIA HOSPITAL BASE
1242125-3-LE25;CONVENIO DE ARRIENDO DE ENVASADORA DOSIS UNITARIA;LE;Publicada y disponible para ofertar;29/04/2025 13:23:49;Conforme a la Ley de Compras Públicas N° 19.886, su Reglamento y modificaciones, el Hospital Provincial de Ovalle llama a licitación pública a empresas o proveedores del rubro, personas naturales o jurídicas, chilenas o extranjeras, así como a Uniones Temporales de Proveedores, para celebrar un CONVENIO DE ARRIENDO DE ENVASADORA DOSIS UNITARIA, para el Hospital Provincial de Ovalle, por un periodo de 36 (treinta y seis) meses, o hasta agotar el presupuesto referencial, para un oportuno y adecuado suministro de estos productos y así garantizar el correcto funcionamiento del establecimiento.   Este proceso se realizará a través del Sistema de Información de la Dirección de Compras y Contratación Pública www.mercadopublico.cl, según lo establecido en la Ley N° 19.886 y su Reglamento.  Las bases administrativas y sus especificaciones técnicas establecen las condiciones que regirán la presente licitación y el posterior contrato que se celebre para dar cumplimiento a este objetivo. ;CLP;NO PUBLICADO;DISPONIBLE;Entre 100 y 1000 UTM;SERVICIO DE SALUD COQUIMBO HOSPITAL DE O
1288-12-LR25;MEDICAMENTOS MINISTERIALES. PROGRAMA CARDIOVASCULAR 2025-2026;LR;Publicada y disponible para ofertar;24/04/2025 10:57:09;ADQUISICIÓN DE CONVENIO DE SUMINISTRO DE MEDICAMENTOS MINISTERIALES. PROGRAMA CARDIOVASCULAR 2025-2026;CLP;NO PUBLICADO;DISPONIBLE;Igual o superior a 5.000 UTM;SERVICIO SALUD METROPOLITANO OCCIDENTE
1003473-62-LR25;CONTRATO SUMINISTRO DE INSUMOS PARA ESTUDIOS ELECTROFISIOLÓGICOS Y ABLACIÓN POR RADIOFRECUENCIA CONVENCIONAL PARA EL HOSPITAL SAN JUAN DE DIOS DE CURICÓ;LR;Publicada y disponible para ofertar;28/04/2025 16:52:38;El Hospital San Juan de Dios de Curicó requiere suscribir un “CONTRATO SUMINISTRO DE INSUMOS PARA ESTUDIOS ELECTROFISIOLÓGICOS Y ABLACIÓN POR RADIOFRECUENCIA CONVENCIONAL”, por un periodo de 12 meses o hasta agotar el presupuesto adjudicado, con todo si al término de los 12 meses aún queda presupuesto, se entenderá que el contrato se encuentra vigente hasta su completo consumo  con el objeto de satisfacer la demanda de estos insumos en el Laboratorio de Hemodinamia de la Unidad de Cardiología.;CLP;PUBLICADO;ESTIMADO;500.000.000;SERVICIO DE SALUD DEL MAULE HOSPITAL DE CURICO
2189-12-LP25;REPOSICIÓN Y ADQ. EQUIPOS PLAN DEL CANCER SSM;LP;Publicada y disponible para ofertar;11/04/2025 15:50:48;Esta licitación tiene por objeto la adquisición y reposición de equipos del Hospital de Talca y Curicó bajo el proyecto de Plan del Cáncer;CLP;NO PUBLICADO;ESTIMADO;Igual o superior a 1.000 UTM e inferior a 2.000 UTM;SERVICIO DE SALUD DEL MAULE
1057421-8-LQ25;C.S. Insumos Área Hematología y Otras HFC Laja;LQ;Publicada y disponible para ofertar;17/04/2025 17:19:00;Suministrar de Insumos y Reactivos al Laboratorio Clínico del Hospital de Laja;CLP;NO PUBLICADO;ESTIMADO;Igual o superior a 2.000 UTM e inferior a 5.000 UTM ;SERVICIO DE SALUD BIO BIO HOSPITAL DE LAJA
3470-7-LE25;ADQ. DE CONT. DE SUMINISTRO MAMOGRAFIAS Y OTROS;LE;Publicada y disponible para ofertar;30/04/2025 12:53:17;ADQUISICIÓN DE CONTRATO DE SUMINISTRO PARA SERVICIOS DE TOMAS DE ECOTOMOGRAFÍAS ABDOMINALES, MAMOGRAFÍAS, ECOTOMOGRAFÍAS MAMARIAS, RADIOGRAFÍAS DE PELVIS, RADIOGRAFIAS DE TORAX ENTRE OTROS, POR EL PROGRAMA IMÁGENES DIAGNÓSTICAS EN APS AÑO 2025;CLP;PUBLICADO;DISPONIBLE;9.114.241;I MUNICIPALIDAD DE CHANCO
1180885-7-LQ25;REPR. Y ADQ. PLAN NACIONAL DEL CANCER II - CLINICO;LQ;Publicada y disponible para ofertar;30/04/2025 18:17:10;IMPLEMENTACION DEL PROYECTO: RESPOSICION Y ADQUISICION PLAN NACIONAL DEL CANCER II, CLASE APOYO CLINICO;CLP;PUBLICADO;DISPONIBLE;194.422.000;SERVICIO DE SALUD ATACAMA
4127-27-LE25;[REDES]  JORNADA NACIONAL REDISEÑO DE PROGRAMAS MINSAL COMUNA DE SANTIAGO 28 29 Y 30 DE MAYO DE 2025;LE;Publicada y disponible para ofertar;30/04/2025 16:20:17;Contratar los servicios de producción, logística, alojamiento y alimentación necesarios para la realización de la Jornada Nacional de Rediseño de Programas, organizada por el Ministerio de Salud (MINSAL). El evento se desarrollará en Santiago los días 28, 29 y 30 de mayo de 2025, con la participación de 80 asistentes.;CLP;PUBLICADO;DISPONIBLE;18.000.000;SUBSECRETARIA DE SALUD PUBLICA
813-78-LE25;PP 86 Servicio de Reciclaje residuos E102RT9;LE;Publicada y disponible para ofertar;30/04/2025 16:56:38;PP 86 Servicios de reciclaje residuos inorgánicos Contratar un servicio integral de gestión de residuos reciclables, que contemple la recolección diaria, segregación en origen, traslado y la disposición final de estos residuos, que se originan al interior del ISP, asegurando el cumplimiento de la normativa legal vigente y la mantención del área asignada en condiciones óptimas limpieza e higiene;CLP;NO PUBLICADO;DISPONIBLE;Entre 100 y 1000 UTM;INSTITUTO DE SALUD PUBLICA DE CHILE
188-21-LR25;SUMINISTRO DE PRODUCTOS Y ARTÍCULOS DE OFICINA;LR;Publicada y disponible para ofertar;04/04/2025 12:03:58;El presente suministro está orientado a abastecer de manera permanente y oportuna los artículos y productos inherentes necesarios y, objeto de la presente licitación, a los 26 veintiséis Establecimientos Educacionales, incluido el Liceo Bellavista Anexo, permitiendo de esta manera el normal funcionamiento administrativo y de enseñanza de estos centros educativos.;CLP;PUBLICADO;DISPONIBLE;355.174.300;CORP MUNICIPAL DE EDUC SALUD CULTURA Y RECREACION DE LA FLORIDA
1057494-18-LQ25;SUMINISTRO DE PANELES MOLECULARES DE REACCIÓN EN C;LQ;Publicada y disponible para ofertar;17/04/2025 12:49:10;SUMINISTRO DE PANELES MOLECULARES DE REACCIÓN EN CADENA DE POLIMERASA RCP EN TIEMPO REAL PARA LABORATORIO DE MICROBIOLOGÍA DEL HOSPITAL DR. EXEQUIEL GONZÁLEZ CORTÉS.;CLP;NO PUBLICADO;ESTIMADO;Igual o superior a 2.000 UTM e inferior a 5.000 UTM ;SERVICIO DE SALUD SUR HOSPITAL EXEQUIEL
1627-29-LQ25;SUMINISTRO DE AUDÍFONOS PARA PERDIDA AUDITIVA PACIENTES GES DEL HOSPITAL DE SAN FERNANDO;LQ;Publicada y disponible para ofertar;16/04/2025 10:45:00;SUMINISTRO DE AUDÍFONOS PARA PERDIDA AUDITIVA PACIENTES GES DEL HOSPITAL DE SAN FERNANDO;CLP;NO PUBLICADO;ESTIMADO;Igual o superior a 2.000 UTM e inferior a 5.000 UTM ;SERVICIO DE SALUD HOSPITAL DE SAN FERNANDO
1175-64-LR25;67.25 ADQ. VIDEOLARINGOSCOPIOS H. VILLARRICA;LR;Publicada y disponible para ofertar;17/04/2025 16:57:00;Se requiere la ADQUISICIÓN DE VIDEOLARINGOSCOPIO DEL HOSPITAL DE VILLARRICA, nuevo y sin uso. Las características técnicas, se detallan en el ANEXO Nº3 de las presentes bases. Debe cumplir con todas las características marcadas como obligatorias para que la oferta sea admisible.;CLP;NO PUBLICADO;ESTIMADO;Igual o superior a 5.000 UTM;SERVICIO DE SALUD ARAUCANIA SUR
1057539-77-LQ25;CONVENIO MTTO PREVENTIVO Y CORRECTIVO SISTEMA DE TRANSPORTE VERTICAL SOLIC 12;LQ;Publicada y disponible para ofertar;17/04/2025 14:57:57;Convenio de Mantenimiento Preventivo y correctivo del Sistema de Transporte Vertical del Hospital de Puerto Montt.;CLP;NO PUBLICADO;DISPONIBLE;Igual o superior a 2.000 UTM e inferior a 5.000 UTM ;HOSPITAL PUERTO MONTT SERVICIO DE SALUD DEL RELONCAVI
1057489-163-LE25;Convenio de Suministro de Agua Bidestilada 1LT por 36 meses en el Hospital del Salvador ;LE;Publicada y disponible para ofertar;23/04/2025 10:41:38;Que, el Hospital del Salvador necesita contar con un Convenio de Suministro de Agua Bidestilada 1LT por 36 meses en el Hospital del Salvador con la finalidad de satisfacer de manera adecuada y eficiente la labor asistencial    Que, por la cuantía determinada, la presente licitación se ubica en el tramo para aquellas contrataciones iguales o superiores a 100 UTM e inferiores a 1.000 UTM, en conformidad al Artículo 36º del Reglamento de la Ley Nº19.886   Que, hechas las consultas respectivas, la provisión de Convenio de Suministro de Agua Bidestilada 1LT por 36 meses en el Hospital del Salvador no se encuentra disponible por Convenio Marco ofrecidos en el Sistema de Información de la Dirección de Compras, www.mercadopublico.cl   Que esta compra está vinculada al proyecto 1057489-107-PC25, correspondiente al plan anual de compras del año 2025. ;CLP;PUBLICADO;ESTIMADO;29.000.000;SERVICIO DE SALUD ORIENTE HOSPITAL DEL SALVADOR
1002772-48-LE25;SUMINISTRO DE LARINGOSCOPIOS DESECHABLES NEONATOLO;LE;Publicada y disponible para ofertar;23/04/2025 16:10:16;Las presentes Bases constituyen el instrumento guía destinado a celebrar un CONVENIO DE SUMINISTRO DE LARINGOSCOPIOS DESECHABLES PARA EL SERVICIO DE NEONATOLOGÍA DEL HOSPITAL DR. FÉLIX BULNES CERDA, en adelante Hospital, éstas, establecen los fines, condiciones y requisitos que deberán ser cumplidos por los oferentes, en todas y cada una de las partes que conformen su oferta, además de regular el todo el proceso licitatorio hasta la suscripción del correspondiente contrato.;CLP;NO PUBLICADO;ESTIMADO;Entre 100 y 1000 UTM;SERVICIO SALUD OCCIDENTE HOSPITAL DR FELIX BULNES CERDA
1242123-4-LE25;CONVENIO DE SUMINISTRO DE SAL INDUSTRIAL PARA EL HOSPITAL PROVINCIAL DE OVALLE;LE;Publicada y disponible para ofertar;25/04/2025 12:48:07;Conforme a la Ley de Compras Públicas N° 19.886, su Reglamento y modificaciones, el Hospital Provincial de Ovalle llama a licitación pública a empresas o proveedores del rubro, personas naturales o jurídicas, chilenas o extranjeras, así como a Uniones Temporales de Proveedores, para celebrar un CONVENIO DE SUMINISTRO DE SAL INDUSTRIAL, para el Hospital Provincial de Ovalle, por un periodo de 24 (veinticuatro) meses, o hasta agotar el presupuesto referencial, para un oportuno y adecuado suministro de estos productos y así garantizar el correcto funcionamiento del establecimiento.;CLP;NO PUBLICADO;ESTIMADO;Entre 100 y 1000 UTM;SERVICIO DE SALUD COQUIMBO HOSPITAL DE O
1057489-157-LE25;Servicio de Internet mediante Fibra Óptica por 36 meses para Hospital del Salvador;LE;Publicada y disponible para ofertar;21/04/2025 16:09:51;Que, el Hospital del Salvador no cuenta con la posibilidad de realizar Servicio de Internet mediante Fibra Óptica por 36 meses para Hospital del Salvador, siendo necesarios para dar cumplimiento por lo que se requiere contratación de Instituciones acreditadas, con el fin de resolver de manera adecuada y eficiente la labor asistencial durante el año 2025   Que, por la cuantía determinada, la presente licitación se ubica en el tramo para contrataciones iguales o superiores a 100 UTM e inferiores a 1.000 UTM, en conformidad al Artículo 36º del Reglamento de la Ley Nº19.886   Que, hechas las consultas respectivas, la provisión de las prestaciones Servicio de Internet mediante Fibra Óptica por 36 meses para Hospital del Salvador no se encuentra disponible por Convenios Marcos ofrecidos en el Sistema de Información de la Dirección de Compras, www.mercadopublico.cl   ;CLP;PUBLICADO;ESTIMADO;55.946.556;SERVICIO DE SALUD ORIENTE HOSPITAL DEL SALVADOR
1057049-93-LQ25;PTF KIT DE INSUMOS PARA PROCEDIMIENTOS DE NEFROLITOMIA PERCUTANEA DE LA UNIDAD DE UROLOGIA;LQ;Publicada y disponible para ofertar;16/04/2025 17:32:00;El objetivo de la licitación será la adquisición KIT DE INSUMOS PARA PROCEDIMIENTOS DE NEFROLITOMIA PERCUTANEA DE LA UNIDAD DE UROLOGIA, individualizados en las bases técnicas y anexos respectivos, los que se entiende forman parte integrante de las presentes bases administrativas.;CLP;NO PUBLICADO;ESTIMADO;Igual o superior a 2.000 UTM e inferior a 5.000 UTM ;SERV SALUD METROPOLITANO CENTRAL HOSPITAL CLINICO SAN BORJA ARRIARAN
2337-30-LP25;ADQUISICION TARJETAS VESTUARIO Y CALZADO DECOSAL LINARES;LP;Publicada y disponible para ofertar;28/04/2025 12:42:39;Se requiere la adquisición de 743 Tarjetas de Vestuario y Calzado institucional para los funcionarios del Departamento Comunal de Salud de la comuna de Linares, de modo que ellos puedan comprar directamente las prendas en cualquier comercio adherido al proveedor, que pertenezca al rubro correspondiente.;CLP;PUBLICADO;DISPONIBLE;89.160.000;I MUNICIPALIDAD DE LINARES
4177-3-LE25;ARRIENDO DE 30 COMPUTADORES DE ESCRITORIO DSM;LE;Publicada y disponible para ofertar;28/04/2025 15:48:20;ARRENDAR EQUIPOS COMPUTACIONALES PARA QUE FUNCIONARIOS DEPENDIENTES DEL DEPARTAMENTO DE SALUD  PUEDAN DESEMPEÑAR SUS FUNCIONES;CLP;NO PUBLICADO;DISPONIBLE;Entre 100 y 1000 UTM;Ilustre Municipalidad de Galvarino
2831-22-LQ25;Serv. de Ap. y Mant. Ctas. Ctes. Municipalidad;LQ;Publicada y disponible para ofertar;09/04/2025 17:47:28;Regular el Llamado a Licitación Pública para contratar el “Servicio de Apertura y Mantención de Cuentas Corrientes de la Municipalidad de Quillota”, incluida la recaudación de Ingresos de la Municipalidad de Quillota, el Departamento de Salud y del Departamento de Educación, y que abarca todos los servicios relacionados con el Giro Bancario que se singularizan en los Términos Técnicos de Ref.;CLP;NO PUBLICADO;NO ES POSIBLE DE ESTIMAR;Igual o superior a 2.000 UTM e inferior a 5.000 UTM ;I MUNICIPALIDAD DE QUILLOTA
1002772-41-LE25;CANULA DE TRAQUEOSTOMIA TIPO SHILEY;LE;Publicada y disponible para ofertar;21/04/2025 16:14:34;Las presentes Bases constituyen el instrumento guía destinado a celebrar un CONVENIO DE SUMINISTRO DE CANULAS DE TRAQUEOSTOMIA TIPO SHILEY PARA LA UNIDAD DE NEONATOLOGIA DEL HOSPITAL DR. FÉLIX BULNES CERDA, en adelante Hospital, éstas, establecen los fines, condiciones y requisitos que deberán ser cumplidos por los oferentes, en todas y cada una de las partes que conformen su oferta, además de regular el todo el proceso licitatorio hasta la suscripción del correspondiente contrato.   ;CLP;NO PUBLICADO;ESTIMADO;Entre 100 y 1000 UTM;SERVICIO SALUD OCCIDENTE HOSPITAL DR FELIX BULNES CERDA
1057489-155-LE25;Convenio de Suministro de Cera de Huesos 25 grs por 36 meses para Hospital del Salvador;LE;Publicada y disponible para ofertar;21/04/2025 15:31:37;Que, el Hospital del Salvador necesita contar con un Convenio de Suministro de Cera de Huesos 2,5 grs por 36 meses para Hospital del Salvador con la finalidad de satisfacer de manera adecuada y eficiente la labor asistencial    Que, por la cuantía determinada, la presente licitación se ubica en el tramo para aquellas contrataciones iguales o superiores a 100 UTM e inferiores a 1.000 UTM, en conformidad al Artículo 36º del Reglamento de la Ley Nº19.886  ;CLP;PUBLICADO;ESTIMADO;33.320.000;SERVICIO DE SALUD ORIENTE HOSPITAL DEL SALVADOR
937232-34-LQ25;ADQUISICIÓN DE CAJAS DE LAPAROSCOPIA GENERAL ;LQ;Publicada y disponible para ofertar;21/04/2025 15:16:27;EL CRS Hospital Provincia Cordillera requiere abastecer de forma oportuna las Cajas de Laparoscopia General a Unidad Clínica que atienden a pacientes Ambulatorios.;CLP;NO PUBLICADO;DISPONIBLE;Igual o superior a 2.000 UTM e inferior a 5.000 UTM ;CENTRO DE REFERENCIA DE SALUD HOSPITAL PROVINCIA CORDILLERA
3200-9-LE25;ADQUISICIÓN DE PRÓTESIS DENTALES;LE;Publicada y disponible para ofertar;22/04/2025 18:54:15;Adquisición de prótesis dentales removibles metálicas yo acrílicas para usuarios inscritos en el Departamento de Salud Municipal Loncoche para ejecutar el convenio “programa estrategias de salud bucal, resolución exenta N°7448 del 27-02-2025, un total estimado de 260 usuarios aproximadamente, de los cuales se proyectan 521 unidades de prótesis removibles en total, de las cuales 466 corresponderían a prótesis metálicas y 55 unidades de prótesis removibles acrílicas. La cantidad de prótesis requeridas metálicas o acrílicas dependerá del avance del programa y lo requerido por los pacientes según indicación del Inspector Técnico del Servicio Odontólogo encargado de unidad Dental del DSM Loncoche. –;CLP;NO PUBLICADO;DISPONIBLE;Entre 100 y 1000 UTM;I MUNICIPALIDAD DE LONCOCHE
525800-4-LE25;SERVICIO DE IMAGENES DIAGNOSTICAS NP 152;LE;Publicada y disponible para ofertar;24/04/2025 16:26:50;EL CESFAM SEGISMUNDO ITURRA TAITO REQUIERE CONTRATAR EL SERVICIO DE IMAGENES DIAGNOSTICAS PARA EL AÑO 2025, DE ACUERDO A LO INDICADO EN BASES TECNICAS Y ADMINISTRATIVAS ADJUNTAS A ESTA LICITACION.;CLP;PUBLICADO;ESTIMADO;25.580.000;I MUNICIPALIDAD DE SAN FELIPE
1057421-9-LE25;CONVENIO SUMINISTRO DE INSUMOS Y ACCESORIOS COMPUTACIONALES PARA EL HOSPITAL DE LAJA;LE;Publicada y disponible para ofertar;25/04/2025 11:06:10;Se requiere realizar convenio de suministro de Insumos y Accesorios Computacionales para el Hospital de la Familia y Comunidad de laja, y así abastecer a las unidades para el trabajo administrativo.;CLP;NO PUBLICADO;ESTIMADO;Entre 100 y 1000 UTM;SERVICIO DE SALUD BIO BIO HOSPITAL DE LAJA
1057489-173-LQ25;SERVICIO DE ARRIENDO DE IMPRESORA Y SUMINISTROS;LQ;Publicada y disponible para ofertar;29/04/2025 10:51:59;Servicio de Arriendo de Impresora y Suministros de insumos para credenciales para el Hospital Salvador;CLP;PUBLICADO;ESTIMADO;106.964.340;SERVICIO DE SALUD ORIENTE HOSPITAL DEL SALVADOR
5349-30-LE25;SERVICIOS MÉDICOS GENERALES EN ANESTESIOLOGÍA PARA LA REALIZACIÓN DE TURNOS EN LA UNIDAD DE EMERGENCIA;LE;Publicada y disponible para ofertar;29/04/2025 15:03:48;Los Servicios por contratar en la presente licitación, considera 1.706 horas de servicios médicos generales en anestesiología para la realización de turnos en la unidad de emergencia. Para efectuar este servicio el oferente adjudicado deberá contar con personal suficiente acreditado para el correcto cumplimiento a los servicios requeridos, en forma diaria, continua y permanente garantizando el desarrollo oportuno y de calidad. Las características particulares de los servicios a adquirir se describen en las bases técnicas que se acompañan a las presentes bases administrativas.;CLP;NO PUBLICADO;DISPONIBLE;Entre 100 y 1000 UTM;HOSPITAL PROVINCIAL   DEL HUASCO MSR FERNANDO ARIZTIA RUIZ
1057547-204-LE25;CONV.MANTEN. PREVEN. Y CORRECT. VENTILADORES MECAN;LE;Publicada y disponible para ofertar;29/04/2025 09:03:10;“CONVENIO DE MANTENIMIENTO PREVENTIVO Y CORRECTIVO PARA DOS VENTILADORES MECANICOS MARCA SLE DEL SERVICIO CLINICO DE NEONATOLOGIA DEL HOSPITAL BASE VALDIVIA”;CLP;PUBLICADO;ESTIMADO;20.000.000;SERVICIO DE SALUD VALDIVIA HOSPITAL BASE
2655-10-LP25;Relatorías Para Servicios Públicos y Empresas Priv;LP;Publicada y disponible para ofertar;07/04/2025 16:31:00;SERVICIO DE RELATORÍAS EN MATERIAS DE SEGURIDAD Y SALUD EN EL TRABAJO, PARA SERVICIOS PÚBLICOS Y EMPRESAS PRIVADAS ADHERIDAS, BAJO EL ENFOQUE DE COMPETENCIAS PARA SER IMPARTIDAS A PERSONAS TRABAJADORAS ADHERIDAS AL INSTITUTO DE SEGURIDAD LABORAL, DIRECCIÓN REGIONAL METROPOLITANA;CLP;NO PUBLICADO;DISPONIBLE;Igual o superior a 1.000 UTM e inferior a 2.000 UTM;INSTITUTO DE SEGURIDAD LABORAL
188-24-LP25;SUMINISTRO DE LENTES OPTICOS UAPO COMUDEF;LP;Publicada y disponible para ofertar;17/04/2025 12:00:48;SUMINISTRO DE LENTES ÓPTICOS PARA UNIDAD DE ATENCIÓN PRIMARIA OFTALMOLÓGICO UAPO DE LA CORPORACIÓN MUNICIPAL DE LA FLORIDA - COMUDEF”, cuyos objetivos son la provisión de lentes ópticos cristales, armazones y accesorios, servicio de reparación de armazones y rectificación de cristales, según solicitud de profesionales, para usuarios diagnosticados con patología visual de vicios de refracción por Unidad de Atención Primaria Oftalmológica UAPO de la comuna de La Florida, que cuenten con receta y formulario desde el Centro de Especialidad comunal.;CLP;NO PUBLICADO;DISPONIBLE;Igual o superior a 1.000 UTM e inferior a 2.000 UTM;CORP MUNICIPAL DE EDUC SALUD CULTURA Y RECREACION DE LA FLORIDA
1947-93-LP25;221-ADQUISICIÓN DE LINEAS ARTERIALES PARA EL HOSPITAL DE NIÑOS DR. ROBERTO DEL RIO CAF;LP;Publicada y disponible para ofertar;30/04/2025 17:11:37;221-ADQUISICIÓN DE LINEAS ARTERIALES PARA EL HOSPITAL DE NIÑOS DR. ROBERTO DEL RIO;CLP;NO PUBLICADO;DISPONIBLE;Igual o superior a 1.000 UTM e inferior a 2.000 UTM;SERVICIO DE SALUD NORTE HOSPITAL ROBERTO DEL RIO
1057384-51-L125;COMPRA DE DIVERSOS PRODUCTOS Y/O INSUMOS.;L1;Publicada y disponible para ofertar;30/04/2025 13:58:40;Requerimiento de la Unidad de Servicios Clínicos.;CLP;NO PUBLICADO;ESTIMADO;Menor a 100 UTM;SERVICIO DE SALUD ANTOFAGASTA HOSPITAL M
705290-20-LE25;SERVICIO DE INFORMES DE DOSIMETRIA PERSONAL;LE;Publicada y disponible para ofertar;30/04/2025 14:47:48;Artículo 6°: Las presentes Bases constituyen el instrumento guía destinado a celebrar un CONVENIO DE PRESTACIÓN DE SERVICIOS DE INFORMES DE DOSIMETRÍA PERSONAL PARA FUNCIONARIOS OPERACIONALES EXPUESTOS A RADIACIONES IONIZANTES CON EQUIPOS EN COMODATO PARA EL HOSPITAL DR. FÉLIX BULNES CERDA, en adelante Hospital, éstas, establecen los fines, condiciones y requisitos que deberán ser cumplidos por los oferentes, en todas y cada una de las partes que conformen su oferta, además de regular el todo el proceso licitatorio hasta la suscripción del correspondiente contrato.;CLP;NO PUBLICADO;ESTIMADO;Entre 100 y 1000 UTM;SERVICIO SALUD OCCIDENTE HOSPITAL DR FELIX BULNES CERDA
2385-25-LE25;SEGUROS COLECTIVO DE ACCIDENTES PERSONALES;LE;Publicada y disponible para ofertar;25/04/2025 09:45:45;De conformidad con lo instruido mediante Memorándum N° 866 y en cumplimiento del artículo 3° de la Ley N° 21.133, que establece la incorporación obligatoria de los trabajadores independientes al sistema de seguridad social, se requiere la contratación de un seguro colectivo que otorgue cobertura previsional a quienes emiten boletas de honorarios, asegurando su acceso a los regímenes de pensiones, salud, seguros de invalidez y sobrevivencia, y demás prestaciones contempladas en la normativa vigente.;UF;PUBLICADO;ESTIMADO;15.000.000,0000;I MUNICIPALIDAD DE CALAMA
2583-104-L125;Se solicitan Estufas de Gas y Cilindros vacíos de 15 kg./Programa Comunitario N°2 Componente 5 procesos APS/SSGG /DISAM/SP 44489/POS.;L1;Publicada y disponible para ofertar;30/04/2025 18:13:10;Se solicitan estufas de gas con sus respectivos cilindros para satisfacer las necesidades de usuarios y pacientes de los centros de salud de la Dirección de Salud perteneciente a la Ilustre Municipalidad de Maipú;CLP;PUBLICADO;ESTIMADO;3.070.000;I MUNICIPALIDAD DE MAIPU
1057550-5-LE25;Arriendo de Equipo de Rayos X Hospital de Corral;LE;Publicada y disponible para ofertar;25/04/2025 08:21:00;El Hospital de Corral requiere realizar el arriendo de equipos de RX para el Hospital de Corral, para mantener operativa y en completo funcionamiento la Unidad de RX del establecimiento, destinado a la atencion de usuarios del Hospital Corral, de acuerdo a las bases tecnicas.;CLP;NO PUBLICADO;ESTIMADO;Entre 100 y 1000 UTM;SERVICIO DE SALUD VALDIVIA HOSPITAL DE C
2258-81-LR25;SERVICIOS ATENCION Y CUIDADO INTEGRAL DE PACIENTES UNIDADES UCMA Y NUTRICIÓN ENTERAL DOMICILIARIA;LR;Publicada y disponible para ofertar;21/04/2025 13:54:23;objetivo primordial es cumplir con el fin asistencial contar con los servicios apropiados para las unidades del Hospital Regional de Antofagasta, en los diferentes satisfaciendo de manera adecuada y eficiente la labor asistencial del establecimiento.;CLP;NO PUBLICADO;DISPONIBLE;Igual o superior a 5.000 UTM;SERVICIO DE SALUD ANTOFAGASTA HOSPITAL L
1549-36-LR25;ADQ MEDICAMENTOS ORALES PARA EL HOSPITAL SAN JOSE;LR;Publicada y disponible para ofertar;07/04/2025 08:09:29;de acuerdo con lo establecido en la Resolución N°410, de 31 de enero de 2025 que aprueba el Plan Anual de Compras y Contrataciones año 2025 para el Complejo Hospitalario San José, se requiere la adquisición de medicamentos orales. Lo anterior, según consta en el certificado de fecha 11 de marzo de 2025, de la Unidad de Abastecimiento.;CLP;NO PUBLICADO;DISPONIBLE;Igual o superior a 5.000 UTM;SERVICIO DE SALUD METROPOLITANA NORTE HOSPITAL SAN JOSE
2145-8-LE25;SERVICIO DE MANTENIMIENTO PREVENTIVO Y CORRECTIVO ;LE;Publicada y disponible para ofertar;22/04/2025 12:28:23;Las presentes Bases Administrativas, Bases Técnicas y anexos se refieren a “Mantenimiento Preventivo de Equipos Médicos del Hospital San Pedro de Los Vilos” para el periodo 2025-2026. El Hospital San Pedro de Los Vilos, en adelante “El Mandante”, llama a postular en la licitación de “Mantenimiento Preventivo de Equipamiento Médico del Hospital San Pedro de Los Vilos” en adelante Oferente, mediante las presentes bases administrativas, técnicas y anexos que constituyen la normativa que regirá la presente y de acuerdo con las especificaciones técnicas que se indican más adelante.;CLP;NO PUBLICADO;DISPONIBLE;Entre 100 y 1000 UTM;SERVICIO DE SALUD COQUIMBO HOSPITAL DE LOS VILOS
2735-63-LQ25;Servicio de Cirugía de Terceros Molares;LQ;Publicada y disponible para ofertar;25/04/2025 15:32:59;El objetivo de la contratación de servicios de cirugía de terceros molares para pacientes beneficiarios de CESFAM a fin de facilitar el acceso a la atención dental e impactar favorablemente en la calidad de vida de los vecinos beneficiarios del CESFAM Lo Barnechea.;CLP;NO PUBLICADO;DISPONIBLE;Igual o superior a 2.000 UTM e inferior a 5.000 UTM ;I MUNICIPALIDAD LO BARNECHEA
1057499-24-LR25;“SERVICIO DE SEGURIDAD Y VIGILANCIA PARA EL HOSPITAL SAN LUIS DE BUIN-PAINE”;LR;Publicada y disponible para ofertar;28/04/2025 14:36:10;El objetivo de la presente licitación es contar con un servicio integral de seguridad, vigilancia y orientación para las dependencias del Hospital San Luis de Buin-Paine y sus Unidades Exteriores. Este servicio tiene como finalidad contribuir al resguardo del patrimonio institucional, así como a la integridad física y psicológica de nuestros colaboradores, pacientes y usuarios.;CLP;NO PUBLICADO;ESTIMADO;Igual o superior a 5.000 UTM;SERVICIO DE SALUD SUR UNIDAD HOSPITALARI
5083-10-LR25;CONTRATO DE SUMINISTRO DE SISTEMA DE FIJACION TRANSPEDICULAR DORSOLUMBAR PARA USO PERCUTANEO;LR;Publicada y disponible para ofertar;26/03/2025 13:32:00;El Hospital San Juan de Dios de Curicó, requiere la realización de un contrato de suministro de sistema de fijación transpedicular dorsolumbar para uso percutaneo, a objeto de satisfacer adecuadamente la demanda de estos.;CLP;NO PUBLICADO;ESTIMADO;Igual o superior a 5.000 UTM;SERVICIO DE SALUD DEL MAULE HOSPITAL DE CURICO
1237328-4-LE25;SERVICIO DE MANTENCIÓN PREVENTIVA Y CORRECTIVA;LE;Publicada y disponible para ofertar;25/04/2025 14:25:30;La Corporación Municipal de Punta Arenas requiere del servicio de mantenimiento preventivo y correctivo para LAVADORA INDUSTRIAL TERMODESINFECTADORA(Central de esterilización), se requiere del servicio cuatro veces por año. Se indicarán todos los antecedentes generales en las bases técnicas.;CLP;NO PUBLICADO;DISPONIBLE;Entre 100 y 1000 UTM;CORP MUNICIPAL DE PUNTA ARENAS PARA LA EDUCACION SALUD Y AT AL MENOR
1799-14-LE25;ATENCIÓN MÉDICA ESPECIALIZADA EN ÁREA DE COLUMNA;LE;Publicada y disponible para ofertar;25/04/2025 16:50:55;SERVICIO DE ATENCIÓN MÉDICA ESPECIALIZADA EN EL ÁREA DE COLUMNA PARA EL PROGRAMA DE SERVICIOS MÉDICOS DE LA DIRECCIÓN REGIONAL DEL LIBERTADOR GENERAL BERNARDO O’HIGGINS JUNAEB AÑO 2025 - 2026;CLP;NO PUBLICADO;DISPONIBLE;Entre 100 y 1000 UTM;JUNTA NACIONAL DE AUXILIO ESCOLAR Y BECA
1057049-103-LQ25;MVC - Servicio de mantención preventiva y correctiva de equipo TAC del HCSBA ;LQ;Publicada y disponible para ofertar;25/04/2025 16:31:07;El objetivo de la ropuesta es la contratación de “SERVICIO DE MANTENCIÓN PREVENTIVA Y CORRECTIVA DE EQUIPO TAC DEL HOSPITAL CLÍNICO SAN BORJA ARRIARAN”, solicitados en las especificaciones técnicas, en concordancia con las Bases Administrativas, Técnicas, Formularios, aclaraciones y otros documentos que pudieran formularse en el transcurso de la licitación.  Se entenderá que todo proveedor conoceP;CLP;NO PUBLICADO;ESTIMADO;Igual o superior a 2.000 UTM e inferior a 5.000 UTM ;SERV SALUD METROPOLITANO CENTRAL HOSPITAL CLINICO SAN BORJA ARRIARAN
1057922-9-LE25;ADQUISICIÓN EQUIPOS Y EQUIPAMIENTO DE REHABILITACIÓN PARA HABILITACIÓN CESFAM CON SAR CHUYACA;LE;Publicada y disponible para ofertar;22/04/2025 11:11:38;Adquirir equipos y equipamiento de fisioterapia para CESFAM con SAR Chuyaca.;CLP;NO PUBLICADO;DISPONIBLE;Entre 100 y 1000 UTM;SERVICIO DE SALUD OSORNO
2026-55-LQ25;EQUIPOS SAMU UNIDOSIS FARMACIA Y TRAUMA HPMM;LQ;Publicada y disponible para ofertar;03/04/2025 16:25:00;Según lo indicado en Resolución Adjunta.;CLP;NO PUBLICADO;ESTIMADO;Igual o superior a 2.000 UTM e inferior a 5.000 UTM ;SERVICIO SALUD VINA DEL MAR QUILLOTA
4429-28-LP25;CONVENIO SUMINISTRO TOALLA DE PAPEL PARA MANOS;LP;Publicada y disponible para ofertar;23/04/2025 11:51:20;ADQUIRIR CONVENIO SUMINISTRO DE TOALLA DE PAPEL DE MANOS CON DISPENSADORES EN COMODATO PARA ABASTECER LOS CENTROS DE SALUD DE LA COMUNA DE HUALPEN;CLP;PUBLICADO;DISPONIBLE;108.000.000;MUNICIPALIDAD DE HUALPEN
2770-50-LQ25;SERVICIO DE RETIRO TRASLADO Y ELIMINACIÓN DE RESIDUOS ESPECIALES Y PELIGROSOS;LQ;Publicada y disponible para ofertar;25/04/2025 11:15:04;La presente licitación tiene por finalidad la contratación del Servicio de retiro, traslado y eliminación de residuos especiales y peligrosos, generados en los establecimientos de la Red de Salud Municipal de la Comuna de Maipú, dando cumplimiento a lo dispuesto en el Reglamento sobre Manejo de Residuos de Establecimientos de Atención de Salud (REAS), ya sea por tratamiento de incineración y/o autoclave, tratamiento de reciclaje y/o la disposición final en los rellenos sanitarios u otro que se encuentre en el marco legal vigente. Todo lo anterior en virtud de lo dispuesto en las presentes Bases Administrativas, las Bases Técnicas y todos sus anexos.;CLP;PUBLICADO;DISPONIBLE;307.484.100;I MUNICIPALIDAD DE MAIPU
968521-6-LE25;Contrarto de suministro contas de hemoglucotest y equipos en calidad de prestamo;LE;Publicada y disponible para ofertar;24/04/2025 15:27:52;ABASTECER DE CINTAS DE HEMOGLUCOTEST Y EQUIPOS EN CALIDAD DE PRESTAMO A LAS DISTINTAS UNIDADES DEL HOSPITAL DE SAN JAVIER POR UN PERIODO DE 24 MESES SEGÚN LO ESTABLECIDO EN LAS BASES DE LICITACION DEL PRESENTE CONTRATO.;CLP;NO PUBLICADO;ESTIMADO;Entre 100 y 1000 UTM;SERVICIO DE SALUD DEL MAULE HOSPITAL SAN JAVIER
4127-24-LQ25;[TICSRA] Servicio Desarrollo. Mant.y Soporte SIGTE;LQ;Publicada y disponible para ofertar;28/04/2025 11:03:36;El Ministerio de Salud, requiere contar con la contratación de servicios para desarrollo, mantención y soporte del sistema de gestión de tiempos de espera por un periodo de 7 meses (6 meses de servicio más 1 mes de toma de control inicial).;CLP;NO PUBLICADO;DISPONIBLE;Igual o superior a 2.000 UTM e inferior a 5.000 UTM ;SUBSECRETARIA DE SALUD PUBLICA
1057547-196-LR25;SERVICIOS DE RETIRO TRANSPORTE Y DISPOSICIÓN FINAL DE RESIDUOS ESPECIALES Y PELIGROSOS PARA SU CORRECTO MANEJO EN EL HOSPITAL BASE VALDIVIA;LR;Publicada y disponible para ofertar;25/04/2025 08:48:23;SERVICIOS DE RETIRO, TRANSPORTE Y DISPOSICIÓN FINAL DE RESIDUOS ESPECIALES Y PELIGROSOS PARA SU CORRECTO MANEJO EN EL HOSPITAL BASE VALDIVIA;CLP;NO PUBLICADO;ESTIMADO;Igual o superior a 5.000 UTM;SERVICIO DE SALUD VALDIVIA HOSPITAL BASE
2258-56-LR25;Servicio de Obras Menores para el HRA;LR;Publicada y disponible para ofertar;10/04/2025 15:03:15;El objetivo mantener y operar la infraestructura, instalaciones y equipamiento asociado a la misma según lo establezca el Departamento de Operaciones del Hospital Regional de Antofagasta, manteniendo un estándar de calidad de servicio acorde a las necesidades de la institución, bajo el marco que el contrato establece.;CLP;NO PUBLICADO;DISPONIBLE;Igual o superior a 5.000 UTM;SERVICIO DE SALUD ANTOFAGASTA HOSPITAL L
1627-25-LP25;SUMINISTRO DE LENTES OPTICOS PARA EL SERVICIO DE OFTALMOLOGIA DEL HOSPITAL DE SAN FERNANDO;LP;Publicada y disponible para ofertar;11/04/2025 11:51:59;SUMINISTRO DE LENTES OPTICOS PARA EL SERVICIO DE OFTALMOLOGIA DEL HOSPITAL DE SAN FERNANDO ;CLP;NO PUBLICADO;ESTIMADO;Igual o superior a 1.000 UTM e inferior a 2.000 UTM;SERVICIO DE SALUD HOSPITAL DE SAN FERNANDO
1462-15-L125;CONVENIO DE MANTENCION PREVENTIVA Y CORRECTIVA DE EQUIPOS DE REFRIGERACIÓN HOSPITAL DE HUALAÑÉ;L1;Publicada y disponible para ofertar;16/04/2025 15:39:19;Dicho convenio tendrá una vigencia de 12 meses desde la adjudicación de este en el portal. Los trabajos por realizar se identifican en las presentes especificaciones técnicas. El convenio considera la ejecución de mantenciones preventivas durante el periodo de vigencia del convenio y aquellas correctivas que se presenten durante el periodo. Las mantenciones correctivas deberán ser ejecutadas por la empresa adjudicada, conforme a la ocurrencia de fallas durante el periodo que dure el convenio.;CLP;NO PUBLICADO;ESTIMADO;Menor a 100 UTM;SERVICIO DE SALUD DEL MAULE HOSPITAL DE HUALANE
1641-144-LR25;FMM - SERVICIO DE ASEO Y LIMPIEZA;LR;Publicada y disponible para ofertar;02/04/2025 16:23:00;La contratación de «SERVICIO DE ASEO Y LIMPIEZA», tiene por objeto, cumplir de manera continua la labor asistencial que ha sido encomendada a nuestra Institución, estableciendo las condiciones que permitan alcanzar la combinación más ventajosa entre todos los beneficios del bien o servicio a adquirir, y todos sus costos asociados, presentes y futuros Art. 37° del Reglamento, según el siguiente detalle:  ITEM	CÓDIGO  INTERNO	DESCRIPCION ITEM	DURACIÓN CONTRATO 1	 10-013-003-0006	SERVICIO DE ASEO Y LIMPIEZA	  36 meses;CLP;NO PUBLICADO;ESTIMADO;Igual o superior a 5.000 UTM;SERVICIO DE SALUD OCCIDENTE HOSPITAL SAN JUAN DE DIOS
1211839-34-LE25;ADQ. SOBRES TERMICOS Y UNIDADES REFRIGERANTES;LE;Publicada y disponible para ofertar;24/04/2025 17:54:58;Las presentes Bases Administrativas, en adelante las Bases, forman parte de la propuesta pública denominada “ADQUISICIÓN DE SOBRES TÉRMICOS Y UNIDADES REFRIGERANTES” las cuales contienen las disposiciones que regirán las relaciones entre la Corporación y el o los proveedores.     Los productos requeridos en la presente licitación, así como su cantidad y características, deben ajustarse estrictamente a las Especificaciones Técnicas que complementan estas Bases. En el evento de no ajustarse a dichas especificaciones técnicas, las ofertas quedarán fuera de Bases, no procediendo su evaluación.;CLP;PUBLICADO;ESTIMADO;8.000.000;CORP MUNIC EDUC SALUD Y ATENCION
1058088-9-LQ25;SUMINISTRO MEDICAMENTOS PARA TRATAMIENTO DEL DOLOR;LQ;Publicada y disponible para ofertar;16/04/2025 14:05:16;SUMINISTRO MEDICAMENTOS PARA TRATAMIENTO DEL DOLOR;CLP;NO PUBLICADO;ESTIMADO;Igual o superior a 2.000 UTM e inferior a 5.000 UTM ;HOSPITAL ORIENTE DR LUIS TISNE BROUSSE
1057055-54-CO25;MES SUMINISTRO DE MEDICAMENTOS IDARUBICINA 5 MG Y 10 MG;CO;Publicada y disponible para ofertar;30/04/2025 10:18:07;El objetivo de la Propuesta es el SUMINISTRO DE MEDICAMENTOS IDARUBICINA 5 MG Y 10 MG para el Hospital Clínico San Borja Arriarán, solicitados en las especificaciones técnicas, en concordancia con las Bases Administrativas, Técnicas, Formularios, aclaraciones y otros documentos que pudieran formularse en el transcurso de la licitación.  Se entenderá que todo proveedor conoce y acepta irrevocablemente el contenido de estas Bases, por el solo hecho de presentar ofertas en este proceso de licitación  ;CLP;NO PUBLICADO;ESTIMADO;Igual o superior a 100 UTM e inferior a 1000 UTM;SERV SALUD METROPOLITANO CENTRAL HOSPITAL CLINICO SAN BORJA ARRIARAN
1057389-51-LE25;Detergentes Lavanderia HV;LE;Publicada y disponible para ofertar;22/04/2025 15:28:00;La necesidad de realizar llamado a licitación para adquirir suministro de detergentes para el uso de la Unidad de Lavanderia del Hospital San Jose de Victoria.;CLP;NO PUBLICADO;DISPONIBLE;Entre 100 y 1000 UTM;SERVICIO SALUD ARAUCANIA NORTE HOSPITAL VICTORIA
1057388-8-LE25;SUMINISTRO DE COFFEE BRAKE ALMUERZO Y SALON;LE;Publicada y disponible para ofertar;21/04/2025 17:44:00;Se requiere realizar un convenio de suministro de alimentación de coffe break, almuerzos y salón Catering, para las capacitaciones yo reuniones de los funcionarios del hospital de Purén. Según Especificaciones Técnicas  Anexo 3;CLP;PUBLICADO;ESTIMADO;15.000.000;SERVICIO NACIONAL DE SALUD HOSPITAL PUREN
1057544-143-LE25;Productos para Laboratorio HLH;LE;Publicada y disponible para ofertar;29/04/2025 09:39:28;La necesidad de comprar productos para la unidad de Laboratorio del establecimiento, Que, se instruye realizar proceso licitatorio  Que, revisado el catálogo electrónico del Portal Mercado Público, no se encontraron dichos productos  Que se ha estimado que el contrato no excederá de las 10.000 UTM, por lo cual no requiere de toma de razón  Que existen en el Mercado proveedores que ofrecen los productos requeridos y a los que se desea acceder;CLP;NO PUBLICADO;ESTIMADO;Entre 100 y 1000 UTM;SERVICIO DE SALUD DE TALCAHUANO HOSPITAL
1973-44-LE25;ADQUISICION DE UNIFORMES PERSONAL ADMINISTRATIVO;LE;Publicada y disponible para ofertar;22/04/2025 16:44:46;La propuesta comprende la adquisición de uniformes administrativos para personal administrativo del CRSCO de acuerdo con lo señalado en las Bases Técnicas.  Las características o especificaciones técnicas se evaluarán en base a la oferta que cumpla con los requisitos señalados en las bases y la idoneidad y calidad técnica del oferente, con el objeto de asegurar que el adjudicatario se ajuste a los requisitos que el CRSCO ha especificado para la ejecución del contrato licitado.  Formarán parte integrante de estas bases sus eventuales aclaraciones, rectificaciones, enmiendas, formularios y sus anexos  todo ello debidamente publicado en el portal Mercado Público.  Se entenderá que todo proveedor conoce y acepta irrevocablemente el contenido de estas Bases, por el solo hecho de presentar sus ofertas en este proceso de compra ;CLP;PUBLICADO;ESTIMADO;9.500.000;CENTRO DE REFERENCIA DE SALUD DE PENALOLEN CORDILLERA ORIENTE
2583-101-L125;Se solicita Servicio de Limpieza de Techumbres, Canaletas, y Bajadas de Aguas Lluvias/Programa Comunitario N°2 Componente 5 procesos APS/SSGG /DISAM/SP 44483/POS.;L1;Publicada y disponible para ofertar;29/04/2025 13:47:59;Se solicita de este Servicio de Limpieza de Techumbres, canaletas, bajadas de aguas lluvias, limpieza de cornisas, tragaluz, destape y limpieza de desagües, para mantener en óptimas condiciones los techos de los centros a modo de prevenir daños estructurales causados por las lluvias que pueden provocar su colapso, causando filtraciones en cada uno de los centros de salud de la Dirección de Salud perteneciente a la Ilustre Municipalidad de Maipú;CLP;PUBLICADO;ESTIMADO;6.800.000;I MUNICIPALIDAD DE MAIPU
2045-12-L125;Sistema de Control y Monitoreo para Vehículos Hospital de Curepto (GPS);L1;Publicada y disponible para ofertar;24/04/2025 16:35:00;El Hospital de Curepto requiere generar informes o registros sobre la posición, trayectos, kilometrajes, recorridos, velocidad, dirección, distancias, detenciones, para la gestión y análisis posterior, para lo cual es necesario un sistema de control y monitoreo para vehículos por 24 meses. ;CLP;NO PUBLICADO;ESTIMADO;Menor a 100 UTM;SERVICIO DE SALUD DEL MAULE HOSPITAL DE CUREPTO
1655-13-LE25;ANESTESIAS ODONTOLOGICAS ;LE;Publicada y disponible para ofertar;30/04/2025 16:21:10;Las presentes Bases Técnicas tienen por objeto dar a conocer las condiciones, exigencias técnicas, requisitos y características específicas que debe contener la propuesta técnica a presentar en la presente licitación, para la adquisición de anestesias dentales. ;CLP;NO PUBLICADO;ESTIMADO;Entre 100 y 1000 UTM;SERVICIO DE SALUD METROPOLI CENTRAL DIRECCION DE ATENCION PRIMARIA
1057918-4-LR25;ADQUISICIÓN EQUIPOS DE ESTERILIZACIÓN H.DR.F.R.Z;LR;Publicada y disponible para ofertar;30/04/2025 16:43:00;SE REQUIERE ADQUIRIR EQUIPOS DE ESTERILIUZACIÓN PARA EL HOSPITAL DR. FRANCO RAVERA ZUNINO. SE ADJUNTAN ANTECEDENTES TÉCNICOS Y ADMINISTRATIVOS.;CLP;NO PUBLICADO;DISPONIBLE;Igual o superior a 5.000 UTM;SERVICIO DE SALUD LIBERTADOR BDO OHIGGINS
1057494-16-LQ25;MANTENIMIENTO DEL SISTEMA DE CLIMATIZACION;LQ;Publicada y disponible para ofertar;16/04/2025 15:31:00;CONTRATACIÓN DE SERVICIO DE MANTENIMIENTO DEL SISTEMA DE CLIMATIZACION PARA EL HOSPITAL DR. EXEQUIEL GONZÁLEZ CORTÉS.;CLP;NO PUBLICADO;ESTIMADO;Igual o superior a 2.000 UTM e inferior a 5.000 UTM ;SERVICIO DE SALUD SUR HOSPITAL EXEQUIEL
1643-35-LR25;Medios de Contraste Radiológicos;LR;Publicada y disponible para ofertar;15/04/2025 14:25:17;Convenio de “Medios de Contraste Radiológicos” por un periodo de 24 meses. Ofertar canasta completa según indica anexo 3. Se requiere ofertar todo lo requerido en bases administrativas, técnicas y anexos.;CLP;NO PUBLICADO;ESTIMADO;Igual o superior a 5.000 UTM;SERVICIO NACIONAL DE SALUD HOSPITAL DE T
3328-26-LR25;Servicios Médicos y de Apoyo Clínico;LR;Publicada y disponible para ofertar;03/04/2025 15:20:52;Éste Hospital Clínico llama a licitación pública con el propósito de contratar los Servicios Médicos y de Apoyo Clínico para cubrir la atención de pacientes.;CLP;NO PUBLICADO;DISPONIBLE;Igual o superior a 5.000 UTM;FUERZA AEREA DE CHILE COMANDO LOGISTICO
2069-56-LR25;MLB-SUMINISTRO DE VARIOS INSUMOS DEL PROGRAMA MENSUAL;LR;Publicada y disponible para ofertar;02/04/2025 15:51:43;SUMINISTRO DE VARIOS INSUMOS DEL PROGRAMA MENSUAL PARA EL HOSPITAL BARROS LUCO TRUDEAU;CLP;NO PUBLICADO;ESTIMADO;Igual o superior a 5.000 UTM;SERVICIO DE SALUD METROPOLITANO SUR HOSP
5184-57-LE25;MEDICAMENTOS FIBROSIS QUISTICA;LE;Publicada y disponible para ofertar;23/04/2025 17:17:54;MEDICAMENTOS FIBROSIS QUISTICA, SEGUN MEMORANDUM NRO 45 DE FECHA 24 DE MARZO DE 2025, DEPARTAMENTO ADQUISICIONES;CLP;PUBLICADO;ESTIMADO;27.035.000;SERVICIO DE SALUD DEL MAULE HOSPITAL DE LINARES
1057461-19-CO25;SERVICIO DE COURIER NACIONAL;CO;Publicada y disponible para ofertar;22/04/2025 17:46:00;El Hospital de Cauquenes requiere la contratación de un servicio de Courier Nacional para garantizar el traslado seguro, eficiente y oportuno de documentos y encomiendas a distintos puntos del país. Este servicio es fundamental para la operatividad administrativa y asistencial del Hospital, asegurando el efectivo envío de encomiendas a otras instituciones.  Para garantizar un servicio confiable, trazable y eficiente, se ha estimado conveniente convocar a la presente licitación. Se invita a participar a todos los oferentes que cumplan con los requisitos técnicos y administrativos establecidos en estas bases, asegurando calidad en la ejecución del servicio.;CLP;NO PUBLICADO;ESTIMADO;Igual o superior a 100 UTM e inferior a 1000 UTM;SERVICIO DE SALUD DEL MAULE HOSPITAL DE CAUQUENES
691232-2-LE25;AUDIÓMETROS DIAGNÓSTICO CLÍNICO Y SCREENING;LE;Publicada y disponible para ofertar;14/04/2025 11:15:03;El Administrador Financiero del Sistema de Salud de la Armada, en adelante “EL ADMINISTRADOR”, llama a Licitación Pública para adquirir e instalar tres 3 Audiómetros un 1 audiómetro screening, para el Servicio de Medicina Preventiva de la Segunda Zona Naval Talcahuano  un 1 audiómetro de diagnóstico clínico, para el Servicio de Medicina Preventiva de la Tercera Zona Naval Punta Arenas y un 1 audiómetro screening, para el Servicio de Medicina Preventiva de la Cuarta Zona Naval Iquique, cuya Especificaciones Técnicas se encuentran detalladas, respectivamente, en las presentes Bases de Licitación.;CLP;PUBLICADO;ESTIMADO;24.000.000;DIRECCION DE ABASTECIMIENTO DE LA ARMADA
1462-14-L125;SERVICIO DE GEOLOCALIZACIÓN (GPS) PARA VEHÍCULOS DEL HOSPITAL DE HUALAÑÉ;L1;Publicada y disponible para ofertar;15/04/2025 11:30:38;Se requiere contar con servicio de geolocalización (GPS) para vehículos del Hospital de Hualañé por un periodo de 24 meses desde su adjudicación, con el objetivo de gestionar el control y ubicación de los vehículos institucionales. A su vez, permite generar transparencia a las actividades del hospital que involucran a todos los vehículos motorizados.;CLP;NO PUBLICADO;ESTIMADO;Menor a 100 UTM;SERVICIO DE SALUD DEL MAULE HOSPITAL DE HUALANE
2268-9-LQ25;SERVICIO RECEPCIÓN TRANSPORTE PRODUCTOS RADIOFARMA;LQ;Publicada y disponible para ofertar;15/04/2025 18:22:40;Que, para CENABAST se hace necesario la adquisición de un servicio de “SUMINISTRO DE RECEPCIÓN, TRANSPORTE, VALOR AGREGADO Y DISTRIBUCIÓN A NIVEL NACIONAL DE PRODUCTOS RADIOFARMACÉUTICOS RADIOFÁRMACOS DE USO HUMANO”, por un período de 12 meses.;CLP;PUBLICADO;ESTIMADO;300.000.000;CENTRAL DE ABASTECIMIENTO DEL SISTEMA NACIONAL DE SERVICIO DE SALUD
2268-10-LQ25;SERVICIO DE ACONDICIONAMIENTO PRODUCTO FARMACÉUTIC;LQ;Publicada y disponible para ofertar;21/04/2025 15:05:32;E1O2RT9  CONTRATO DE SUMINISTRO PARA PRODUCTO FARMACÉUTICOS, COSMÉTICOS, DISPOSITIVOS MÉDICOS, ELEMENTOS DE PROTECCIÓN PERSONAL E INSUMOS POR EL SERVICIO DE ACONDICIONAMIENTO, ROTULADO, ETIQUETADO Y CAMBIO DE PRESENTACIÓN. Para efectos de evaluación de ofertas será deseable, pero no excluyente, la certificación de Huella Chile. adjuntar certificado.;CLP;PUBLICADO;ESTIMADO;340.000.000;CENTRAL DE ABASTECIMIENTO DEL SISTEMA NACIONAL DE SERVICIO DE SALUD
188-25-LR25;Conservación Escuela Oscar Castro - COMUDEF;LR;Publicada y disponible para ofertar;21/04/2025 18:00:44;Las presentes obras se enfocan en la intervención de la Escuela Óscar Castro, las que buscan dar solución integral a diferentes problemas de infraestructura del establecimiento, como de habitabilidad, seguridad o confort al interior de los recintos. El proyecto “CONSERVACIÓN DE INFRAESTRUCTURA PARA EL ESTABLECIMIENTO EDUCACIONAL ESCUELA ÓSCAR CASTRO, LA FLORIDA” se enmarca en la Conservación de Revestimientos de piso, muros, cielos, Pinturas, Puertas, Artefactos Sanitarios, Equipos de Iluminación, Cubiertas, Canaletas, Sombreaderos y Mobiliario a ejecutarse en Salas de Clases, Salas de Profesores, Talleres, Comedores de Alumnos y Funcionarios, Cocina, Patios, Cubiertas y Pasillos del establecimiento, logrando una conservación general y mejorando la calidad de la infraestructura para una mejor entrega del Servicio Educacional.;CLP;NO PUBLICADO;DISPONIBLE;Igual o superior a 5.000 UTM;CORP MUNICIPAL DE EDUC SALUD CULTURA Y RECREACION DE LA FLORIDA
1058085-94-LE25;CONVENIO SUMINISTRO DE BRIMONIDINA + TIMOLOL SOLUCIÓN OFTÁLMICA EN CASO DE NO DESPACHO DE CENABAST PARA EL HOSPITAL DEL SALVADOR;LE;Publicada y disponible para ofertar;28/04/2025 11:34:24;Que, el Hospital del Salvador necesita contar con un CONVENIO SUMINISTRO DE BRIMONIDINA + TIMOLOL SOLUCIÓN OFTÁLMICA EN CASO DE NO DESPACHO DE CENABAST PARA EL HOSPITAL DEL SALVADOR con la finalidad de satisfacer de manera adecuada y eficiente la labor asistencial durante el periodo de 36 meses.  Que, por la cuantía determinada, la presente licitación se ubica en el tramo para contrataciones de aquellas iguales o superiores a 100 UTM e inferiores a 1.000 UTM, en conformidad al Artículo 36º del Reglamento de la Ley Nº19.886  ;CLP;PUBLICADO;ESTIMADO;9.500.000;SERVICIO DE SALUD ORIENTE HOSPITAL DEL SALVADOR
3636-1-LE25;CONVENIO SUMINISTRO PROGRAMA IMAGENES DIAGNOSTICAS;LE;Publicada y disponible para ofertar;29/04/2025 16:58:56;CONVENIO DE SUMINISTRO POR UN PERIODO DE 2 AÑOS CALENDARIO PARA EXAMENES DE IMAGENOLOGIA, CON CARGO AL CONVENIO IMAGNES DIAGNOSTICAS 2025-2026.;CLP;NO PUBLICADO;DISPONIBLE;Entre 100 y 1000 UTM;I MUNICIPALIDAD DE MALLOA
1293138-7-LQ25;ADQUISICIÓN DE ELECTROBISTURI;LQ;Publicada y disponible para ofertar;01/04/2025 15:42:00;ABASTECER Y SUMINISTRAR ELECTROBISTURI;CLP;NO PUBLICADO;ESTIMADO;Igual o superior a 2.000 UTM e inferior a 5.000 UTM ;SERVICIO SALUD METROPOLITANO OCCIDENTE
557974-5-LE25;BOQUILLAS PARA FLUJOMETRÍA Y FILTROS ESPIROMETRIA;LE;Publicada y disponible para ofertar;29/04/2025 13:18:55;El objetivo de la presente licitación es la adquisición de 600 boquillas de cartón para flujometría y 6000 filtro bacteriológico para espirometría, para bodega central administrada por la Corporación Municipal de Quilpué.;CLP;NO PUBLICADO;ESTIMADO;Entre 100 y 1000 UTM;CORPORACION MUNICIPAL DE EDUCACION,SALUD,CULTURA Y ATENCION AL MENOR,
619133-105-LP25;CIRUGIA CATARATAS Y CONSULTAS OFTALMOLÓGICA HOSCA;LP;Publicada y disponible para ofertar;29/04/2025 14:52:33;Las presentes Bases Administrativas rigen el llamado a licitación pública “ADQUISICIÓN CIRUGIA DE CATARATAS Y CONSULTAS DE OFTALMOLOGIA PARA HOSPITAL SAN CAMILO DE SAN FELIPE”, ubicado en Av. Miraflores 2085 San Felipe, Quinta región, aplicando los procedimientos establecidos en la Ley de Compras N° 19.886 de la Administración Pública.;CLP;NO PUBLICADO;ESTIMADO;Igual o superior a 1.000 UTM e inferior a 2.000 UTM;SERVICIO SALUD SAN FELIPE LOS ANDES HOSP
5349-26-LE25;SERVICIOS MÉDICOS ESPECIALIZADOS PARA LA REALIZACIÓN DE TURNOS EN LA UNIDAD DE PACIENTE CRÍTICO DEL HPH;LE;Publicada y disponible para ofertar;29/04/2025 14:25:51;Los Servicios por contratar en la presente licitación, considera 983 horas de servicios médicos especializados para la realización de turnos en la unidad de paciente crítico. Para efectuar este servicio el oferente adjudicado deberá contar con personal suficiente acreditado para el correcto cumplimiento a los servicios requeridos, en forma diaria, continua y permanente garantizando el desarrollo oportuno y de calidad. Las características particulares de los servicios a adquirir se describen en las bases técnicas que se acompañan a las presentes bases administrativas.;CLP;NO PUBLICADO;DISPONIBLE;Entre 100 y 1000 UTM;HOSPITAL PROVINCIAL   DEL HUASCO MSR FERNANDO ARIZTIA RUIZ
2157-57-LE25;ADQUISICION DE BROCAS ESPIRAL PARA EL HTC;LE;Publicada y disponible para ofertar;24/04/2025 16:06:07;Se requiere efectuar “ADQUISICION DE BROCAS ESPIRAL PARA EL HTC” a fin de entregar atención clínica oportuna y eficiente a todos los pacientes tratados en el HTC.;CLP;PUBLICADO;ESTIMADO;19.593.945;SERVICIO NAC DE SALUD HOSPITAL TRAUMATOLOGICO
1057422-12-LE25;LICITACION INSUMOS DENTALES;LE;Publicada y disponible para ofertar;30/04/2025 12:08:47;Que, según Solicitud de Adquisición Folio N°51292 emitida por la referente técnico Cristian López Cifuentes, Jefe Unidad de Servicio Dental del Hospital de la Familia y Comunidad de Yumbel, solicitan licitación de Insumos Dentales.;CLP;PUBLICADO;ESTIMADO;27.836.182;SERVICIO DE SALUD BIO BIO HOSPITAL DE YU
4906-10-L125;SERVICIOS DE LIMPIEZA DE COMBUSTIÓN LENTA Y CORTE DE PASTO ;L1;Publicada y disponible para ofertar;30/04/2025 12:29:12;SERVICIOS DE LIMPIEZA DE COMBUSTIÓN LENTA Y CORTE DE PASTO EN CESFAM RIO NEGRO HORNOPIREN Y ESTABLECIMIENTOS DEPENDIENTES;CLP;PUBLICADO;DISPONIBLE;6.600.000;SERVICIO SALUD DEL RELONCAVI
2026-63-LP25;Contratacion Servicios de Enlace a Internet HPMM;LP;Publicada y disponible para ofertar;22/04/2025 11:58:01;Se requiere contratar para el nuevo Hospital Provincial Marga Marga ubicado en Calle El Abanderado #1051 en la ciudad de Villa Alemana, los servicios de enlaces a internet  Por 12 Meses de acuerdo a:  •	02 (dos) enlaces por fibra óptica y un ancho de banda de 200 MB cada uno con proveedores distintos. •	01 (un) enlace satelital a internet STARLINK plan Business. •	Sistema de Monitoreo 24X7.;CLP;PUBLICADO;ESTIMADO;88.679.183;SERVICIO SALUD VINA DEL MAR QUILLOTA
1057547-205-LP25;CONVENIO DE MANTENIMIENTO MARCA STORZ;LP;Publicada y disponible para ofertar;29/04/2025 11:44:41;CONVENIO DE MANTENIMIENTO PREVENTIVO Y CORRECTIVO PARA EQUIPOS MARCA STORZ DEL HOSPITAL BASE VALDIVIA;CLP;PUBLICADO;ESTIMADO;134.800.000;SERVICIO DE SALUD VALDIVIA HOSPITAL BASE
5349-31-LE25;SERVICIOS MÉDICOS ESPECIALIZADOS PARA LA REALIZACIÓN DE TURNOS EN ATENCION MEDICO-QUIRURGICO EN LA UNIDAD DE EMERGENCIA Y HOSPITALIZACIÓN;LE;Publicada y disponible para ofertar;29/04/2025 15:26:30;Los Servicios por contratar en la presente licitación, considera 1.312 horas de servicios médicos especializados para la realización de turnos en atención médico-quirúrgico en la unidad de emergencia y hospitalización. Para efectuar este servicio el oferente adjudicado deberá contar con personal suficiente acreditado para el correcto cumplimiento a los servicios requeridos, en forma diaria, continua y permanente garantizando el desarrollo oportuno y de calidad. Las características particulares de los servicios a adquirir se describen en las bases técnicas que se acompañan a las presentes bases administrativas.;CLP;NO PUBLICADO;DISPONIBLE;Entre 100 y 1000 UTM;HOSPITAL PROVINCIAL   DEL HUASCO MSR FERNANDO ARIZTIA RUIZ
1180830-21-LR25;AMBULANCIAS AEB  HOSPITALES TALTAL-CALAMA PP-48;LR;Publicada y disponible para ofertar;28/04/2025 16:28:45;Las presentes bases Administrativas tienen por objetivo regular y normar el proceso de Licitación Pública efectuadas de acuerdo a lo dispuesto en la Ley N° 19.886 y el D.S. N° 661 de 2004, del Ministerio de Hacienda, que contiene el Reglamento de la citada ley y sus modificaciones posteriores, para la ejecución del proyecto REPOSICIÓN AMBULANCIAS HOSPITAL DE TALTAL Y CALAMA REGION DE ANTOFAGASTA CODIGO BIP   40062957-0 Financiamiento F.N.D.R. aprobado por Resolución Exenta N°0501 de fecha 31 de marzo de 2025 que aprueba Mandato.;CLP;NO PUBLICADO;DISPONIBLE;Igual o superior a 5.000 UTM;SERVICIO DE SALUD ANTOFAGASTA DIRECCION
1057544-144-LE25;Compra por Suministro de Bolsa para Sistema Cerrado de Aspiración;LE;Publicada y disponible para ofertar;29/04/2025 10:47:49;Que, el establecimiento requiere contratar el suministro de bolsa para sistema cerrado de aspiración receptal junto con el equipamiento y/o accesorios y/o elementos necesarios para su funcionamiento adecuado tales como: canister, conectores, carros, adaptadores a muro, adaptadores de columnas, válvulas, conectores, soportes, entre otros, para uso en las Unidades y Servicios de establecimiento para la atención de usuarios en el Hospital Las Higueras;CLP;PUBLICADO;ESTIMADO;50.000.000;SERVICIO DE SALUD DE TALCAHUANO HOSPITAL
188-30-LQ25;Servicio de arriendos software de gestión COMUDEF;LQ;Publicada y disponible para ofertar;29/04/2025 16:15:55;“SERVICIO DE ARRIENDO, POR 24 MESES, DE SOFTWARE DE GESTIÓN ADMINISTRATIVA INTEGRADA PARA LA CORPORACIÓN MUNICIPAL DE LA FLORIDA - COMUDEF”, cuyo objetivo  es contar con una plataforma tecnológica que permita la administración eficiente de los distintos procesos internos de COMUDEF, asegurando la integridad, trazabilidad y disponibilidad de la información. Esto permitirá mejorar la gestión de recursos, optimizar tiempos de procesamiento y asegurar el cumplimiento de normativas vigentes en la administración pública.;CLP;NO PUBLICADO;DISPONIBLE;Igual o superior a 2.000 UTM e inferior a 5.000 UTM ;CORP MUNICIPAL DE EDUC SALUD CULTURA Y RECREACION DE LA FLORIDA
1641-117-LR25;SFR - CATETERES DE DIAGNOSTICO PARA ELECTROFISIOLOGÍA CON EQUIPO ASOCIADO;LR;Publicada y disponible para ofertar;01/04/2025 10:59:09;El objeto de la contratación es la adquisición de insumos que puedan cubrir las necesidades del Hospital San Juan de Dios - CDT;CLP;NO PUBLICADO;ESTIMADO;Igual o superior a 5.000 UTM;SERVICIO DE SALUD OCCIDENTE HOSPITAL SAN JUAN DE DIOS
1057049-97-LR25;JCD ADQUISICION DE RECARGAS DE TARJETAS DE ALIMENTACION PARA FUNCIONARIOS DEL HOSPITAL CLÍNICO SAN BORJA ARRIARÁN;LR;Publicada y disponible para ofertar;21/04/2025 17:12:44;El objetivo de la propuesta es la ADQUISICION DE RECARGAS DE TARJETAS DE ALIMENTACION PARA FUNCIONARIOS DEL HOSPITAL CLÍNICO SAN BORJA ARRIARÁN por un periodo de 36 meses, solicitado en las especificaciones técnicas, en concordancia con las Bases Administrativas, técnicas, formularios, aclaraciones y otros documentos que pudieran formularse en el transcurso de la licitación.  Se entenderá que todo proveedor conoce y acepta irrevocablemente el contenido de estas Bases, por el solo hecho de presentar ofertas en este proceso de licitación.;CLP;PUBLICADO;ESTIMADO;10.800.000.000;SERV SALUD METROPOLITANO CENTRAL HOSPITAL CLINICO SAN BORJA ARRIARAN
1057544-127-LE25;CONTRATACIÓN DE SERVICIOS DE MANTENCIÓN PREVENTIVA CALIBRACIÓN Y CERTIFICACIÓN DE GABINETES BIOSEGURIDAD;LE;Publicada y disponible para ofertar;22/04/2025 08:24:50;La presente licitación tiene por objetivo la contratación de servicios de mantención preventiva, validación, calibración y certificación de 4 gabinetes de bioseguridad ubicados en Laboratorio Central del Hospital las Higueras, por un periodo de 24 meses, de acuerdo a lo siguiente:;CLP;PUBLICADO;ESTIMADO;35.000.000;SERVICIO DE SALUD DE TALCAHUANO HOSPITAL
1002772-45-LQ25;SET DE ANALISIS DE ROTURA DE MEMBRANA FETAL;LQ;Publicada y disponible para ofertar;22/04/2025 16:19:23;Las presentes Bases constituyen el instrumento guía destinado a celebrar un CONVENIO DE SUMINISTRO DE SET DE ANÁLISIS DE ROTURA DE MEMBRANA FETAL PARA EL HOSPITAL DR. FÉLIX BULNES CERDA, en adelante Hospital, éstas, establecen los fines, condiciones y requisitos que deberán ser cumplidos por los oferentes, en todas y cada una de las partes que conformen su oferta, además de regular el todo el proceso licitatorio hasta la suscripción del correspondiente contrato. ;CLP;NO PUBLICADO;ESTIMADO;Igual o superior a 2.000 UTM e inferior a 5.000 UTM ;SERVICIO SALUD OCCIDENTE HOSPITAL DR FELIX BULNES CERDA
948354-46-LP25;CONTRATACIÓN DEL SERVICIO DE MANTENIMIENTO PREVENTIVO Y CORRECTIVO PARA EQUIPOS DE RAYOS X MARCA PHILIPS DEL HOSPITAL DIPRECA;LP;Publicada y disponible para ofertar;16/04/2025 08:31:20;El Hospital de la Dirección de Previsión de Carabineros de Chile, ubicado en Vital Apoquindo N°1.200, Comuna de Las Condes, Región Metropolitana, en adelante “EL HOSPITAL”, llama a Licitación Pública para la Contratación del Servicio de Mantenimiento Preventivo y Correctivo para Equipos de Rayos X Marca Philips del Hospital Dipreca, en adelante “EL SERVICIO”, por un periodo de 24 meses, para el referido Centro Asistencial, cuyas características y requisitos técnicos constan en las Bases Administrativas y Técnicas de esta Licitación con sus respectivos anexos.;CLP;PUBLICADO;DISPONIBLE;200.000.000;FONDO HOSPITAL DE LA DIRECCION DE PREVISION DE CARABINEROS DE CHILE
1057055-48-LR25;GSP SUMINISTRO DE MEDICAMENTO NILOTINIB 200 MG;LR;Publicada y disponible para ofertar;16/04/2025 09:53:13;El objetivo de la Propuesta es el SUMINISTRO DE MEDICAMENTO NILOTINIB 200 MG para el Hospital Clínico San Borja Arriarán, solicitados en las especificaciones técnicas, en concordancia con las Bases Administrativas, Técnicas, Formularios, aclaraciones y otros documentos que pudieran formularse en el transcurso de la licitación.  Se entenderá que todo proveedor conoce y acepta irrevocablemente el contenido de estas Bases, por el solo hecho de presentar ofertas en este proceso de licitación.;CLP;PUBLICADO;ESTIMADO;900.000.000;SERV SALUD METROPOLITANO CENTRAL HOSPITAL CLINICO SAN BORJA ARRIARAN
1549-35-LR25;ADQ MEDICAMENTOS INYECTABLES PARA EL HOSPITAL SAN JOSE;LR;Publicada y disponible para ofertar;07/04/2025 08:09:05;de acuerdo con lo establecido en la Resolución N°410 del 31 de enero de 2025 que aprueba el Plan Anual de Compras y Contrataciones año 2025 para el Complejo Hospitalario San José, se requiere la adquisición de FENILEFRINA 10MG/1ML, ISOPROTERENOL 1MG/5ML, y LEVOSIMENDAN 2,5MCG/ML 5ML,  todos MEDICAMENTOS INYECTABLES. Lo anterior, según consta en el certificado de fecha 17 de marzo de 2025, de la Unidad de Abastecimiento.;CLP;NO PUBLICADO;DISPONIBLE;Igual o superior a 5.000 UTM;SERVICIO DE SALUD METROPOLITANA NORTE HOSPITAL SAN JOSE
813-59-LP25;PP 65 Fosas Septicas;LP;Publicada y disponible para ofertar;11/04/2025 17:09:25;llama a licitación pública para la propuesta n° 652025, para la contratación del servicio de mantención, limpieza y traslado a planta de tratamiento de los residuos acumulados en fosas sépticas, plantas elevadoras de aguas servidas y cámaras desgrasadoras del ISP, se debe llenar todos los anexos y adjuntar documentación solicitada;CLP;NO PUBLICADO;DISPONIBLE;Igual o superior a 1.000 UTM e inferior a 2.000 UTM;INSTITUTO DE SALUD PUBLICA DE CHILE
2410-224-LE24;SUMINISTRO DE MANTENIMIENTO PREVENTIVO Y VISITA DE DIAGNÓSTICO PARA LOS EQUIPOS DE RAYOS X OSTEOPULMONAR DE LOS ESTABLECIMIENTOS DE LA MUNICIPALIDAD DE LOS ÁNGELES ÁREA SALUD.;LE;Publicada y disponible para ofertar;24/04/2025 12:07:18;Disponer de un Suministro de Mantenimiento Preventivo y Visita de Diagnóstico para los equipos de Rayos X Osteopulmonar de los establecimientos, con el objetivo de realizar revisión de los equipos para identificar posibles fallas.;CLP;PUBLICADO;DISPONIBLE;35.600.000;I MUNICIPALIDAD DE LOS ANGELES
1057540-46-LE25;PNS CONVENIO SERVICIO DE MANTENIMIENTO EQUIPOS DE OTORRINO;LE;Publicada y disponible para ofertar;24/04/2025 12:21:31;CONVENIO SERVICIO DE MANTENIMIENTO PREVENTIVO Y CORRECTIVO PARA EQUPOS DE OTORRINO. REQUERIMIENTO DE EQUIPOS MEDICOS SOLICITUD 1064;CLP;NO PUBLICADO;DISPONIBLE;Entre 100 y 1000 UTM;SERVICIO SALUD TALCAHUANO HOSPITAL PENCO-LIRQUEN
3706-37-LE25;2do CS productos Farmacéuticos;LE;Publicada y disponible para ofertar;24/04/2025 12:20:58;Se tiene por objeto la realización de un contrato para la adquisición de productos farmacéuticos, los que son requeridos por usuarias/os de familias vulnerables de la comuna de San Ignacio. Dicha adquisición se genera por la necesidad de brindar la ayuda social.;CLP;NO PUBLICADO;DISPONIBLE;Entre 100 y 1000 UTM;I MUNICIPALIDAD DE SAN IGNACIO
1057418-7-LQ25;CONVENIO SUMINISTRO SERVICIO DE ASEO Y MANTENIMIENTO PARA DEPENDENCIAS DEL HFC MULCHEN;LQ;Publicada y disponible para ofertar;24/04/2025 17:23:29;CONVENIO SUMINISTRO SERVICIO DE ASEO Y MANTENIMIENTO PARA DEPENDENCIAS DEL HFC MULCHEN;CLP;NO PUBLICADO;ESTIMADO;Igual o superior a 2.000 UTM e inferior a 5.000 UTM ;SERVICIO DE SALUD BIO BIO HOSPITAL DE MULCHEN
800-25-LR25;SERV ELABORACIÓN DE PIEZAS DE LABORATORIO DENTAL;LR;Publicada y disponible para ofertar;14/04/2025 12:47:46;La Universidad de Chile, para su Hospital Clínico de la Universidad de Chile, en adelante e indistintamente el “Hospital Clínico”, establecimiento docente-asistencial de medicina de alta complejidad, llama a licitación pública para la contratación de Servicios de elaboración de piezas de laboratorio dental a medida incluye especialidades odontológicas, en adelante los servicios.;CLP;PUBLICADO;DISPONIBLE;500.000.000;UNIVERSIDAD DE CHILE
1057049-104-LE25;PTF ADQUISICION KIT FIJADORES EXTERNOS MONOLATERAL Y ACCESORIOS;LE;Publicada y disponible para ofertar;25/04/2025 16:45:44;El objetivo de la licitación será la ADQUISICION DE KIT DE FIJADORES EXTERNOS TIPO MONOLATERAL Y ACCESORIOS EN MODALIDAD DE CONSIGNACIÓN PARA EL HOSPITAL CLÍNICO SAN BORJA ARRIARÁN, individualizados en las bases técnicas y anexos respectivos, los que se entiende forman parte integrante de las presentes bases administrativas.;CLP;PUBLICADO;ESTIMADO;37.396.369;SERV SALUD METROPOLITANO CENTRAL HOSPITAL CLINICO SAN BORJA ARRIARAN
1058085-93-LE25;CONVENIO SUMINISTRO DE ENTECAVIR COMPRIMIDO PROGRAMA MINISTERIAL EN CASO DE NO DESPACHO DE CENABAST PARA EL HOSPITAL DEL SALVADOR;LE;Publicada y disponible para ofertar;25/04/2025 10:37:00;Que, el Hospital del Salvador necesita contar con un CONVENIO SUMINISTRO DE ENTECAVIR COMPRIMIDO (PROGRAMA MINISTERIAL) EN CASO DE NO DESPACHO DE CENABAST PARA EL HOSPITAL DEL SALVADOR con la finalidad de satisfacer de manera adecuada y eficiente la labor asistencial durante un periodo de 12 meses.   Que, por la cuantía determinada, la presente licitación se ubica en el tramo para contrataciones de aquellas iguales o superiores a 100 UTM e inferiores a 1.000 UTM, en conformidad al Artículo 36º del Reglamento de la Ley Nº19.886  ;CLP;PUBLICADO;ESTIMADO;63.000.000;SERVICIO DE SALUD ORIENTE HOSPITAL DEL SALVADOR
662237-22-LE25;Aplicación de Test de Drogas para Autoridades;LE;Publicada y disponible para ofertar;28/04/2025 18:59:41;El Servicio Nacional para la Prevención y Rehabilitación del Consumo de Drogas y Alcohol, “SENDA” requiere la contratación del servicio consistente en la aplicación y procesamiento de un examen para pesquisar y detectar la presencia de consumo de las sustancias o drogas estupefacientes o sicotrópicas ilegales, para ser realizado semestralmente durante el año 2025 al Presidente de la República, sus Ministros y Ministras de Estado y Subsecretarios y Subsecretarias.;CLP;PUBLICADO;DISPONIBLE;25.080.000;SERVICIO NACIONAL PARA LA PREVENCION Y REHABILITACION DEL CONSUMO DE D
2151-7-LE25;SERVICIO DE INTERNET SEGURIDAD TELEVISIÓN;LE;Publicada y disponible para ofertar;25/04/2025 15:38:06;El Hospital Dr. Jorge Ibar Bruce busca ofertas para participar del proceso de licitación pública el cual necesita contratar servicios de internet banda ancha, cámaras de vigilancias y televisión, todo esto para ser implementado en las dependencias del Establecimiento, en conformidad a Lo dispuesto en la Ley de Compras Públicas 19.886  modificada por la ley 21.634 y decreto 661 que aprueba reglamento de la ley n° 19886, que deja sin efecto el DS 250, de 2004 del ministerio de hacienda.;CLP;NO PUBLICADO;DISPONIBLE;Entre 100 y 1000 UTM;SERVICIO NAC DE SALUD HOSPITAL DE PTO CISNES
5061-38-L125;SCHC 91 Adquisición de Softwares (Varios)  para Departamento de Salud Municipal;L1;Publicada y disponible para ofertar;25/04/2025 16:11:50;Adquisición de Softwares (Varios)  para Departamento de Salud Municipal. Según especificaciones técnicas adjuntas.;CLP;PUBLICADO;ESTIMADO;3.700.000;I MUNICIPALIDAD DE TEMUCO
1658-123-LQ25;P. 31-2025 “CONTRATO DE SUMINISTRO DE LENTES ÓPTICOS PARA EL DEPARTAMENTO DE SALUD DE LA MUNICIPALIDAD DE TEMUCO”.;LQ;Publicada y disponible para ofertar;28/04/2025 09:34:18;CONTRATO DE SUMINISTRO DE LENTES ÓPTICOS PARA EL DEPARTAMENTO DE SALUD DE LA MUNICIPALIDAD DE TEMUCO;CLP;PUBLICADO;ESTIMADO;260.350.000;I MUNICIPALIDAD DE TEMUCO
1057055-51-LP25;GSP SUMINISTRO DE MEDICAMENTO MICOFENOLATO SODICO 360 MG;LP;Publicada y disponible para ofertar;28/04/2025 09:10:46;El objetivo de la Propuesta es el SUMINISTRO DE MEDICAMENTO MICOFENOLATO SODICO 360 MG para el Hospital Clínico San Borja Arriarán, solicitados en las especificaciones técnicas, en concordancia con las Bases Administrativas, Técnicas, Formularios, aclaraciones y otros documentos que pudieran formularse en el transcurso de la licitación.  Se entenderá que todo proveedor conoce y acepta irrevocablemente el contenido de estas Bases, por el solo hecho de presentar ofertas en este proceso de licitación. ;CLP;PUBLICADO;ESTIMADO;80.000.000;SERV SALUD METROPOLITANO CENTRAL HOSPITAL CLINICO SAN BORJA ARRIARAN
1057547-203-LP25;CONVENIO DE MANTENIMIENTO EQUIPOS DE ENDOSCOPIA;LP;Publicada y disponible para ofertar;28/04/2025 15:04:26;CONVENIO DE MANTENIMIENTO PREVENTIVO Y CORRECTIVO PARA EQUIPOS DE ENDOSCOPIA MARCA FUJINON DEL HOSPITAL BASE VALDIVIA;CLP;PUBLICADO;ESTIMADO;70.000.000;SERVICIO DE SALUD VALDIVIA HOSPITAL BASE
507428-60-LR25;TOMÓGRAFO COMPUTARIZADO DE 64 DT PARA NHA;LR;Publicada y disponible para ofertar;26/03/2025 15:53:00;Que, el “Proyecto de Normalización Hospital Ancud de Chiloé” se encuentra en etapa de ejecución y se requiere la implementación de equipos y equipamiento clínico e industrial de forma paulatina, mediante la adquisición de los bienes necesarios para obtener el óptimo funcionamiento del Nuevo Hospital Ancud, de acuerdo con los objetivos integrales del proyecto.;CLP;NO PUBLICADO;ESTIMADO;Igual o superior a 5.000 UTM;SERVICIO DE SALUD CHILOE
1057547-187-LE25;MP Y MC SERV ANALISIS DE AGUA EN CENTRAL TERMICA;LE;Publicada y disponible para ofertar;22/04/2025 18:28:17;CONVENIO DE MANTENIMIENTO PREVENTIVO Y CORRECTIVO PARA EL SERVICIO DE ANALISIS DE PARAMETROS DEL AGUA EN CENTRAL TERMICA DEL HOSPITAL BASE VALDIVIA;CLP;PUBLICADO;ESTIMADO;49.000.000;SERVICIO DE SALUD VALDIVIA HOSPITAL BASE
968521-7-LE25;Bajadas para bombas de infusion con equipos en calidad de prestamo;LE;Publicada y disponible para ofertar;24/04/2025 15:22:19;ABASTECER DE BAJADAS PARA BOMBAS DE INFUSIÓN CON EQUIPOS EN CALIDAD DE PRESTAMO A LAS DISTINTAS UNIDADES DEL HOSPITAL DE SAN JAVIER POR UN PERIODO DE 24 MESES SEGÚN LO ESTABLECIDO EN LAS BASES DE LICITACION DEL PRESENTE CONTRATO.;CLP;NO PUBLICADO;ESTIMADO;Entre 100 y 1000 UTM;SERVICIO DE SALUD DEL MAULE HOSPITAL SAN JAVIER
2770-44-LQ25;SUMINISTRO DE PRODUCTOS FARMACÉUTICOS PARA EL CENTRO VETERINARIO MUNICIPAL;LQ;Publicada y disponible para ofertar;17/04/2025 16:29:45;La presente propuesta pública contempla la adquisición de fármacos orientados a los procedimientos de atención clínica entregados a las mascotas de la comuna de Maipú, propiciando la segura y confiable ejecución de los procesos clínicos y quirúrgicos en caninos y felinos, que además son parte de la Política Comunal de Tenencia Responsable de Mascotas, y avanzar positivamente en el cumplimiento del marco regulatorio expresado en la Ley N° 21.020 Sobre Tenencia Responsable de Mascotas y Animales de Compañía. Todo lo anterior en virtud de lo dispuesto en las presentes Bases Administrativas, las Bases Técnicas y todos sus anexos. ;CLP;PUBLICADO;DISPONIBLE;138.436.904;I MUNICIPALIDAD DE MAIPU
1641-170-LR25;JVV- INSUMOS CARDIOLOGÍA INTERVENCIONAL;LR;Publicada y disponible para ofertar;29/04/2025 15:55:23;SUMINISTRO DE INSUMOS CARDIOLOGÍA INTERVENCIONAL;CLP;NO PUBLICADO;ESTIMADO;Igual o superior a 5.000 UTM;SERVICIO DE SALUD OCCIDENTE HOSPITAL SAN JUAN DE DIOS
5349-32-LE25;SERVICIOS MÉDICOS ESPECIALIZADOS EN GINECOLOGÍA Y OBSTETRICIA PARA LA REALIZACIÓN DE TURNOS EN LA UNIDAD DE EMERGENCIA Y HOSPITALIZACIÓN;LE;Publicada y disponible para ofertar;29/04/2025 15:53:25;Los Servicios por contratar en la presente licitación, considera 1.281 horas de servicios médicos especializados en ginecología para la realización de turnos en la unidad de emergencia y hospitalización. Para efectuar este servicio el oferente adjudicado deberá contar con personal suficiente acreditado para el correcto cumplimiento a los servicios requeridos, en forma diaria, continua y permanente garantizando el desarrollo oportuno y de calidad. Las características particulares de los servicios a adquirir se describen en las bases técnicas que se acompañan a las presentes bases administrativas.;CLP;NO PUBLICADO;DISPONIBLE;Entre 100 y 1000 UTM;HOSPITAL PROVINCIAL   DEL HUASCO MSR FERNANDO ARIZTIA RUIZ
1057049-108-LE25;CSP - SUMINISTRO DE EXAMENES ECO DOPPLER;LE;Publicada y disponible para ofertar;29/04/2025 16:35:00;El objetivo de la Propuesta es la contratación de “SUMINISTRO DE EXAMENES ECO DOPPLER PARA PACIENTES DEL HOSPITAL CLÍNICO SAN BORJA ARRIARÁN PAC 2025”, solicitados en las especificaciones técnicas, en concordancia con las Bases Administrativas, Técnicas, Formularios, aclaraciones y otros documentos que pudieran formularse en el transcurso de la licitación.  Se entenderá que todo proveedor conoce y acepta irrevocablemente el contenido de estas Bases, por el solo hecho de presentar ofertas en este proceso de licitación.;CLP;NO PUBLICADO;ESTIMADO;Entre 100 y 1000 UTM;SERV SALUD METROPOLITANO CENTRAL HOSPITAL CLINICO SAN BORJA ARRIARAN
1641-140-LR25;PSG - LENTES INTRAOCULARES EN CONSIGNACION;LR;Publicada y disponible para ofertar;02/04/2025 15:51:00;El objeto de la presente licitación es la adquisición de LENTES INTRAOCULARES EN CONSIGNACION, vigencia 36 meses.;CLP;PUBLICADO;ESTIMADO;1.400.000.000;SERVICIO DE SALUD OCCIDENTE HOSPITAL SAN JUAN DE DIOS
4457-17-LE25;CONTRATO SERVICIO EXAMENES PROG. IMG. DIAG.;LE;Publicada y disponible para ofertar;17/04/2025 11:30:00;CONTRATO SERVICIO DE EXAMENES DE PROGRAMA IMAGENES DIAGNOSTICA EN APS. MAMOGRAFIA, PROYECCIONES MAMARIAS Y RADIOGRAFIA DE TORAX SOLICITUD DE ADQUISICIONES N 63 ID DOC 852194 DE FECHA 09.04.2025 SOLICITUD DE ADQUISICIONES N 65 ID DOC 852318 DE FECHA 09.304.2025 DE LA DIRECCION CESFAM .;CLP;PUBLICADO;ESTIMADO;49.499.358;I MUNICIPALIDAD DE HUALQUI
2067-25-LE25;SERVICIO HABILITACIÓN ÁREAS DE JUEGOS INFANTILES;LE;Publicada y disponible para ofertar;30/04/2025 10:18:39;La Dirección del ESTABLECIMIENTO HOSPITAL DR. EDUARDO GONZALEZ GALENO DE CUNCO requiere la contratación de “SERVICIO HABILITACIÓN ÁREAS DE JUEGO INFANTILES DEL HOSPITAL DE CUNCO”.  Para este efecto, se convoca a la presente licitación y se invita a los oferentes del área, que estén en condiciones de satisfacer la demanda que luego se indica, a presentar ofertas.;CLP;PUBLICADO;DISPONIBLE;8.000.000;SERVICIO SALUD ARAUCANIA SUR HOSPIT DR EDUARDO GONZALEZ GALENO CUNCO
1057055-53-LE25;MES SUMINISTRO DE MEDICAMENTO LEVOTIROXINA 100 MCG ;LE;Publicada y disponible para ofertar;30/04/2025 09:42:57;El objetivo de la Propuesta es el SUMINISTRO DE MEDICAMENTO LEVOTIROXINA 100 MCG para el Hospital Clínico San Borja Arriarán, solicitados en las especificaciones técnicas, en concordancia con las Bases Administrativas, Técnicas, Formularios, aclaraciones y otros documentos que pudieran formularse en el transcurso de la licitación.  Se entenderá que todo proveedor conoce y acepta irrevocablemente el contenido de estas Bases, por el solo hecho de presentar ofertas en este proceso de licitación ;CLP;NO PUBLICADO;ESTIMADO;Entre 100 y 1000 UTM;SERV SALUD METROPOLITANO CENTRAL HOSPITAL CLINICO SAN BORJA ARRIARAN
1549-57-LE25;ADQ. DE INSUMOS PARA LA UNIDAD DE LABORATORIO CLIN;LE;Publicada y disponible para ofertar;30/04/2025 10:32:00;De acuerdo con lo establecido en la Resolución Exenta N°410, de fecha 31 de enero de 2025, que aprueba Plan Anual de Compras y Contrataciones año 2025 para el Complejo Hospitalario San José, se requiere adquisición de insumos clínicos;CLP;NO PUBLICADO;DISPONIBLE;Entre 100 y 1000 UTM;SERVICIO DE SALUD METROPOLITANA NORTE HOSPITAL SAN JOSE
813-48-LR25;SERVICIOS DE MESA DE AYUDA. E1O2RT9.;LR;Publicada y disponible para ofertar;23/04/2025 12:40:13;Contratación de los servicios de mesa de ayuda, soporte usuario, plataforma y mantención de equipamiento computacional e impresoras, con el objetivo de dar continuidad operativa fundamental compuesta del soporte, mantenimiento y la solución de las posibles problemáticas que la Institución va a requerir por el periodo de 12 (doce), meses y para asegurar el correcto funcionamiento de los equipos computacionales y sistemas con que trabajan actualmente los funcionarios de ISP.;CLP;PUBLICADO;DISPONIBLE;528.000.000;INSTITUTO DE SALUD PUBLICA DE CHILE
2126-78-LP25;ADQUISICION DE PROCESADOR DE TEJIDO Y DERMATOMO SUBT.29;LP;Publicada y disponible para ofertar;30/04/2025 16:50:08;contar con equipamiento médico para el Hospital, determinada en el “CONVENIO DE ADQUISICIÓN DE PROCESADOR DE TEJIDO Y DERMATOMO PARA EL HOSPITAL SAN PABLO DE COQUIMBO”, asegurando la adquisición de los equipos médicos especializados de alta calidad y tecnología.;CLP;PUBLICADO;DISPONIBLE;121.499.000;SERVICIO DE SALUD COQUIMBO HOSPITAL DE COQUIMBO
1057474-16-LR25;SERVICIOS DE EXÁMENES Y PROCEDIMIENTOS DIAGNÓSTICO;LR;Publicada y disponible para ofertar;30/04/2025 11:12:49;SERVICIOS DE EXÁMENES Y PROCEDIMIENTOS DIAGNÓSTICOS PARA PACIENTES EN LISTA DE ESPERA NO GES, HOSPITAL SAN JOSÉ, SERVICIO DE SALUD METROPOLITANO NORTE;CLP;NO PUBLICADO;ESTIMADO;Igual o superior a 5.000 UTM;SERVICIO DE SALUD METROPOLITANO NORTE
1057496-18-LE25;MANTENIMIENTO DE REFRIGERADORES CLÍNICOS HSLBP;LE;Publicada y disponible para ofertar;22/04/2025 12:54:54;MANTENIMIENTO DE REFRIGERADORES CLÍNICOS PARA EL HOSPITAL SAN LUIS DE BUIN-PAINE;CLP;NO PUBLICADO;DISPONIBLE;Entre 100 y 1000 UTM;SERVICIO DE SALUD SUR HOSPITAL SAN LUIS
1057508-34-LE25;ADQUISICIÓN DE INSUMOS ASOCIADOS AL PROGRAMA APOYO ADHERENCIA FOFAR;LE;Publicada y disponible para ofertar;22/04/2025 15:43:43;El Servicio de Salud Ñuble requiere adquirir insumos asociados al Programa Apoyo Adherencia FOFAR, de acuerdo a las presentes bases administrativas y técnicas y sus respectivos anexos.  PRODUCTO	 CANTIDAD 	VALOR TOTAL IVA INCLUIDO PASTILLERO 1 TOMA	1000	$ 598.800 PASTILLERO 2 TOMA	1500	$ 1.178.100 PASTILLERO 3 TOMA	2000	$ 2.118.200 PASTILLERO 4 TOMAS	1000	$ 1.130.500 ESTUCHES ALUMINIZADOS CON GEL PACK	2000	$ 1.261.400 CORTADOR DE MEDICAMENTO	1000	$ 713.000 VALOR TOTAL DISPONIBLE (IMPTO INC.)		$ 7.000.000  El presente proceso de licitación pública se regirá por los dispuesto en la Ley Nº19.886 y su Reglamento aprobado por Decreto Supremo N°661 de 2024 del Ministerio de Hacienda y sus posteriores modificaciones, la ley 21.6234 del 2023, que moderniza la Ley 19.886 de compras públicas, lo dispuesto en las presentes bases administrativas y anexos, las respuestas y aclaraciones que procedan, y las modificaciones efectuadas por la resolución respectiva. ;CLP;NO PUBLICADO;ESTIMADO;Entre 100 y 1000 UTM;SERVICIO DE SALUD NUBLE
3507-8-LE25;LENTES UAPO;LE;Publicada y disponible para ofertar;30/04/2025 16:19:11;El Departamento de Salud Municipal de Calbuco necesita adquirir lentes para entregar a pacientes atendidos en la UAPO.;CLP;PUBLICADO;DISPONIBLE;31.000.000;I MUNICIPALIDAD DE CALBUCO
601-8-LR25;ARRIENDO PLATAFORMA VIRTUAL DE SERVIDORES;LR;Publicada y disponible para ofertar;30/04/2025 12:58:56;La Superintendencia de Salud, en adelante e indistintamente “Superintendencia”, convoca a Licitación Pública a las personas naturales y jurídicas para que participen y presenten propuestas en el presente proceso de licitación de esta Entidad administrada a través del Portal de Mercado Público para la contratación de ARRIENDO PLATAFORMA VIRTUAL DE SERVIDORES Y BASE DE DATOS SYBASE IQ, por un periodo de 36 meses.;CLP;NO PUBLICADO;DISPONIBLE;Igual o superior a 5.000 UTM;SUPERINTENDENCIA DE SALUD
750998-15-LP25;MANTENCIÓN EQUIPO DE RX SAR COMUNAL;LP;Publicada y disponible para ofertar;30/04/2025 17:48:42;El Departamento de Salud Municipal de Lo Espejo, con el objetivo de garantizar una atención de salud de calidad y oportuna a todos los usuarios del SAR Julio acuña Pinzón requiere la contratación de un servicio especializado de mantenimiento preventivo y correctivo para el equipo de rayos X.  Dado que el equipo de radiografía es el único disponible para toda la comuna y es fundamental para el diagnóstico y tratamiento de diversas patologías, especialmente en campañas de invierno, resulta de vital importancia asegurar su correcto funcionamiento y prolongar su vida útil a través de una licitación pública que asegure el servicio de mantenimiento en el periodo de contrato.;CLP;NO PUBLICADO;DISPONIBLE;Igual o superior a 1.000 UTM e inferior a 2.000 UTM;I MUNICIPALIDAD DE LO ESPEJO
617807-50-LQ25;“ADQUISICIÓN DE TORRE DE LAPAROSCOPIA PARA EL HOSPITAL SAN JUAN DE DIOS DE LOS ANDES” ;LQ;Publicada y disponible para ofertar;28/04/2025 16:56:43;	Seleccionar un Proveedor reconocido, experto, calificado en el mercado por producto solicitado, de manera que entregue seguridad y confianza en la ejecución de procedimientos hospitalarios en la “ADQUISICIÓN DE TORRE DE LAPAROSCOPIA PARA EL HOSPITAL SAN JUAN DE DIOS DE LOS ANDES”.  	Contar con productos solicitados por funcionarios del Establecimiento de manera que cuenten con los requerimientos técnicos estipulados en las presentes bases, y así garantizar el correcto funcionamiento en las prestaciones de salud. ;CLP;NO PUBLICADO;ESTIMADO;Igual o superior a 2.000 UTM e inferior a 5.000 UTM ;SERV NAC SALUD HOSPITAL DE LOS ANDES
1057536-23-LR25;EQUIPOS PARA CESFAM ANGELMO;LR;Publicada y disponible para ofertar;09/04/2025 11:58:00;EQUIPOS PARA CESFAM ANGELMO;CLP;NO PUBLICADO;DISPONIBLE;Igual o superior a 5.000 UTM;SERVICIO SALUD DEL RELONCAVI
1057414-10-LE25;ADQUISICIÓN DE INSUMOS PROGRAMA TBC 2025;LE;Publicada y disponible para ofertar;24/04/2025 17:02:08;Mediante la presente, se pretende establecer las disposiciones que regirán la adquisición de agitadores de muestras y determinaciones con entrega de artículos de laboratorio para el Programa TBC año 2025, para la realización de exámenes en el Complejo Asistencial “Dr. Víctor Ríos Ruiz”, los cuáles serán detallados en el punto B de las presentes bases.;CLP;NO PUBLICADO;DISPONIBLE;Entre 100 y 1000 UTM;SERVICIO DE SALUD BIO BIO
1057514-4-LE25;ADQUISICIÓN DE UNIFORMES ;LE;Publicada y disponible para ofertar;11/04/2025 14:22:00;El Hospital Comunitario de Salud Familiar de El Carmen, con domicilio en Calle Isabel Riquelme 448, comuna de El Carmen, requiere adquirir uniformes con el objetivo de suministrar uniformes a funcionarios contratados y titulares de las plantas administrativa, auxiliar y técnica del Hospital. Esto se realizará garantizando la calidad, comodidad y seguridad de las prendas, dentro del presupuesto. ;CLP;NO PUBLICADO;ESTIMADO;Entre 100 y 1000 UTM;SERVICIO DE SALUD NUBLE HOSPITAL DE EL C
2107-53-LP25;MANT EQUIPOS DE RAYOS X ENDOSCOPIA Y VENTILADOR;LP;Publicada y disponible para ofertar;14/04/2025 13:06:20;El Hospital Santa Cruz, Hospital Santa Cruz, como establecimiento de salud requiere suscribir un convenio de mantención preventiva y correctiva a equipamiento de sección imagenologia, endoscopia y uci, con el objeto de resguardar su funcionamiento en todo momento, procurando mantener dicho equipamiento en óptimas condiciones de acuerdo a la calendarización propuesta.;CLP;NO PUBLICADO;ESTIMADO;Igual o superior a 1.000 UTM e inferior a 2.000 UTM;SERVICIO DE SALUD HOSPITAL DE SANTA CRUZ
617807-49-LE25;“ADQUISICIÓN DE NASOFIBROSCOPIO PARA EL HOSPITAL SAN JUAN DE DIOS DE LOS ANDES” ;LE;Publicada y disponible para ofertar;29/04/2025 10:15:43;	Seleccionar un Proveedor reconocido, experto, calificado en el mercado por producto solicitado, de manera que entregue seguridad y confianza en la ejecución de procedimientos hospitalarios en la “ADQUISICIÓN DE NASOFIBROSCOPIO PARA EL HOSPITAL SAN JUAN DE DIOS DE LOS ANDES”.  	Contar con productos solicitado por funcionarios del Establecimiento de manera que cuenten con los requerimientos técnicos estipulados en las presentes bases, y así garantizar el correcto funcionamiento en las prestaciones de salud. ;CLP;NO PUBLICADO;ESTIMADO;Entre 100 y 1000 UTM;SERV NAC SALUD HOSPITAL DE LOS ANDES
1057496-20-LE25;MANTENIMIENTO DE CALDERAS HSLBP;LE;Publicada y disponible para ofertar;29/04/2025 16:54:43;MANTENIMIENTO DE CALDERAS PARA EL HOSPITAL SAN LUIS DE BUIN-PAINE;CLP;NO PUBLICADO;DISPONIBLE;Entre 100 y 1000 UTM;SERVICIO DE SALUD SUR HOSPITAL SAN LUIS
2710-24-LP25;SERV DE MAMOGRAFIA Y ECOTOMOGRAFIA MAMARIA 2025;LP;Publicada y disponible para ofertar;22/04/2025 09:50:18;SERV DE MAMOGRAFIA Y ECOTOMOGRAFIA MAMARIA 2025 PARA PROGRAMA DE IMAGENES DIAGNOSTICAS, SEGÚN SOLICITUD N 24-2025 DE UNIDAD DE CONVENIOS.;CLP;PUBLICADO;ESTIMADO;126.485.100;MUNICIPALIDAD DE OVALLE
1057496-19-LE25;MANT. DE EQUIPOS DE REFRIGERACIÓN MULTIMARCAS HSLB;LE;Publicada y disponible para ofertar;22/04/2025 13:38:37;MANTENIMIENTO DE EQUIPOS DE REFRIGERACIÓN MULTIMARCAS PARA EL HOSPITAL SAN LUIS DE BUIN-PAINE;CLP;NO PUBLICADO;DISPONIBLE;Entre 100 y 1000 UTM;SERVICIO DE SALUD SUR HOSPITAL SAN LUIS
1293138-11-LQ25;ADQUISICION ESPECIAL.OFTALMOL. OTORRI. FONOAU CAE2;LQ;Publicada y disponible para ofertar;11/04/2025 13:18:37;Necesidad del Servicio de Salud Occidente para la Implementación del Proyecto Reposición con Relocalización Hospital San José de Melipilla.;CLP;NO PUBLICADO;ESTIMADO;Igual o superior a 2.000 UTM e inferior a 5.000 UTM ;SERVICIO SALUD METROPOLITANO OCCIDENTE
2410-197-LQ24;Suministro de insumos dentales;LQ;Publicada y disponible para ofertar;16/04/2025 17:05:56;Se requiere suministro de insumos dentales para abastecer las necesidades de los Centros de Salud, y así mantener la continuidad de las atenciones dentales de la Comuna de Los Ángeles.;CLP;PUBLICADO;DISPONIBLE;300.000.000;I MUNICIPALIDAD DE LOS ANGELES
507428-78-LE25;ADQUISICIÓN DE EQUIPAMIENTO DE REHABILITACIÓN PARA EL NUEVO HOSPITAL COMUNITARIO DE QUEILEN;LE;Publicada y disponible para ofertar;23/04/2025 16:34:43;El Servicio de Salud Chiloé requiere la adquisición de Equipamiento de Rehabilitación para el Nuevo Hospital Comunitario de Queilen.;CLP;NO PUBLICADO;ESTIMADO;Entre 100 y 1000 UTM;SERVICIO DE SALUD CHILOE
2107-65-LE25;CONVENIO DE INFOMES DE HOLTER DE PRESION ARTERIAL;LE;Publicada y disponible para ofertar;28/04/2025 08:34:16;El Hospital Santa Cruz, Hospital Santa Cruz, tiene la necesidad de establecer un convenio de informes de holter de arritmia y presión, en el entendido que se configura como cabecera de la micro área de las provincias de Colchagua y cardenal caro, con una población estimada de 132.000 Habitantes, región que presenta las mayores distancias físicas y dificultades de comunicación entre los distintos Hospitales y dispositivos de atención primaria de salud APS, abarcando todo el secano costero paredones, pichilemu, litueche y navidad, como consecuencia de la pandemia se aumentó el nivel de complejidad del Hospital , lo cual impacto en una mayor demanda, como ocurre con los Holter, aumentando los tiempos de resolución de su patología, por lo cual se busca una solución a través de la externalización de este tipo de prestación, lo que se traducen en afrontar prolongados tiempos de espera que impactan negativamente en el acceso oportuno, afectando indirectamente los indicadores de eficiencia hospitalaria,. En este sentido se hace necesario recurrir a efectuar compra de servicio de informes de Holter a fin de reducir los tiempos de diagnóstico y acceso.;CLP;NO PUBLICADO;ESTIMADO;Entre 100 y 1000 UTM;SERVICIO DE SALUD HOSPITAL DE SANTA CRUZ
4083-12-LE25;Adquisición de Medicamentos;LE;Publicada y disponible para ofertar;29/04/2025 16:42:10;El objetivo de la presente licitación pública es la ADQUISICION DE MEDICAMENTOS para Establecimientos de Salud del Departamento de Salud de la Municipalidad de Cabrero, según NP Nº218, 280 “Presupuesto”, NP Nº273 “Programa Resolutividad-UAPO” de acuerdo a las Bases Administrativas, Bases Técnicas y los Anexos que regulan este proceso licitatorio. El llamado correspondiente se efectuará a través del sistema de compras y contrataciones públicas contenido en la Ley 19.886 y su Reglamento, a través de la plataforma de la Dirección de Compras Públicas, cuya dirección es http://www.mercapublico.cl en adelante el “Portal”.  ;CLP;NO PUBLICADO;DISPONIBLE;Entre 100 y 1000 UTM;I MUNICIPALIDAD DE CABRERO
1079650-10-LE25;CASILLERO INTELIGENTE PARA CESFAM VÍCTOR MANUEL F.;LE;Publicada y disponible para ofertar;29/04/2025 15:36:01;El CESFAM Victor Manuel Fernández requiere la adquisición de un Casillero inteligente para la dispensación de medicamentos en CESFAM Victor Manuel Fernández, Incluye Computador All in One, Capacitación y Traslado, según especificaciones técnicas adjuntas.;CLP;NO PUBLICADO;DISPONIBLE;Entre 100 y 1000 UTM;SERVICIO DE SALUD CONCEPCION
2200-16-LE25;CONTRATACIÓN DE SEGUROS PARA 21 VEHÍCULOS DE EMERGENCIA SAMU ACONCAGUA;LE;Publicada y disponible para ofertar;21/04/2025 14:45:00;1.	El Servicio de Salud Aconcagua requiere contratar a través de convenio suministro por 12 meses, seguros para 21 vehículo de emergencia para  SAMU Aconcagua.   2.	La Solicitud de Compra N°29, Oficio Partes N°133 (Interno N°165), presentada por la Referente Técnico SAMU Aconcagua, fue debidamente aprobada y autorizada por el Jefe de SAMU Aconcagua, la Subdirectora de Gestión Asistencial,  el Subdirector de Recursos Físicos y Financieros y el Jefe del Departamento de Finanzas, quienes respaldan la contratación de 21 seguros para vehículos de emergencia.  3.	Que, en cumplimiento de la normativa vigente en compras públicas, se revisó el Catálogo Electrónico de Convenio Marco y se constató que los producto(s) y/o servicio(s)  requeridos no se encuentran disponibles en dicho catálogo.  4.	Que, según lo establecido en el reglamento, los organismos de la administración del Estado deberán adjudicar los contratos celebrados para la adquisición de producto(s) o contratación de servicio(s) mediante licitación pública, cuando no sea procedente el mecanismo de Convenio Marco, o bien, de forma excepcional, mediante licitación privada, trato directo u otro procedimiento especial de contratación    5.	Que, en cumplimiento a lo dispuesto la ley N°19.886  y su reglamento aprobado por Decreto 661 del 2024 del Ministerio de Hacienda, se confeccionan las Bases que se aprueban en este acto, que observan los principios de libre concurrencia de los oferentes al llamado administrativo y de igualdad que rigen los procedimientos concursales, y cumplen con los requerimientos técnicos y jurídicos para verificar la realización de la presente licitación pública.  6.	Que, conforme a la naturaleza y monto de la contratación, esta licitación se encuentra exenta del trámite de toma de razón, de acuerdo con lo establecido en la resolución N°36 del año 2025, ambas de la Contraloría General de la República    7.	Que, en consecuencia, y concurriendo los fundamentos requeridos por normativa legal y reglamentaria vigente  ;CLP;NO PUBLICADO;ESTIMADO;Entre 100 y 1000 UTM;SERVICIO DE SALUD ACONCAGUA
5051-35-LP25;CONVENIO DE PSICOTROPICOS CARDIOPLÉGIA Y OTROS MEDICAMENTOS;LP;Publicada y disponible para ofertar;25/04/2025 10:59:44;El objetivo de la presente licitación, es invitar a través de www.mercadopublico.cl a todos los proveedores del rubro a participar de la adquisición de CONVENIO DE PSICOTROPICOS, CARDIOPLÉGIA Y OTROS MEDICAMENTOS, necesario para la atención directa a pacientes clínico en el servicios del Hospital Regional de Talca y bajo las especificaciones técnicas requeridas por la Institución con el fin de seleccionar la oferta más conveniente de acuerdo a los criterios de evaluación, asegurando el abastecimiento en calidad y oportunidad, satisfaciendo así la demanda de los usuarios por un periodo de 24 meses.  ;CLP;NO PUBLICADO;DISPONIBLE;Igual o superior a 1.000 UTM e inferior a 2.000 UTM;SERVICIO DE SALUD DEL MAULE HOSPITAL DE TALCA
1057422-11-LE25;ADQ. CONVENIO TRANSPORTE 4X4 PARA EL HOSPITAL DE Y;LE;Publicada y disponible para ofertar;25/04/2025 11:48:10;Mediante la presente, se pretende proveer servicios de transporte para el Hospital de la Familia y Comunidad de Yumbel, requeridas mediante solicitud de adquisición N°51.245 emitida por Vairon Valenzuela, Enfermero Gestor de casos oncológicos del Hospital de Yumbel, Solicitud de Adquisición 52.124, emitida por Angelica Pascual, Enfermera Coordinadora del Hospital de Yumbel, quienes solicitan gestionar a través del portal www.mercadopublico.cl la adquisición de convenio servicio de movilización para personal de salud para diferentes programas del Hospital de la Familia y Comunidad de Yumbel.  Las presentes Bases administrativas, técnicas y formularios se aplicarán a la propuesta publica para contratar “ADQUISICION CONVENIO SERVICIO DE MOVILIZACION PARA PERSONAL DE SALUD PARA DIFERENTES PROGRAMAS DEL HOSPITAL DE LA FAMILIA Y COMUNIDAD DE YUMBEL”;CLP;PUBLICADO;DISPONIBLE;57.087.000;SERVICIO DE SALUD BIO BIO HOSPITAL DE YU
1079650-8-LP25;Adquisición ecógrafo imagenología para HGGB;LP;Publicada y disponible para ofertar;22/04/2025 11:09:39;Adquisición ecógrafo imagenología para HGGB;CLP;NO PUBLICADO;ESTIMADO;Igual o superior a 1.000 UTM e inferior a 2.000 UTM;SERVICIO DE SALUD CONCEPCION
1395-16-LQ25;SERV. MANTENCIÓN PREVENTIVA Y CORRECTIVA VEHICULOS;LQ;Publicada y disponible para ofertar;23/04/2025 09:38:53;El Servicio de Salud Coquimbo llama a Licitación Pública, a través del Portal Mercado Público, para contratar servicio de mantenciones preventivas y correctivas de vehículos de la Dirección del Servicio de Salud Coquimbo y del SAMU, con el fin de garantizar que los vehículos operen de manera eficiente, segura y rentable.;CLP;NO PUBLICADO;DISPONIBLE;Igual o superior a 2.000 UTM e inferior a 5.000 UTM ;SERVICIO DE SALUD COQUIMBO
507428-49-LR25;COLUMNAS DESTINADAS A SERVCIOS VARIOS PARA EL PROYECTO NHA;LR;Publicada y disponible para ofertar;02/04/2025 12:16:00;Adquisición de bienes para el Proyecto Normalización Hospital de Ancud ;CLP;NO PUBLICADO;ESTIMADO;Igual o superior a 5.000 UTM;SERVICIO DE SALUD CHILOE
2200-17-LE25;SERVICIO DE ARRIENDO DE 21 EQUIPOS DE GPS - PLATAFORMA DE GESTIÓN DE FLOTA Y PLAN DE DATOS - SAMU ACONCAGUA;LE;Publicada y disponible para ofertar;21/04/2025 14:45:21;1.	El Servicio de Salud Aconcagua requiere contratar a través de convenio suministro por 12 meses, Arriendo de 21 Equipo de GPS – Plataforma de Gestión de Flota y Plan de Datos para SAMU Aconcagua.   2.	La Solicitud de Compra N°25, Oficio Partes N°125 (Interno N°156), presentada por la Referente Técnico SAMU Aconcagua, fue debidamente aprobada y autorizada por el Jefe de SAMU Aconcagua, la Subdirectora de Gestión Asistencial,  el Subdirector de Recursos Físicos y Financieros y el Jefe del Departamento de Finanzas, quienes respaldan la contratación de 21 seguros para vehículos de emergencia.  3.	Que, en cumplimiento de la normativa vigente en compras públicas, se revisó el Catálogo Electrónico de Convenio Marco y se constató que los producto(s) y/o servicio(s)  requeridos no se encuentran disponibles en dicho catálogo.  4.	Que, según lo establecido en el reglamento, los organismos de la administración del Estado deberán adjudicar los contratos celebrados para la adquisición de producto(s) o contratación de servicio(s) mediante licitación pública, cuando no sea procedente el mecanismo de Convenio Marco, o bien, de forma excepcional, mediante licitación privada, trato directo u otro procedimiento especial de contratación    5.	Que, en cumplimiento a lo dispuesto la ley N°19.886  y su reglamento aprobado por Decreto 661 del 2024 del Ministerio de Hacienda, se confeccionan las Bases que se aprueban en este acto, que observan los principios de libre concurrencia de los oferentes al llamado administrativo y de igualdad que rigen los procedimientos concursales, y cumplen con los requerimientos técnicos y jurídicos para verificar la realización de la presente licitación pública.  6.	Que, conforme a la naturaleza y monto de la contratación, esta licitación se encuentra exenta del trámite de toma de razón, de acuerdo con lo establecido en la resolución N°36 del año 2025, ambas de la Contraloría General de la República    7.	Que, en consecuencia, y concurriendo los fundamentos requeridos por normativa legal y reglamentaria vigente  ;CLP;NO PUBLICADO;ESTIMADO;Entre 100 y 1000 UTM;SERVICIO DE SALUD ACONCAGUA
1079650-11-LE25;EQUIPO DLCO - COLDAS HGGB;LE;Publicada y disponible para ofertar;29/04/2025 14:44:15;El Hospital Guillermo Grant Benavente requiere la adquisición de un equipo DCLO, según especificaciones técnicas adjuntas. ;CLP;NO PUBLICADO;ESTIMADO;Entre 100 y 1000 UTM;SERVICIO DE SALUD CONCEPCION
1079650-7-LP25;Adquisición monitores multiparámetros para HGGB;LP;Publicada y disponible para ofertar;16/04/2025 17:10:03;Adquisición monitores multiparámetros para HGGB;CLP;NO PUBLICADO;ESTIMADO;Igual o superior a 1.000 UTM e inferior a 2.000 UTM;SERVICIO DE SALUD CONCEPCION
1057544-137-LE25;CONTRATACIÓN DE SERVICIOS PARA CURSOS DE CAPACITACIÓN DE MÚLTIPLES DISCIPLINAS Y CONTENIDOS;LE;Publicada y disponible para ofertar;24/04/2025 11:21:13;1.	La necesidad del establecimiento de contar con la CONTRATACIÓN DE SERVICIOS PARA CURSOS DE CAPACITACIÓN DE MÚLTIPLES DISCIPLINAS Y CONTENIDOS, para los funcionarios del Hospital las Higueras de Talcahuano, a solicitud de la unidad de Capacitación, Formación y Gestión del Talento, del establecimiento.  2.	Que, revisado el catálogo electrónico del Portal Mercado Público, no se encontraron dichos servicios.  3.	Que, existe disponibilidad presupuestaria y que no se encuentran disponibles dichos servicios en modalidad de Convenio marco vigente de plataforma Mercado Público.  4.	Que, se ha estimado que el contrato no excederá de las 10.000 UTM, por lo cual no requiere de toma de razón. 5.	Que, existen en el Mercado proveedores que ofrecen los servicios requeridos y a los que se desea acceder ;CLP;NO PUBLICADO;ESTIMADO;Entre 100 y 1000 UTM;SERVICIO DE SALUD DE TALCAHUANO HOSPITAL
2069-54-LR25;PSD-SERV. RES. QX. TRAUMA EXTREMIDADES SUPERIOR;LR;Publicada y disponible para ofertar;31/03/2025 16:05:00;El Hospital Barros Luco Trudeau, Establecimiento Autogestionado en Red, perteneciente a la Red Asistencial del Servicio de Salud Metropolitano Sur, tiene a su cargo la satisfacción de las necesidades de atenciones de salud contempladas para los beneficiarios de la Ley Nº18.469, provenientes de comunas asignadas a su territorio.  Que por la gran cantidad de usuarios y el aumento de la población beneficiaria y en especial aquellas que padecen patologías traumatológicas que requieren resolución quirúrgica y que permita mejorar la calidad de vida y funcionalidad de los pacientes, lo que se ha visto dificultado debido a que la demanda supera la capacidad disponible tanto en infraestructura como en los recursos humanos, como también por la saturación de camas con cupos de especialidad quirúrgica en desmedro de otros pacientes con otras patologías de alta complejidad.  En este contexto, resulta imprescindible que este Hospital, considerando las largas estadías de pacientes en espera de intervenciones quirúrgicas, adopte las medidas que permitan otorgar una atención continua y oportuna a nuestros pacientes.  Los servicios contratados comprenderán la Resolución quirúrgica de patologías traumatológicas de extremidades superiores, para lo cual el proveedor se compromete a aportar la totalidad del equipo quirúrgico tanto profesional, técnico como auxiliar para ello.  Los servicios deberán ser prestados en dependencias del Hospital Barros Luco Trudeau, los días que previamente se acuerden y fuera de horario institucional, siendo todos los costos de traslado y alimentación asociados a la prestación de servicios que fueren procedentes, serán de exclusivo cargo del proveedor.;CLP;NO PUBLICADO;ESTIMADO;Igual o superior a 5.000 UTM;SERVICIO DE SALUD METROPOLITANO SUR HOSP
555580-1-LQ25;Plan Complementario de Salud Vida y Catastrófico ;LQ;Publicada y disponible para ofertar;29/04/2025 17:34:35;El objetivo de la presente contratación es Contratar los servicios de un Plan Complementario de Salud, Vida y Catastrófico para 263 afiliados del Servicio de Bienestar y 189 causantes de asignación familiar vigentes, con una cobertura desde el 1062025 y hasta el 31052027, a fin de garantizar la continuidad del sistema de reembolso de salud otorgado como beneficio por el Servicio de Bienestar. E1O2RT9.;CLF;NO PUBLICADO;DISPONIBLE;Igual o superior a 2.000 UTM e inferior a 5.000 UTM ;SERVICIO DE EVALUACION AMBIENTAL
2790-36-E225;SISTEMA DE BOTONES DE PÁNICO;E2;Publicada y disponible para ofertar;24/04/2025 16:05:00;SERVICIO DE ADQUISICIÓN E INSTALACIÓN Y MANTENCIÓN DE UN SISTEMA DE BOTONES DE PÁNICO PARA LOS ESTABLECIMIENTOS DE SALUD DE LA COMUNA  SC N77 13.03.2025;CLP;NO PUBLICADO;DISPONIBLE;Inferior a 100 UTM;I MUNICIPALIDAD DE PAINE
4559-34-L125;CONVENIO SUMINISTRO COFFE BREAK;L1;Publicada y disponible para ofertar;24/04/2025 12:03:10;COMPRA DEL SERVICIO  SUMINISTRO COFFE BREAK CURSOS PAC;CLP;NO PUBLICADO;ESTIMADO;Menor a 100 UTM;I MUNICIPALIDAD DE LOS ALAMOS DEPTO COMUNAL
4378-11-L125;Convenio Laboratorio Prótesis;L1;Publicada y disponible para ofertar;29/04/2025 11:07:45;Convenio Laboratorio Prótesis;CLP;NO PUBLICADO;DISPONIBLE;Menor a 100 UTM;I MUNICIPALIDAD DE SAN ROSENDO
585-3-LE25;Licitación Seguros Generales Sercotec 2025-2026;LE;Publicada y disponible para ofertar;25/04/2025 15:22:30;E1O2RT9 Según punto, 1.2.1 Objetivos de la contratación ;UF;PUBLICADO;DISPONIBLE;900,0000;SERVICIO DE COOPERACION TECNICA
898-63-LE25;INSTRUMENTAL LAPAROSCOPIA;LE;Publicada y disponible para ofertar;21/04/2025 17:38:52;INSTRUMENTAL LAPAROSCOPIA;CLP;NO PUBLICADO;ESTIMADO;Entre 100 y 1000 UTM;SERVICIO DE SALUD VALPARAISO SAN ANTONIO
4559-33-LE25;CANASTA INTEGRAL CLIMATERIO;LE;Publicada y disponible para ofertar;23/04/2025 11:00:20;EJECUCIÓN PROGRAMA DE RESOLUTIVIDAD LOS ÁLAMOS 2025;CLP;NO PUBLICADO;DISPONIBLE;Entre 100 y 1000 UTM;I MUNICIPALIDAD DE LOS ALAMOS DEPTO COMUNAL
3710-22-L125;CTTO. SUM. MOVILIZACIÓN PROG.PESPI;L1;Publicada y disponible para ofertar;25/04/2025 16:24:49;CTTO. SUM. MOVILIZACIÓN PROG.PESPI SP-01/PESPI;CLP;PUBLICADO;DISPONIBLE;6.800.000;I MUNICIPALIDAD DE VICTORIA
2026-58-LP25;AMPLIACIÓN FONOAUDIOLOGIA HOSPITAL GERIATRICO;LP;Publicada y disponible para ofertar;14/04/2025 16:58:58;El Servicio de Salud Viña del Mar Quillota en adelante el Servicio, en su calidad de Mandante, hace un llamado para contratar el servicio de Licitación Ampliación Fonoaudiología Hospital Geriátrico;CLP;NO PUBLICADO;ESTIMADO;Igual o superior a 1.000 UTM e inferior a 2.000 UTM;SERVICIO SALUD VINA DEL MAR QUILLOTA
1057489-165-LE25;Convenio de Suministro de Insumos para Vía Aérea Difícil por 36 meses para Hospital del Salvador ;LE;Publicada y disponible para ofertar;23/04/2025 13:30:00;Que, el Hospital del Salvador necesita contar con un Convenio de Suministro de Insumos para Vía Aérea Difícil por 36 meses para Hospital del Salvador con la finalidad de satisfacer de manera adecuada y eficiente la labor asistencial    Que, por la cuantía determinada, la presente licitación se ubica en el tramo para aquellas contrataciones iguales o superiores a 100 UTM e inferiores a 1.000 UTM, en conformidad al Artículo 36º del Reglamento de la Ley Nº19.886   Que, hechas las consultas respectivas, la provisión de Convenio de Suministro de Insumos para Vía Aérea Difícil por 36 meses para Hospital del Salvador no se encuentra disponible por Convenio Marco ofrecidos en el Sistema de Información de la Dirección de Compras, www.mercadopublico.cl   Que, esta compra está vinculada al proyecto 1057489-127-PC25/PABELLON VARIOS, correspondiente al plan anual de compras del año 2025  ;CLP;PUBLICADO;ESTIMADO;22.353.430;SERVICIO DE SALUD ORIENTE HOSPITAL DEL SALVADOR
1947-88-LE25;810 CONTRATACIÓN DEL SERVICIO DE ARRIENDO DE CAMILLAS DE TRANSPORTE PARA LA UNIDAD DE EMERGENCIA DEL HOSPITAL DE NIÑOS DR. ROBERTO DEL RÍO [NJD];LE;Publicada y disponible para ofertar;22/04/2025 15:47:00;El Hospital de Niños Dr. Roberto del Rio para dar cumplimiento a las funciones, requiere la CONTRATACIÓN DEL SERVICIO DE ARRIENDO DE CAMILLAS DE TRANSPORTE PARA LA UNIDAD DE EMERGENCIA, por un periodo de 12 MESES.;CLP;NO PUBLICADO;DISPONIBLE;Entre 100 y 1000 UTM;SERVICIO DE SALUD NORTE HOSPITAL ROBERTO DEL RIO
652-21-LE25;INSUMOS COMPUTACIONALES;LE;Publicada y disponible para ofertar;23/04/2025 10:38:58;SE REQUIEREN ADQUIRIR INSUMOS COMPUTACIONALES PARA REPARACIÓN Y ARMADO DE COMPUTADORES PARA DEPTO. TIC DSSA. SEGÚN EE.TT. ADJUNTAS;CLP;NO PUBLICADO;DISPONIBLE;Entre 100 y 1000 UTM;SERVICIO DE SALUD ARAUCO
1296107-5-LR25;Proyecto de “Conservación Escuela Alla Kintuy- Quellón” ;LR;Publicada y disponible para ofertar;20/04/2025 17:11:36;Ejecución del proyecto denominado “Conservación Escuela Alla Kintuy- Quellón”;CLP;PUBLICADO;DISPONIBLE;472.500.000;Corporación Municipal de Quellón
1057540-45-LE25;“CONVENIO DE REACTICVOS E INSUMOS  CLINICOS DE LA UMT DEL LABORATORIO CLINICO DEL HOSPITAL PENCO LIRQUÉN”;LE;Publicada y disponible para ofertar;21/04/2025 13:11:33;“CONVENIO DE REACTICVOS E INSUMOS  CLINICOS DE LA UMT DEL LABORATORIO CLINICO DEL HOSPITAL PENCO LIRQUÉN”;CLP;PUBLICADO;DISPONIBLE;60.000.000;SERVICIO SALUD TALCAHUANO HOSPITAL PENCO-LIRQUEN
2098-51-LP25;CONVENIO SUMINISTRO PAPELES GRADO MEDICO CON SELLADORA EN COMODATO PARA PARA ESTERILIZACIÓN PAC N°168 HRAV;LP;Publicada y disponible para ofertar;22/04/2025 11:17:00;CONVENIO SUMINISTRO PAPELES MEDICOS CON SELLADORA EN COMODATO PARA PARA ESTERILIZACIÓN HRAV ;CLP;NO PUBLICADO;DISPONIBLE;Igual o superior a 1.000 UTM e inferior a 2.000 UTM;SERVICIO NACIONAL DE SALUD HOSPITAL DE C
2069-80-LP25;LGR-SUM AGUJAS PARA ENDOSCOPIA HBLT;LP;Publicada y disponible para ofertar;28/04/2025 09:26:12;El objetivo de la presente licitación es contratar durante 24 (veinticuatro) meses el “SUMINISTRO DE AGUJAS PARA LA UNIDAD DE ENDOSCOPIA DEL HOSPITAL BARROS LUCO TRUDEAU”, con las características que se señalan en las Bases Técnicas, respecto a los procedimientos, términos y exigencias del suministro de los productos solicitados, que apoyen el correcto funcionamiento de este servicio y con esto responder a las necesidades del Hospital Barros Luco Trudeau.  Que, además para los fines precedentes, el (los) proveedor (es) que contraten, serán responsables de cumplir estricta y cabalmente con los requerimientos y especificaciones consagrados en los documentos de la presente licitación Sin perjuicio de lo anterior, el suministro a contratar deberá permitir la opción de ser ampliado o reducido, de acuerdo a las necesidades del Hospital, en consideración a la demanda variable del Hospital. ;CLP;NO PUBLICADO;ESTIMADO;Igual o superior a 1.000 UTM e inferior a 2.000 UTM;SERVICIO DE SALUD METROPOLITANO SUR HOSP
699866-59-LE25;Test panel filmarray de infeccion articulada;LE;Publicada y disponible para ofertar;25/04/2025 10:55:54;l objetivo de la presente licitación, es invitar a través de www.mercadopublico.cl a todos los proveedores del rubro a participar de la adquisición de Test panel filmarray de infección articular para el Hospital Regional de Talca necesario para la unidad de laboratorio del Hospital Regional de Talca por un periodo de 24 meses;CLP;NO PUBLICADO;ESTIMADO;Entre 100 y 1000 UTM;SERVICIO DE SALUD DEL MAULE HOSPITAL DE TALCA
617807-48-LQ25; “CONVENIO DE SUMINISTRO DE PROTESIS E IMPLANTES Y DERIVADOS PARA RODILLA” ;LQ;Publicada y disponible para ofertar;25/04/2025 10:41:50;Las presentes Bases Administrativas y Bases Técnicas tienen por objeto realizar “CONVENIO DE SUMINISTRO DE PROTESIS E IMPLANTES Y DERIVADOS PARA RODILLA” Para estos efectos, y a partir de las presentes Bases de Licitación, se establecen las disposiciones que regirán este proceso concursal.;CLP;NO PUBLICADO;ESTIMADO;Igual o superior a 2.000 UTM e inferior a 5.000 UTM ;SERV NAC SALUD HOSPITAL DE LOS ANDES
483-7-LP25;CONVENIO SUMINISTRO TARJETAS DE ALIMENTACION;LP;Publicada y disponible para ofertar;14/04/2025 16:12:00;La siguiente propuesta tiene por objetivo contratar el “CONV. SUMINISTRO TARJETA BENEFICIO ALIMENTACION”. El Hospital de Contulmo realiza llamado a licitación pública para requerir del beneficio de alimentación para la dotación de funcionarios del establecimiento, con el fin de comprar todos los productos de la categoría alimentos preparados y por preparar, así como bebestibles no alcohólicas, de acuerdo a las condiciones establecidas en las presentes bases administrativas, técnicas y sus anexos. -;CLP;PUBLICADO;DISPONIBLE;188.160.000;SERVICIO DE SALUD CONCEPCION ARAUCO HOSPITAL DE CONTULMO
2832-6-LE25;ADQUISICIÓN DE INSUMOS DENTALES PARA EL DEPARTAMEN;LE;Publicada y disponible para ofertar;29/04/2025 11:53:27;La Municipalidad de Quillota Departamento de Salud, en adelante, el “Departamento de Salud de Quillota”, confecciona las presentes Bases Administrativas y Técnicas con el objeto de adquirir insumos dentales necesarios para la atención de pacientes de la red.;CLP;NO PUBLICADO;DISPONIBLE;Entre 100 y 1000 UTM;I MUNICIPALIDAD DE QUILLOTA
1057509-145-CO25;CONVENIO COMPRA DE SERVICIOS DE ENFERMEROS Y TÉCNICOS PARAMÉDICOS PARA APOYO EN COLANGIOPANCREATOGRAFÍA RETRÓGRADA ENDOSCÓPICA GASTROSTOMÍA PERCUTÁNEA Y ENDOSCOPÍA DIGESTIVA ALTA DIAGNOSTICA Y TERAPÉUTICA fzv;CO;Publicada y disponible para ofertar;28/04/2025 16:44:08;El Hospital Clínico Herminda Martín de Chillán llama a Licitación Pública a través del Portal Mercado Público, para suscribir “Convenio Compra de Servicios de Enfermeros y Técnicos Paramédicos para Apoyo en Colangiopancreatografía Retrógrada Endoscópica, Gastrostomía Percutánea, y Endoscopía Digestiva Alta Diagnostica y Terapéutica” con el fin de asegurar la continuidad de la atención de los pacientes que requieran de exámenes o prestaciones quirúrgicas en la unidad de endoscopia, contando con los profesionales necesarios para dichas atenciones, por cuanto no es posible dar cobertura al servicio licitado con el recurso humano institucional, siendo necesario licitar estos servicios y así otorgar una atención oportuna y de calidad a pacientes dando cabal cumplimiento a protocolo clínico de la unidad licitante del Hospital Clínico Herminda Martín Se pretende obtener la mejor calidad y oportunidad en la prestación de los servicios a un precio conveniente.;CLP;PUBLICADO;ESTIMADO;55.672.000;HOSPITAL CLINICO HERMINDA MARTIN
1973-45-CO25;SERVICIO DE ALIMENTACION PERSONAL 4TO TURNO;CO;Publicada y disponible para ofertar;28/04/2025 12:04:38;Las presentes bases comprenden la contratación del Servicio de Alimentación para el Personal de Turno del CRSCO, de acuerdo con lo señalado en las Bases Técnicas, por un periodo de 24 meses.   Formarán parte integrante de estas bases sus eventuales aclaraciones, rectificaciones, enmiendas, formularios y sus anexos  todo ello debidamente publicado en el portal Mercado Público. Se entenderá que todo proveedor conoce y acepta irrevocablemente el contenido de estas Bases, por el solo hecho de presentar ofertas en este proceso de compra.  Déjese establecido que los requerimientos del servicio de retiro serán de flujo variable, no comprometiéndose el CRSCO a requerir una determinada cantidad de los mismos de manera periódica durante la vigencia del contrato.  Las características o especificaciones técnicas se evaluarán en base a la oferta que cumpla con los requisitos señalados en las bases y la idoneidad y calidad técnica del oferente, con el objeto de asegurar que el adjudicatario se ajuste a los requisitos que el CRSCO ha especificado para la ejecución del contrato licitado.  Formarán parte integrante de estas bases sus eventuales aclaraciones, rectificaciones, enmiendas, formularios y sus anexos  todo ello debidamente publicado en el portal Mercado Público.;CLP;PUBLICADO;ESTIMADO;28.000.000;CENTRO DE REFERENCIA DE SALUD DE PENALOLEN CORDILLERA ORIENTE
2773-23-LE25;SUMINISTRO DE OXÍGENO DOMICILIARIO POR 12 MESES;LE;Publicada y disponible para ofertar;30/04/2025 08:54:10;La Ilustre Municipalidad de Chiguayante, a través de su Departamento de Administración de Salud, requiere la contratación del suministro de oxígeno domiciliario, dirigido a usuarios pertenecientes a programa de cuidados paliativos y alivio del dolor y usuarios en programa de atención domiciliaria con dependencia severa y otros, los cuales presenta patologías respiratorias que no pueden ser resueltas por nivel secundario  dado lo anterior, se convoca a los proveedores del rubro que se encuentren inscritos en el portal Mercado Público para contratar dicho requerimiento según las condiciones que en adelante se expresen.;CLP;NO PUBLICADO;DISPONIBLE;Entre 100 y 1000 UTM;I MUNICIPALIDAD DE CHIGUAYANTE
1057510-28-LP25;CONVENIO SUMINISTRO PAPEL DOSIS UNITARIA PARA EL SERVICIO DE FARMACIA EL HOSPITAL DE SAN CARLOS DR. BENICIO ARZOLA MEDINA.;LP;Publicada y disponible para ofertar;11/04/2025 14:47:06;El Hospital de San Carlos, Dr. Benicio Arzola Medina, requiere suscribir convenio para cubrir el requerimiento mensual de papel de dosis unitaria para el Servicio de Farmacia, de acuerdo a requerimientos especificados en Bases Administrativas y Técnicas de la presente Licitación. Se pretende obtener la mejor calidad y oportunidad en la adquisición de este insumo a un precio conveniente para el establecimiento.;CLP;PUBLICADO;DISPONIBLE;72.000.000;SERVICIO DE SALUD NUBLE HOSPITAL DE SAN CARLOS DR BENICIO ARZOLA MEDIN
1057489-153-LQ25;Convenio de Suministro de Insumos para Nutrición Enteral con incorporación de equipamiento por 36 meses para Hospital del Salvador ;LQ;Publicada y disponible para ofertar;17/04/2025 12:14:13;Que, el Hospital del Salvador necesita contar con un Convenio de Suministro de Insumos para Nutrición Enteral con incorporación de equipamiento por 36 meses para Hospital del Salvador con la finalidad de satisfacer de manera adecuada y eficiente la labor asistencial   Que, por la cuantía determinada, la presente licitación se ubica en el tramo para contrataciones iguales o superiores a 1.000 UTM e inferiores a 5.000 UTM, de conformidad al Artículo 36º del Reglamento de la Ley Nº19.886  ;CLP;PUBLICADO;ESTIMADO;230.000.000;SERVICIO DE SALUD ORIENTE HOSPITAL DEL SALVADOR
1540-73-LP25;CONVENIO SUMINISTRO MEDICAMENTOS INSULINA;LP;Publicada y disponible para ofertar;17/04/2025 10:14:04;Mediante Solicitud de Compra N° 059 de Jefe de Farmacia, QF José Miranda Cárdenas, autorizado por la subdirección Administrativa, quien requiere el Convenio Suministro de Medicamentos Insulina, para el Hospital “Dr. Augusto Essmann Burgos” de Puerto Natales. Por un periodo de 24 meses;CLP;NO PUBLICADO;DISPONIBLE;Igual o superior a 1.000 UTM e inferior a 2.000 UTM;SERVICIO DE SALUD MAGALLANES HOSPITAL DE PTO NATALES
5184-65-LE25;CATÉTER INTRAVENA;LE;Publicada y disponible para ofertar;23/04/2025 17:18:03;CATÉTER INTRAVENA, SEGUN MEMORANDUM NRO 63 DE FECHA 04.04.2025 DEPARTAMENTO ADQUISICIONES;CLP;PUBLICADO;ESTIMADO;53.900.000;SERVICIO DE SALUD DEL MAULE HOSPITAL DE LINARES
355-14-LQ25;INSUMOS LABORATORIO Y EQUIPOS EN COMODATO 36 MESES;LQ;Publicada y disponible para ofertar;26/04/2025 10:15:18;El Hospital Hanga Roa en adelante HOSPITAL, requiere contratar el Convenio de Suministro de Insumos de Laboratorio con Equipos en Comodato para la Unidad de Laboratorio Clínico, por un periodo de 36 meses, de modo de satisfacer oportunamente los requerimientos definidos por el Hospital, y contar con productos de alta calidad, de acuerdo con las características técnicas solicitadas, con la mejor relación preciocalidad y puestos en bodegas del Hospital sin costo de flete en Isla de Pascua.;CLP;NO PUBLICADO;ESTIMADO;Igual o superior a 2.000 UTM e inferior a 5.000 UTM ;DIRECCION SERVICIO SALUD METROPOLITANO O
3765-13-LQ25;ARRIENDO DE EQUIPOS COMPUTACIONALES PARA HLOR;LQ;Publicada y disponible para ofertar;28/04/2025 16:29:08;El Hospital de Chile Chico, solicita ofertas de interesados en participar del proceso de licitación pública cuyo objetivo es el “ARRIENDO DE EQUIPOS COMPUTACIONALES PARA EL HOSPITAL DR. LEOPOLDO ORTEGA RODRÍGUEZ, POR UN PERIODO DE 48 MESES”, para el Proyecto de Normalización del Hospital;CLP;NO PUBLICADO;DISPONIBLE;Igual o superior a 2.000 UTM e inferior a 5.000 UTM ;SERVICIO NACIONAL DE SALUD HOSPITAL DE C
1057544-114-LE25;Compra por Suministro de Papel Grado Médico para Unidad de Esterilización Hospital Las Higueras;LE;Publicada y disponible para ofertar;21/04/2025 14:59:00;Los productos licitados que a continuación se indican, corresponden a la compra de Papel Papel Grado Médico, requeridos para la Unidad de Esterilización del establecimiento.  El proveedor deberá entregar los productos adjudicados, según requerimiento, dentro de un plazo de entrega, el cual no podrá ser superior a 4 días hábiles, a contar de la fecha de aceptación de la orden de compra respectiva. La Orden de Compra se entenderá aceptada si no es rechazada dentro de las 24 horas desde su notificación.  Las cantidades demandadas de la entidad licitante será conforme a la programación mensual para un periodo de 12 meses. ;CLP;NO PUBLICADO;ESTIMADO;Entre 100 y 1000 UTM;SERVICIO DE SALUD DE TALCAHUANO HOSPITAL
1002772-42-LQ25;INSUMOS PARA OFTALMOLOGIA;LQ;Publicada y disponible para ofertar;21/04/2025 15:48:43;Artículo 6°: Las presentes Bases constituyen el instrumento guía destinado a celebrar un CONVENIO DE SUMINISTRO DE INSUMOS PARA OFTALMOLOGIA DEL HOSPITAL DR. FÉLIX BULNES CERDA, en adelante Hospital, éstas, establecen los fines, condiciones y requisitos que deberán ser cumplidos por los oferentes, en todas y cada una de las partes que conformen su oferta, además de regular el todo el proceso licitatorio hasta la suscripción del correspondiente contrato.;CLP;NO PUBLICADO;ESTIMADO;Igual o superior a 2.000 UTM e inferior a 5.000 UTM ;SERVICIO SALUD OCCIDENTE HOSPITAL DR FELIX BULNES CERDA
1080095-8-LE25;REPASO CONVENIO SUMINISTRO FARMACOS 2025-2027;LE;Publicada y disponible para ofertar;22/04/2025 16:07:32;REPASO CONVENIO SUMINISTRO FARMACOS 2025-2027;CLP;NO PUBLICADO;ESTIMADO;Entre 100 y 1000 UTM;SERVICIO DE SALUD MAGALLANES
3284-5-L125;Protesis Dentales Odontologico DESAM año 2025;L1;Publicada y disponible para ofertar;29/04/2025 15:15:45;Las presentes Bases Administrativas tienen por objeto reglamentar el llamado a Propuesta Pública de la Ilustre Municipalidad de Chaitén, para la adquisición de prótesis dentales financiadas a través del programa Odontológico Integral y Programa Mejoramiento al Acceso de la Atención Odontológica y Programa GES Salud oral integral a adultos 60 años en sus diversos componentes;CLP;NO PUBLICADO;DISPONIBLE;Menor a 100 UTM;I MUNICIPALIDAD DE CHAITEN
619133-95-LP25;CONVENIO SERVICIOS PROFESIONALES DE CIRUGIAS DE FIMOSIS DEL HOSPITAL SAN CAMILO;LP;Publicada y disponible para ofertar;16/04/2025 11:46:00;Las presentes Bases Administrativas rigen el llamado a licitación pública “CONVENIO SERVICIOS PROFESIONALES DE CIRUGIAS DE FIMOSIS DEL HOSPITAL SAN CAMILO”, ubicado en Av. Miraflores 2085 San Felipe, Quinta región, aplicando los procedimientos establecidos en la Ley de Compras N° 19.886 de la Administración Pública.;CLP;NO PUBLICADO;ESTIMADO;Igual o superior a 1.000 UTM e inferior a 2.000 UTM;SERVICIO SALUD SAN FELIPE LOS ANDES HOSP
1705-11-LE25;Serv. de docencia externa para Hospital de Quinter;LE;Publicada y disponible para ofertar;29/04/2025 16:52:36;Las presentes bases tienen por objeto fijar los procedimientos, términos y exigencias que regulan la adquisición de “Servicios de Docencia Externa Modalidad Presencial, Semi Presencial y modalidad E-Learning” solicitados por Hospital Adriana Cousiño de Quintero perteneciente al Servicio de Salud Viña del Mar -Quillota. Para esto el Hos pi t a l ha confeccionado las presentes bases administrativas, las bases técnicas, anexos, comisión Evaluadora y todo otro documento que emane de la propuesta, que tienen por objeto establecer las condiciones y normas q ue reglamentarán la presente licitación, que originara órdenes de compras. El oferente deberá examinar todas las instrucciones, formularios, condiciones y especificaciones que figuren en los documentos de la Licitación. En caso de omitir información o presentar una oferta que no se ajuste sustancialmente y en todos sus aspectos a esos documentos, su oferta será rechazada, situación que realizará la comisión designada por el Hospital Adriana Cousiño de Quintero.;CLP;NO PUBLICADO;DISPONIBLE;Entre 100 y 1000 UTM;HOSPITAL ADRIANA COUSINO DE QUINTERO
1075337-24-LP25;SS. TRANSPORTE BIENES EN USO DESUSO Y RESIDUOS;LP;Publicada y disponible para ofertar;29/04/2025 14:23:35;El objetivo de la presente licitación es la contratación del servicio de traslados de bienes en uso, desuso y retiro de residuos para el Hospital Dr. Mauricio Heyermann Torres de Angol.;CLP;PUBLICADO;DISPONIBLE;108.000.000;SERVICIO DE SALUD ARAUCANIA NORTE HOSPITAL DE ANGOL
1057544-130-LP25;CONTRATACIÓN DE SERVICIOS PROFESIONALES PARA LA UNIDAD GESTIÓN DE LA PRODUCCIÓN Y ANÁLISIS DE COSTOS DEL HOSPITAL LAS HIGUERAS;LP;Publicada y disponible para ofertar;23/04/2025 14:09:28;contratar servicios Profesionales, para reforzar la gestión de la Unidad Gestión de la Producción del Hospital las Higueras;CLP;NO PUBLICADO;DISPONIBLE;Igual o superior a 1.000 UTM e inferior a 2.000 UTM;SERVICIO DE SALUD DE TALCAHUANO HOSPITAL
2069-64-LQ25;SGN-SUM DE INSUMOS PARA CIRUGIA CERVICAL ANTERIOR;LQ;Publicada y disponible para ofertar;08/04/2025 16:41:32;El objetivo de la presente licitación es contratar durante 24 Veinticuatro meses el “SUMINISTRO DE INSUMOS PARA CIRUGIA CERVICAL ANTERIOR PARA EL HOSPITAL BARROS LUCO TRUDEAU”, con las características que se señalan en las Bases Técnicas, respecto a los procedimientos, términos y exigencias del suministro de los productos solicitados, que apoyen el correcto funcionamiento de este servicio y con esto responder a las necesidades del Hospital Barros Luco Trudeau. Que, además para los fines precedentes, el los proveedor es que contraten, serán responsables de cumplir estricta y cabalmente con los requerimientos y especificaciones consagrados en los documentos de la presente licitación.  Sin perjuicio de lo anterior, el suministro a contratar deberá permitir la opción de ser ampliado o reducido, de acuerdo a las necesidades del Hospital, en consideración a la demanda variable del establecimiento.;CLP;NO PUBLICADO;DISPONIBLE;Igual o superior a 2.000 UTM e inferior a 5.000 UTM ;SERVICIO DE SALUD METROPOLITANO SUR HOSP
1549-43-LP25;ARRIENDO DE ORTOPANTOMOGRAFO 3D DENTAL DEL HSJ;LP;Publicada y disponible para ofertar;14/04/2025 10:49:15;Que, de acuerdo a lo establecido en la Resolución N° 410 del 31 de enero de 2025 que aprueba el Plan Anual de Compras 2025, se requiere para el Arriendo de Ortopantomografo para la Unidad de Dental. Lo anterior, según consta en el certificado de fecha 13 de marzo de 2025, de la Unidad de Abastecimiento.;CLP;NO PUBLICADO;DISPONIBLE;Igual o superior a 1.000 UTM e inferior a 2.000 UTM;SERVICIO DE SALUD METROPOLITANA NORTE HOSPITAL SAN JOSE
2048-2-LP25;Convenio para suministro de insumos para empaque preparación y monitoreo del proceso de esterilización de dispositivos médicos reutilizables con comodatos asociados;LP;Publicada y disponible para ofertar;21/04/2025 12:32:27;El siguiente convenio es para pacientes de Hospital de Ancud, usuarios beneficiarios del sistema público de salud de acuerdo a requerimientos especificados en Bases Administrativas y Técnicas de la presente licitación. Se pretende obtener la mejor calidad y oportunidad en la prestación de los servicios a un precio conveniente.;CLP;NO PUBLICADO;ESTIMADO;Igual o superior a 1.000 UTM e inferior a 2.000 UTM;SERVICIO DE SALUD CHILOE
1057547-192-LQ25;CONV. SUMINISTRO DE AGUJAS QUIRURGICAS;LQ;Publicada y disponible para ofertar;23/04/2025 16:54:42;CONVENIO SUMINISTRO DE AGUJAS QUIRURGICAS PARA EL HOSPITAL BASE VALDIVIA;CLP;PUBLICADO;ESTIMADO;154.000.000;SERVICIO DE SALUD VALDIVIA HOSPITAL BASE
5083-9-LP25;CONTRATO DE SUMINISTRO DE INSUMOS PARA CIRUGIA DE COLUMNA LUMBAR;LP;Publicada y disponible para ofertar;26/03/2025 09:27:00;El Hospital San Juan de Dios de Curicó, requiere la realización de un contrato de suministro de sistema de insumos para cirugía de columna lumbar, a objeto de satisfacer adecuadamente la demanda de estos. ;CLP;NO PUBLICADO;ESTIMADO;Igual o superior a 1.000 UTM e inferior a 2.000 UTM;SERVICIO DE SALUD DEL MAULE HOSPITAL DE CURICO
813-29-LR25;PP 03.2025 equipos de laboratorio Proyectos de Expansión Ley 20000;LR;Publicada y disponible para ofertar;08/04/2025 18:35:46;Según documentación adjunta;CLP;PUBLICADO;ESTIMADO;530.889.049;INSTITUTO DE SALUD PUBLICA DE CHILE
1057489-156-LE25;Convenio de Suministro de Apósito Bactericida a base de Carboximetilcelulosa con Plata por 36 meses para Hospital del Salvador ;LE;Publicada y disponible para ofertar;21/04/2025 15:34:38;Que, el Hospital del Salvador necesita contar con un Convenio de Suministro de Apósito Bactericida a base de Carboximetilcelulosa con Plata por 36 meses para Hospital del Salvador con la finalidad de satisfacer de manera adecuada y eficiente la labor asistencial    Que, por la cuantía determinada, la presente licitación se ubica en el tramo para aquellas contrataciones iguales o superiores a 100 UTM e inferiores a 1.000 UTM, en conformidad al Artículo 36º del Reglamento de la Ley Nº19.886   Que, hechas las consultas respectivas, la provisión de Convenio de Suministro de Apósito Bactericida a base de Carboximetilcelulosa con Plata por 36 meses para Hospital del Salvador no se encuentra disponible por Convenio Marco ofrecidos en el Sistema de Información de la Dirección de Compras, www.mercadopublico.cl   Que, esta compra está vinculada al proyecto 1057489-117-PC25, COMPRAS OCASIONALES INSUMOS CLINICOS, correspondiente al plan anual de compras del año 2025  ;CLP;PUBLICADO;ESTIMADO;2.050.000;SERVICIO DE SALUD ORIENTE HOSPITAL DEL SALVADOR
1627-34-LE25;PRESTACIONES DE SERVICIO PROFESIONAL DE MÉDICO ESPECIALISTA EN CIRUGIA GENERAL PARA EJECUCIÓN DE HORAS MÉDICAS EN TURNOS DEL SERVICIO DE EMERGENCIA ADULTO DEL HOSPITAL DE SAN FERNANDO.;LE;Publicada y disponible para ofertar;24/04/2025 12:57:27;PRESTACIONES DE SERVICIO PROFESIONAL DE MÉDICO ESPECIALISTA EN CIRUGIA GENERAL PARA EJECUCIÓN DE HORAS MÉDICAS EN TURNOS DEL SERVICIO DE EMERGENCIA ADULTO DEL HOSPITAL DE SAN FERNANDO.;CLP;NO PUBLICADO;ESTIMADO;Entre 100 y 1000 UTM;SERVICIO DE SALUD HOSPITAL DE SAN FERNANDO
1002772-50-LQ25;SUMINISTRO DE SUTURAS DE POLIESTER;LQ;Publicada y disponible para ofertar;24/04/2025 16:21:41;Las presentes Bases constituyen el instrumento rector con el fin de suscribir un CONVENIO DE SUMINISTRO DE SUTURAS DE POLIESTER, por un periodo de 24 meses, para el Hospital Dr. Félix Bulnes Cerda. Éstas, establecen los fines, condiciones y requisitos que deberán ser cumplidos por los oferentes, en todas y cada una de las partes que conformen su oferta y además de regular el todo el proceso licitatorio hasta la suscripción del correspondiente contrato y su ejecución.;CLP;NO PUBLICADO;ESTIMADO;Igual o superior a 2.000 UTM e inferior a 5.000 UTM ;SERVICIO SALUD OCCIDENTE HOSPITAL DR FELIX BULNES CERDA
595824-1-LE25;ARRIENDO DE IMPRESORAS MULTIFUNCIONALES HSF 2025;LE;Publicada y disponible para ofertar;25/04/2025 16:32:36;Las Unidades Clínicas del Hospital de San Fernando, en el ámbito de ejecución de sus planes y políticas tendientes a contar con los insumos clínicos, materiales y servicios necesarios para la atención de los usuarios, quien en adelante se denominará “El Hospital”, mediante este acto e instrumento viene en llamar a licitación pública través del portal www.mercadopublico.cl.,conforme a procedimiento que Ley Nº 19.8862003, del Ministerio de Hacienda, sobre Bases de Contratos Administrativos de Suministro y Prestación de Servicios y su respectivo Reglamento aprobado por Decreto N°6612024 del Ministerio de Hacienda, se requiere adquirir el “ARRIENDO DE IMPRESORAS MULTIFUNCIONALES PARA EL HOSPITAL DE SAN FERNANDO”, para cubrir las necesidades de los servicios y unidades, y así consecuencialmente entregar una atención oportuna y de calidad a nuestros usuarios de la red;CLP;NO PUBLICADO;ESTIMADO;Entre 100 y 1000 UTM;SERVICIO DE SALUD HOSPITAL DE SAN FERNANDO
5053-56-LE25; Mantenimiento Mayor de estanque Oxigeno Criogénico ;LE;Publicada y disponible para ofertar;24/04/2025 13:58:58;El objetivo de la presente licitación, es invitar a través de www.mercadopublico.cl a todos los proveedores del rubro a participar del convenio por adquisición de Mantenimiento Mayor de estanque Oxigeno Criogénico del Hospital Regional de Talca,  necesario para el departamento de  Logisticadel Hospital Regional de Talca de ejecución inmediata;CLP;NO PUBLICADO;ESTIMADO;Entre 100 y 1000 UTM;SERVICIO DE SALUD DEL MAULE HOSPITAL DE TALCA
1296107-6-LR25;Conservación Liceo Bicentenario Paulo Freire - Que;LR;Publicada y disponible para ofertar;20/04/2025 16:05:29;licitación del proyecto de ejecución denominado “Conservación Liceo Bicentenario Paulo Freire - Quellón”;CLP;PUBLICADO;DISPONIBLE;472.500.000;Corporación Municipal de Quellón
552757-3-L125;PROGRAMA DE RESOLUTIVIDAD EN ATENCIÓN PRIMARIA 2025. CANASTA DE OTORRINOLARINGOLOGÍA.;L1;Publicada y disponible para ofertar;30/04/2025 13:00:25;Se requiere de contratación del servicio para la ejecución de “ 10 CANASTAS OTORRINOLARINGOLÓGICAS INTEGRALES PARA PROGRAMA DE RESOLUTIVIDAD EN APS 2025  ”, el cual se enmarca en el Convenio “Programa Resolutividad en Atención Primaria de salud año 2025”. Suscrito entre la I. Municipalidad de Pichilemu y el Servicio de Salud O´Higgins, Sexta Región, con fecha 18 de febrero del 2025. Así mismo, el MINSAL a través de Res. Exenta N° 167, con fecha 18 de febrero 2025 distribuye los recursos para el programa aludido y cuyo marco presupuestario fue aprobado a través de la Resol. Exenta N° 1030 del 30 De diciembre del 2024.  Para ello , se Invita a personas naturales o jurídicas, chilenas o extranjeras, y que estén relacionados con el rubro DE OTORRINOLARINGOLOGIA, a participar del llamado a Licitación Pública.;CLP;PUBLICADO;DISPONIBLE;3.240.000;ILUSTRE MUNICIPALIDAD DE PICHILEMU
3752-6-LE25;C.S. MEDICAMENTOS PROGRAMA SALUD CARDIOVASCULAR;LE;Publicada y disponible para ofertar;29/04/2025 15:31:19;C.S. MEDICAMENTOS PROGRAMA SALUD CARDIOVASCULAR, SEGUN SAD 137-25, ITREM 215.22.04.004.001 FAVOR ENTREGAR EN DOMINGO SANTA MARIA 520. EXCESFAM PITRUFQUEN. ATTE. SRA. MARIE BELTRAN ANTIPAN, QUIMICO FRAMACEUTICO DSM, BODEGA DE INSUMOS ENTRE 09:00 Y 16:00 HRS;CLP;NO PUBLICADO;DISPONIBLE;Entre 100 y 1000 UTM;I MUNICIPALIDAD DE PITRUFQUEN
188-31-LE25;ADQUISICIÓN DE MOBILIARIO ESCOLAR;LE;Publicada y disponible para ofertar;30/04/2025 13:41:07;Las presentes Bases reglamentarán la propuesta pública para la “ADQUISICIÓN DE MOBILIARIO ESCOLAR PARA LOS ESTABLECIMIENTOS EDUCACIONALES DE LA CORPORACIÓN MUNICIPAL DE LA FLORIDA - COMUDEF”, que realiza la Corporación Municipal de La Florida, sin perjuicio de lo establecido en las Bases Especiales, Especificaciones Técnicas, aclaraciones y/o modificaciones, respuesta a las consultas, que elabore la Unidad Técnica encargada de ello  Ley N°19.886 que regula las Bases sobre Contratos Administrativos de Suministro y su Reglamento, Ley N°19.880, sobre Bases de los Procedimientos Administrativos que rigen los Actos de los Órganos de la Administración del Estado  Ley N°20.730 que regula el lobby y las gestiones que representen intereses ante las autoridades y funcionarios que participan en la comisión evaluadora, de los procesos de licitación, Ley N°20.285 Sobre Acceso a la Información Pública  Ley N°20.880 sobre probidad en la función pública y prevención de los conflictos de intereses  Ley N°20.123, que Regula el trabajo en Régimen de Subcontratación, el funcionamiento de las Empresas de Servicios Transitorios, y el contrato de trabajo. ;CLP;NO PUBLICADO;DISPONIBLE;Entre 100 y 1000 UTM;CORP MUNICIPAL DE EDUC SALUD CULTURA Y RECREACION DE LA FLORIDA
2069-73-LR25;MLB-SUMINISTRO DE PROTESIS VASCULARES HEPARINIZADAS ;LR;Publicada y disponible para ofertar;21/04/2025 12:09:42;SUMINISTRO DE PROTESIS VASCULARES HEPARINIZADAS PARA EL HOSPITAL BARROS LUCO TRUDEAU;CLP;NO PUBLICADO;ESTIMADO;Igual o superior a 5.000 UTM;SERVICIO DE SALUD METROPOLITANO SUR HOSP
1641-181-LP25;BRL- TEC Y ADM PARA  GINECOLOGIA Y OBSTETRICIA;LP;Publicada y disponible para ofertar;22/04/2025 09:55:03;2.1 Objetivo y Descripción de la licitación   La contratación de “SERVICIOS TECNICOS Y ADMINISTRATIVOS DE APOYO PARA ACTIVIDADES CLINICAS DE SUBDIRECCION MEDICA-GINECOLOGIA Y OBSTETRICIA”, tiene por objeto, cumplir de manera continua la labor asistencial que ha sido encomendada a nuestra Institución, estableciendo las condiciones que permitan alcanzar la combinación más ventajosa entre todos los beneficios del bien o servicio a adquirir, y todos sus costos asociados, presentes y futuros Art. 37 del Reglamento, según el siguiente detalle:   ITEM N°1 “SERVICIOS TECNICOS Y ADMINISTRATIVOS DE APOYO PARA ACTIVIDADES CLINICAS DE SUBDIRECCION MEDICA-GINECOLOGIA Y OBSTETRICIA” SUB-ITEM	CODIGO INTERNO	DESCRIPCION SUB-ITEM	VALOR MINIMO A PAGAR	CANTIDAD DE HORAS TOTALES	VIGENCIA 1	10-012-001-0153	AUXILIAR	3.300	5.967	4 MESES 2	10-012-001-0155	TECNICO	5.200	15.000;CLP;PUBLICADO;ESTIMADO;126.998.430;SERVICIO DE SALUD OCCIDENTE HOSPITAL SAN JUAN DE DIOS
4083-10-LE25;Servicio de Movilización;LE;Publicada y disponible para ofertar;23/04/2025 16:26:35;El objetivo de la presente licitación pública es la Contratación de Servicio de Movilización para Establecimientos de Salud por 100 días, 1 Vehículo para CESFAM Monte Águila y 1 Vehículo para CESFAM Cabrero, según Nota de Pedido Nº 248 CPU del 02042025 y según NP N°247 del 02042025 solicita un Vehículo con una capacidad mínima de 15 personas para el traslado de pacientes desde la Comuna de Yumbel hacia UAPO de CESFAM Cabrero, de acuerdo con las presentes Bases Administrativas, Requerimientos Técnicos y Anexos, según lo dispuesto en la Ley N°19.886 de Bases sobre Contratos Administrativos de Suministro y Prestaciones de Servicios y su Reglamento contenido en el  Decreto  N°661 del 2024 y lo dispuesto en la Ley N°18.695 0rgánica Constitucional de Municipalidades, en todo lo que no sea contrario a lo dispuesto en las presentes Bases yo a derecho.;CLP;NO PUBLICADO;DISPONIBLE;Entre 100 y 1000 UTM;I MUNICIPALIDAD DE CABRERO
1058132-16-LP25;Compra por Suministro de Medicamentos de Uso Oral Programas Ministeriales;LP;Publicada y disponible para ofertar;22/04/2025 14:34:32;Compra por Suministro de medicamentos requeridos para tratamientos de pacientes atendidos en Hospital Las Higueras de Talcahuano, de acuerdo a lo indicado por el profesional clínico.;CLP;PUBLICADO;ESTIMADO;86.000.000;SERVICIO DE SALUD DE TALCAHUANO HOSPITAL
2080-206-LE25;COMPRA DE POLIGLICONATOS Y OTRO;LE;Publicada y disponible para ofertar;21/04/2025 13:36:29;El objeto de esta Licitación es contar con una adecuada adquisición de COMPRA DE POLIGLICONATOS Y OTRO PARA EL HOSPITAL DR. FRANCO RAVERA ZUNINO, durante el curso del contrato.;CLP;NO PUBLICADO;ESTIMADO;Entre 100 y 1000 UTM;SERVICIO DE SALUD DEL LIBERTADOR B O'HIGGINS HOSPITAL REG RANCAGUA
2069-82-LR25;SGN-SUM DE CLIP DE  ANEURISMAS;LR;Publicada y disponible para ofertar;28/04/2025 15:50:28;El objetivo de la presente licitación es contratar durante 24 Veinticuatro meses el SUMINISTRO DE CLIP DE ANEURISMAS PARA EL HOSPITAL BARROS LUCO TRUDEAU, con las características que se señalan en las Bases Técnicas, respecto a los procedimientos, términos y exigencias del suministro de los productos solicitados, que apoyen el correcto funcionamiento de este servicio y con esto responder a las necesidades del Hospital Barros Luco Trudeau.  Que, además para los fines precedentes, el los proveedor es que contraten, serán responsables de cumplir estricta y cabalmente con los requerimientos y especificaciones consagrados en los documentos de la presente licitación.  Sin perjuicio de lo anterior, el suministro a contratar deberá permitir la opción de ser ampliado o reducido, de acuerdo a las necesidades del Hospital, en consideración a la demanda variable del establecimiento.;CLP;NO PUBLICADO;DISPONIBLE;Igual o superior a 5.000 UTM;SERVICIO DE SALUD METROPOLITANO SUR HOSP
1002772-49-LQ25;INSUMOS PARA ESPECIALIDAD DE NEUROCIRUGÍA;LQ;Publicada y disponible para ofertar;23/04/2025 15:45:56;Artículo 6°: Las presentes Bases constituyen el instrumento guía destinado a celebrar un CONVENIO DE SUMINISTRO DE INSUMOS PARA ESPECIALIDAD DE NEUROCIRUGÍA DEL HOSPITAL DR. FÉLIX BULNES CERDA, en adelante Hospital, éstas, establecen los fines, condiciones y requisitos que deberán ser cumplidos por los oferentes, en todas y cada una de las partes que conformen su oferta, además de regular el todo el proceso licitatorio hasta la suscripción del correspondiente contrato.;CLP;NO PUBLICADO;ESTIMADO;Igual o superior a 2.000 UTM e inferior a 5.000 UTM ;SERVICIO SALUD OCCIDENTE HOSPITAL DR FELIX BULNES CERDA
1057489-166-LR25;Convenio de Suministro de Insumos para Equipo Esterilizador de Baja Temperatura con incorporación de equipamiento por 36 meses para el Hospital del Salvador;LR;Publicada y disponible para ofertar;23/04/2025 17:35:18;Que, el Hospital del Salvador necesita contar con el Convenio de Suministro de Insumos para Equipo Esterilizador de Baja Temperatura con incorporación de equipamiento por 36 meses para el Hospital del Salvador, en adelante también “HdS” o “Hospital”, con la finalidad de satisfacer de manera adecuada y eficiente la labor asistencial   Que, por la cuantía determinada, la presente licitación se ubica en el tramo para contrataciones iguales o superiores a 5.000 UTM, en conformidad al Artículo 36º del Reglamento de la Ley Nº19.886  ;CLP;PUBLICADO;ESTIMADO;330.000.000;SERVICIO DE SALUD ORIENTE HOSPITAL DEL SALVADOR
5053-49-LE25;RECAMBIO DE BATERÍA PARA VENTILADOR VOLUMÉTRICO;LE;Publicada y disponible para ofertar;28/04/2025 13:16:16;El objetivo de la presente licitación, es la adquisición  recambio de batería para ventilador volumétrico del Hospital Regional de Talca, con el fin de asegurar el abastecimiento en calidad y oportunidad, para satisfacer la demanda de los usuarios.;CLP;PUBLICADO;ESTIMADO;32.105.010;SERVICIO DE SALUD DEL MAULE HOSPITAL DE TALCA
1057547-166-LR25;COMPRA ROPA DESECHABLE SERVICIO DE ESTERILIZACIÓN;LR;Publicada y disponible para ofertar;04/04/2025 14:13:44;COMPRA DE ROPA DESECHABLE PARA EL SERVICIO DE ESTERILIZACIÓN DEL HOSPITAL BASE VALDIVIA;CLP;PUBLICADO;ESTIMADO;350.000.000;SERVICIO DE SALUD VALDIVIA HOSPITAL BASE
1057049-92-LQ25;PCV - Servicio de Mantención de Jardines;LQ;Publicada y disponible para ofertar;15/04/2025 10:05:51;El objetivo de la Propuesta es la contratación de “Servicio de Mantención de Jardines, Poda, Tala y Plantación de Arbolado para el Hospital Clínico San Borja Arriarán”, solicitados en las especificaciones técnicas, en concordancia con las Bases Administrativas, Técnicas, Formularios, aclaraciones y otros documentos que pudieran formularse en el transcurso de la licitación.  Se entenderá que todo proveedor conoce y acepta irrevocablemente el contenido de estas Bases, por el solo hecho de presentar ofertas en este proceso de licitación.;CLP;NO PUBLICADO;ESTIMADO;Igual o superior a 2.000 UTM e inferior a 5.000 UTM ;SERV SALUD METROPOLITANO CENTRAL HOSPITAL CLINICO SAN BORJA ARRIARAN
1058085-84-LQ25;SUMINISTRO DE COLISTIMETATO DE SODIO PARA EL HDS;LQ;Publicada y disponible para ofertar;16/04/2025 16:31:07;Convenio Suministro de Colistimetato de Sodio solución inyectable para el Hospital del Salvador, ;CLP;PUBLICADO;ESTIMADO;120.000.000;SERVICIO DE SALUD ORIENTE HOSPITAL DEL SALVADOR
1057489-172-LE25;Convenio de Suministro de Cánulas de Traqueostomía con Balón Extralargo con Longitud Extendida y Accesorios por 36 meses para Hospital del Salvador;LE;Publicada y disponible para ofertar;29/04/2025 09:54:54;Que, el Hospital del Salvador necesita contar con un Convenio de Suministro de Cánulas de Traqueostomía con Balón Extralargo con Longitud Extendida y Accesorios por 36 meses para Hospital del Salvadorcon la finalidad de satisfacer de manera adecuada y eficiente la labor asistencial    Que, por la cuantía determinada, la presente licitación se ubica en el tramo para aquellas contrataciones iguales o superiores a 100 UTM e inferiores a 1.000 UTM, en conformidad al Artículo 36º del Reglamento de la Ley Nº19.886   Que, hechas las consultas respectivas, la provisión de Convenio de Suministro de Cánulas de Traqueostomía con Balón Extralargo con Longitud Extendida y Accesorios por 36 meses para Hospital del Salvador no se encuentra disponible por Convenio Marco ofrecidos en el Sistema de Información de la Dirección de Compras, www.mercadopublico.cl   Que, estas compras están vinculadas a los proyectos 1057489-95-PC25/INSUMOS CLINICOS y 1057489-132-PC25/INSUMOS RESPIRATORIOS, correspondiente al plan anual de compras del año 2025  ;CLP;PUBLICADO;ESTIMADO;14.994.000;SERVICIO DE SALUD ORIENTE HOSPITAL DEL SALVADOR
1532-24-LE25;Mantenimiento para equipos medicos del CRS;LE;Publicada y disponible para ofertar;30/04/2025 10:56:20;Mantenimiento para equipos medicos del CRS;CLP;NO PUBLICADO;DISPONIBLE;Entre 100 y 1000 UTM;CENTRO REFERENCIAL DE SALUD DR SALVADOR ALLENDE GOSSENS
1003473-90-LE25;CONVENIO DE SUMINISTRO DE VENDAS ADHESIVAS PARA EL HOSPITAL SAN JUAN DE DIOS DE CURICÓ;LE;Publicada y disponible para ofertar;23/04/2025 17:07:00;Las presentes bases de Licitación Pública tienen la finalidad de celebrar el “CONVENIO DE SUMINISTRO DE VENDAS ADHESIVAS PARA EL HOSPITAL SAN JUAN DE DIOS DE CURICÓ” por 18 meses, para satisfacer de manera adecuada y eficiente la labor asistencial de los distintos Servicios Clínicos del Hospital San Juan de Dios de Curicó.  El detalle sobre el “CONVENIO DE SUMINISTRO DE VENDAS ADHESIVAS PARA EL HOSPITAL SAN JUAN DE DIOS DE CURICÓ”, con sus respectivas cantidades estimativas de consumo por un periodo de 18 meses y el presupuesto estimativo asignado, se especificarán en las respectivas resoluciones exentas que emita el hospital para estos efectos, y que tienen por objetivo autorizar e iniciar el respectivo proceso licitatorio en el portal www.mercadopúblico.cl.  ;CLP;NO PUBLICADO;ESTIMADO;Entre 100 y 1000 UTM;SERVICIO DE SALUD DEL MAULE HOSPITAL DE CURICO
4083-11-LE25;SERVICIO DE LABORATORISTA DENTAL;LE;Publicada y disponible para ofertar;29/04/2025 17:49:23;El objetivo de la presente licitación pública es la Contratación de laboratorista dental para Establecimientos de Salud con el fin de elaborar aparatos removibles acrílicos y mandibulares, según Nota de Pedido Nº 237 del 20032025 Programas Odontológicos, de acuerdo con las presentes Bases Administrativas, Requerimientos Técnicos y Anexos, según lo dispuesto en la Ley N°19.886 de Bases sobre Contratos Administrativos de Suministro y Prestaciones de Servicios y su Reglamento contenido en el  Decreto  N°661 del 2024 y lo dispuesto en la Ley N°18.695 0rgánica Constitucional de Municipalidades, en todo lo que no sea contrario a lo dispuesto en las presentes Bases yo a derecho.;CLP;NO PUBLICADO;DISPONIBLE;Entre 100 y 1000 UTM;I MUNICIPALIDAD DE CABRERO
5052-8-LP25;CONVENIO DE FRUTAS Y VERDURAS;LP;Publicada y disponible para ofertar;29/04/2025 17:47:44;El objetivo de la presente licitación, es invitar a través de www.mercadopublico.cl a todos los proveedores del rubro a participar de la adquisición de frutas y verduras necesario para el servicio del Hospital Regional de Talca y bajo las especificaciones técnicas requeridas por la Institución con el fin de seleccionar la oferta más conveniente de acuerdo a los criterios de evaluación, asegurando el abastecimiento en calidad y oportunidad, satisfaciendo así la demanda de los usuarios.;CLP;NO PUBLICADO;ESTIMADO;Igual o superior a 1.000 UTM e inferior a 2.000 UTM;SERVICIO DE SALUD DEL MAULE HOSPITAL DE TALCA
705290-19-LQ25;PRESTACION DE SERVICIOS MEDICOS DE CARDIOLOGIA;LQ;Publicada y disponible para ofertar;21/04/2025 14:52:30;Las presentes Bases constituyen el instrumento guía destinado a celebrar un CONVENIO DE PRESTACIÓN DE SERVICIOS DE CARDIOLOGIA PARA EL HOSPITAL DR. FÉLIX BULNES CERDA, en adelante Hospital, éstas, establecen los fines, condiciones y requisitos que deberán ser cumplidos por los oferentes, en todas y cada una de las partes que conformen su oferta, además de regular el todo el proceso licitatorio hasta la suscripción del correspondiente contrato.;CLP;NO PUBLICADO;ESTIMADO;Igual o superior a 2.000 UTM e inferior a 5.000 UTM ;SERVICIO SALUD OCCIDENTE HOSPITAL DR FELIX BULNES CERDA
1057547-183-LE25;CONVN. INSUMOS PARA RECETARIO MAGISTRAL NO ESTERIL;LE;Publicada y disponible para ofertar;21/04/2025 17:15:40;“CONVENIO SUMINISTRO DE INSUMOS PARA RECETARIO MAGISTRAL NO ESTERIL DEL HOSPITAL BASE VALDIVIA”;CLP;PUBLICADO;ESTIMADO;37.000.000;SERVICIO DE SALUD VALDIVIA HOSPITAL BASE
2268-8-LR25;SERVICIO DE REMODELACION CENTRO RECREACIONAL DE CENABAST;LR;Publicada y disponible para ofertar;07/04/2025 17:49:35;Que, se hace necesario la contratación del servicio de remodelación del centro recreacional de CENABAST, ubicado en Avenida Antonio Núñez Fonseca Nº 2217, camino Cartagena MZ E ST 5, Pelancura, comuna de San Antonio. ;CLP;NO PUBLICADO;ESTIMADO;Igual o superior a 5.000 UTM;CENTRAL DE ABASTECIMIENTO DEL SISTEMA NACIONAL DE SERVICIO DE SALUD
1641-182-LP25;BRL- TEC Y ADM PARA  NEONATOLOGIA;LP;Publicada y disponible para ofertar;22/04/2025 15:51:32;2.1 Objetivo y Descripción de la licitación   La contratación de “SERVICIOS TECNICOS Y ADMINISTRATIVOS DE APOYO PARA ACTIVIDADES CLINICAS DE SUBDIRECCION MEDICA-NEONATOLOGIA”, tiene por objeto, cumplir de manera continua la labor asistencial que ha sido encomendada a nuestra Institución, estableciendo las condiciones que permitan alcanzar la combinación más ventajosa entre todos los beneficios del bien o servicio a adquirir, y todos sus costos asociados, presentes y futuros Art. 37 del Reglamento, según el siguiente detalle: ITEM N°1 “SERVICIOS TECNICOS Y ADMINISTRATIVOS DE APOYO PARA ACTIVIDADES CLINICAS DE SUBDIRECCION MEDICA-NEONATOLOGIA” SUB-ITEM	CODIGO INTERNO	DESCRIPCION SUB-ITEM	VALOR MINIMO A PAGAR	CANTIDAD DE HORAS TOTALES	VIGENCIA 1	10-012-001-0156	AUXILIAR	3.300	7.200	5 MESES 2	10-012-001-0159	TECNICO	5.200	14.400;CLP;PUBLICADO;ESTIMADO;128.232.000;SERVICIO DE SALUD OCCIDENTE HOSPITAL SAN JUAN DE DIOS
1057544-129-LP25;Contratación de Servicios Profesionales y Administrativos para la Área de Acompañamiento y Acogida al Usuario del Hospital Las Higueras;LP;Publicada y disponible para ofertar;22/04/2025 15:27:48;La presente licitación pública tiene por objetivo contratar servicios Profesionales y Administrativos, para reforzar la gestión de la Área de Acompañamiento y Acogida al Usuario del Hospital las Higueras.;CLP;NO PUBLICADO;DISPONIBLE;Igual o superior a 1.000 UTM e inferior a 2.000 UTM;SERVICIO DE SALUD DE TALCAHUANO HOSPITAL
2069-57-LR25;SGN-SUM DE PROTESIS DE RODILLA CON INSTRUMENTAL;LR;Publicada y disponible para ofertar;08/04/2025 09:00:17;El objetivo de la presente licitación es contratar durante 12 doce meses el “SUMINISTRO DE PROTESIS DE RODILLA CON INSTRUMENTAL Y MOTORES ASOCIADOS PARA EL HOSPITAL BARROS LUCO TRUDEAU”, con las características que se señalan en las Bases Técnicas, respecto a los procedimientos, términos y exigencias del suministro de los productos solicitados, que apoyen el correcto funcionamiento de este servicio y con esto responder a las necesidades del Hospital Barros Luco Trudeau.  Que, además para los fines precedentes, el los proveedor es que contraten, serán responsables de cumplir estricta y cabalmente con los requerimientos y especificaciones consagrados en los documentos de la presente licitación.  Sin perjuicio de lo anterior, el suministro a contratar deberá permitir la opción de ser ampliado o reducido, de acuerdo a las necesidades del Hospital, en consideración a la demanda variable del establecimiento.;CLP;NO PUBLICADO;DISPONIBLE;Igual o superior a 5.000 UTM;SERVICIO DE SALUD METROPOLITANO SUR HOSP
2107-51-LP25;MANTENCION PREVENTIVACORRECTIVA PARA EQUIPAMIENTO DE BIOLOGÍA MOLECULAR;LP;Publicada y disponible para ofertar;14/04/2025 12:19:00;El Hospital Santa Cruz, tiene por objetivo adquirir los servicios de mantenimiento preventivo y correctivo para equipos de pabellón del Hospital de Santa Cruz por un periodo de 36 Meses, detallados en la tabla 1 del punto 3 de las presentes bases;CLP;NO PUBLICADO;ESTIMADO;Igual o superior a 1.000 UTM e inferior a 2.000 UTM;SERVICIO DE SALUD HOSPITAL DE SANTA CRUZ
1641-120-LP25;PSG - CATETER Y STENT PARA CIRUGIA VASCULAR;LP;Publicada y disponible para ofertar;24/04/2025 16:58:45;ADQUIRIR LOS SIGUIENTES INSUMOS: STENT AUTOEXPANDIBLE NITINOL SISTEMA ABSOLUTE CATÉTER SOPORTE DE CRUCE 0,18 y 0,35 CATETER SOPORTE DE CRUCE 014 STENT AUTOEXPANDIBLE NITINOL LIBERADOR DE PACLITAXEL STENT BALON EXPANDIBLE DE ACERO GRADO MEDICO STENT VASCULAR MIMETICO DE NITINOL DISTINTAS MEDIDAS;CLP;NO PUBLICADO;ESTIMADO;Igual o superior a 1.000 UTM e inferior a 2.000 UTM;SERVICIO DE SALUD OCCIDENTE HOSPITAL SAN JUAN DE DIOS
1057489-164-LE25;WAFERS COMPATIBLES CON EQUIPOS TSCD II;LE;Publicada y disponible para ofertar;23/04/2025 12:17:11;Que, el Hospital del Salvador necesita contar con un Convenio de Suministro de Wafers compatibles con equipo TSCD II para Unidad de Medicina Transfusional por 36 meses en el Hospital del Salvador con la finalidad de satisfacer de manera adecuada y eficiente la labor asistencial    Que, por la cuantía determinada, la presente licitación se ubica en el tramo para aquellas contrataciones iguales o superiores a 100 UTM e inferiores a 1.000 UTM, en conformidad al Artículo 36º del Reglamento de la Ley Nº19.886   Que, hechas las consultas respectivas, la provisión de Convenio de Suministro de Wafers compatibles con equipo TSCD II para Unidad de Medicina Transfusional por 36 meses en el Hospital del Salvador no se encuentra disponible por Convenio Marco ofrecidos en el Sistema de Información de la Dirección de Compras, www.mercadopublico.cl   Que esta compra está vinculada al proyecto 1057489-115-PC25, correspondiente al plan anual de compras del año 2025.;CLP;PUBLICADO;DISPONIBLE;45.000.000;SERVICIO DE SALUD ORIENTE HOSPITAL DEL SALVADOR
1950-45-LE25;17-25 Accesorios y Repuestos EQ. Médicos H.P;LE;Publicada y disponible para ofertar;23/04/2025 12:08:20;El Hospital Pitrufquén, requiere contratar el servicio de suministro de accesorios y repuestos para equipos médicos por un periodo de 12 meses, con posibilidad de prórroga de 12, según indica la tabla adjunta a continuación, para asegurar la funcionalidad del equipamiento clínico existente en Hospital Pitrufquén, manteniendo su funcionamiento continuo y adecuado para la atención de nuestros pacientes.;CLP;NO PUBLICADO;DISPONIBLE;Entre 100 y 1000 UTM;SERVICIO SALUD ARAUCANIA SUR HOSPITAL PITRUFQUEN
898-60-LE25;CURSOS DE CAPACITACION 2025 HCV;LE;Publicada y disponible para ofertar;21/04/2025 17:06:00;CURSOS DE CAPACITACION 2025 DEL HOSPITAL CLAUDIO VICUÑA DE SAN ANTONIO;CLP;PUBLICADO;DISPONIBLE;34.700.000;SERVICIO DE SALUD VALPARAISO SAN ANTONIO
1175-41-LR25;09.25 SUMINISTRO INTEGRAL GAS LICUADO SSAS Y EST.;LR;Publicada y disponible para ofertar;20/03/2025 09:31:00;Se requiere suscribir contrato de suministro integral de gas licuado para los siguientes Establecimientos:  	Hospital de Nueva Imperial. Hospital y Cesfam  	Hospital de Pitrufquén 	Hospital de Gorbea 	Hospital de Toltén 	Hospital de Carahue establecimiento antiguo y nuevo 	Hospital de Villarrica establecimiento antiguo y nuevo 	Hospital de Loncoche 	Hospital de Cunco 	Hospital de Lautaro establecimiento antiguo y nuevo 	Hospital de Vilcún 	Hospital de Galvarino 	Hospital de Pto. Saavedra 	Hospital de Padre las Casas 	Dirección SSAS bello 888 y Calle Ancud con Achao 	Centro Recreacional Bienestar 	Cabañas Bienestar diferentes lugares;CLP;NO PUBLICADO;ESTIMADO;Igual o superior a 5.000 UTM;SERVICIO DE SALUD ARAUCANIA SUR
2069-79-LQ25;LGR-SUM CATETER GUIA Y CONECTOR EN Y;LQ;Publicada y disponible para ofertar;28/04/2025 09:25:45;El objetivo de la presente licitación es contratar durante 24 veinticuatro meses el SUMINISTRO DE CATETER GUIA HIDROFILICO Y CONTECTOR EN Y PARA EL SERVICIO DE IMAGENOLOGIA DEL HOSPITAL BARROS LUCO TRUDEAU, con las características que se señalan en las Bases Técnicas, respecto a los procedimientos, términos y exigencias del suministro de los productos solicitados, que apoyen el correcto funcionamiento de este servicio y con esto responder a las necesidades del Hospital Barros Luco Trudeau.  Que, además para los fines precedentes, el los proveedor es que contraten, serán responsables de cumplir estricta y cabalmente con los requerimientos y especificaciones consagrados en los documentos de la presente licitación Sin perjuicio de lo anterior, el suministro a contratar deberá permitir la opción de ser ampliado o reducido, de acuerdo a las necesidades del Hospital, en consideración a la demanda variable del Hospital.;CLP;NO PUBLICADO;DISPONIBLE;Igual o superior a 2.000 UTM e inferior a 5.000 UTM ;SERVICIO DE SALUD METROPOLITANO SUR HOSP
1692-24-LE25;MANTENCION PREVENTIVA DE EQUIPOS MEDICOS HCO;LE;Publicada y disponible para ofertar;28/04/2025 16:17:23;Mantención preventiva correspondiente a 2 veces al año de 35 equipos médicos pertenecientes al hospital de Cochrane, que garantice la operatividad, seguridad y prolongación de vida útil de los equipos, minimizar fallas y riesgos asociados a su uso en la atención clínica.;CLP;PUBLICADO;DISPONIBLE;19.000.000;SERVICIO NACIONAL DE SALUD HOSPITAL DE COCHRANE
619133-96-LP25;CONVENIO SERVICIOS PROFESIONALES CIRUGIAS HERNIOPLASTIA PEDIATRICA DEL HOSPITAL SAN CAMILO;LP;Publicada y disponible para ofertar;16/04/2025 13:32:00;Las presentes Bases Administrativas rigen el llamado a licitación pública “CONVENIO SERVICIOS PROFESIONALES CIRUGÍAS HERNIOPLASTIA PEDIÁTRICA DEL HOSPITAL SAN CAMILO”, ubicado en Av. Miraflores 2085 San Felipe, Quinta región, aplicando los procedimientos establecidos en la Ley de Compras N° 19.886 de la Administración Pública.;CLP;NO PUBLICADO;ESTIMADO;Igual o superior a 1.000 UTM e inferior a 2.000 UTM;SERVICIO SALUD SAN FELIPE LOS ANDES HOSP
1175-67-LR25;Lic. 41.25 Sumistro integral audífonos;LR;Publicada y disponible para ofertar;23/04/2025 09:59:50;Se requiere la SUMINISTRO INTEGRAL DE AUDÍFONOS PARA LA RED ARAUCANÍA SUR GES Y NO GES DE ESTABLECIMIENTOS DEL SSAS. Las características técnicas y condiciones del proceso de atención, se detallan en el punto 1.2.2.1 y en los ANEXOS N.º 3 y 4 de las presentes Bases. Debe cumplir con todas las características marcadas como obligatorias para que la oferta sea admisible.  La cantidad de 2625 audífonos es aproximada, calculando que un 30% de los usuarios en lista de espera de otorrino requerirá audífono aproximadamente, y considerando además la actual cobertura de audífonos que ofrece cada establecimiento mensualmente, no existe la obligación del Servicio, por adquirir una cantidad mínima de audífonos o un pago mínimo.  SUMINISTRO INTEGRAL DE AUDÍFONOS PARA LA RED ARAUCANÍA SUR GES Y NO GES DE ESTABLECIMIENTOS DEL SSAS deberán realizarse durante el plazo de vigencia del contrato en un transcurso de 12 meses, o hasta que los fondos se utilicen, lo que ocurra primero.;CLP;PUBLICADO;ESTIMADO;787.500.000;SERVICIO DE SALUD ARAUCANIA SUR
619133-101-LP25;PERSONAL DE GUARDERIA NOCTURNA DOS PUESTOS DE TRABAJO DE LUNES A DOMINGO;LP;Publicada y disponible para ofertar;29/04/2025 13:17:26;Las presentes Bases Administrativas rigen el llamado a licitación pública “CONVENIO DE  SERVICIO APOYO PERSONAL DE GUARDERIA NOCTURNA DOS PUESTOS DE TRABAJO DE LUNES A DOMINGO HOSPITAL SAN CAMILO”,  en Hospital San Camilo ubicado en Av. Miraflores 2085 San Felipe, Quinta región, aplicando los procedimientos establecidos en la Ley de Compras N° 19.886 de la Administración Pública, ID 619133-101-LP25.;CLP;NO PUBLICADO;DISPONIBLE;Igual o superior a 1.000 UTM e inferior a 2.000 UTM;SERVICIO SALUD SAN FELIPE LOS ANDES HOSP
750998-10-LQ25;Mantención y Reparación de Vehículos Municipales;LQ;Publicada y disponible para ofertar;24/04/2025 15:21:00;La I. Municipalidad de Lo Espejo requiere la contratación para el servicio de mantención preventiva y correctiva de los vehículos municipales, del área municipal y área salud.;CLP;NO PUBLICADO;DISPONIBLE;Igual o superior a 2.000 UTM e inferior a 5.000 UTM ;I MUNICIPALIDAD DE LO ESPEJO
5187-2-LQ25;SUMINISTRO ACCESORIOS PARA MONITORES MULTIPARÁMETR;LQ;Publicada y disponible para ofertar;29/04/2025 16:19:46;Las presentes Bases constituyen el instrumento guía destinado a celebrar un CONVENIO SUMINISTRO DE ACCESORIOS PARA MONITORES MULTIPARÁMETROS, MONITORES DESFIBRILADORES, CONCENTRADORES DE OXIGENO Y HUMIDIFICADORES DE ALTO FLUJO PARA EL HOSPITAL DR. FÉLIX BULNES CERDA, en adelante Hospital, éstas, establecen los fines, condiciones y requisitos que deberán ser cumplidos por los oferentes, en todas y cada una de las partes que conformen su oferta, además de regular el todo el proceso licitatorio hasta la suscripción del correspondiente contrato.;CLP;NO PUBLICADO;DISPONIBLE;Igual o superior a 2.000 UTM e inferior a 5.000 UTM ;SERVICIO SALUD OCCIDENTE HOSPITAL DR FELIX BULNES CERDA
1057049-106-LR25;CSP - SERVICIO DE CAMA INTEGRAL PARA PACIENTES;LR;Publicada y disponible para ofertar;29/04/2025 11:33:36;El objetivo de la Propuesta es la contratación de “SERVICIO DE CAMA INTEGRAL PARA PACIENTES DE LARGA ESTADÍA DEL HOSPITAL CLINICO SAN BORJA ARRIARÁN PAC 2025”, solicitados en las especificaciones técnicas, en concordancia con las Bases Administrativas, Técnicas, Formularios, aclaraciones y otros documentos que pudieran formularse en el transcurso de la licitación.  Se entenderá que todo proveedor conoce y acepta irrevocablemente el contenido de las Bases de licitación, por el solo hecho de presentar ofertas en este proceso de licitación.;CLP;NO PUBLICADO;ESTIMADO;Igual o superior a 5.000 UTM;SERV SALUD METROPOLITANO CENTRAL HOSPITAL CLINICO SAN BORJA ARRIARAN
1057499-21-LR25;SERVICIO DE ASEO Y LIMPIEZA HOSPITALARIA HOSPITAL DR. LUCIO CORDOVA;LR;Publicada y disponible para ofertar;24/04/2025 17:11:12;El objeto de esta licitación es la contratación de servicio de aseo y limpieza que permita obtener un servicio de excelencia que satisfaga las necesidades del Hospital y de seguridad tanto a los funcionarios como a pacientes y usuarios que se atienden en este establecimiento.   Por lo anterior, se requiere contar con un servicio de aseo y limpieza integral, continuo e ininterrumpido los 365 días del año, que permita mantener limpias y aseadas las distintas dependencias del Hospital, en condiciones higiénicas adecuadas de funcionamiento. El servicio consistirá en el aseo de áreas específicas y generales, realizando actividades de aseo general profundo y mantención de los mismos en sectores tales como salas de espera, baños, vestidores de funcionarios, vidrios en altura, recolección de basura, además, de aseo de baños públicos, del personal administrativo y operativo, bodegas, recepción y control de residuos Hospitalarios entre otros. ;CLP;NO PUBLICADO;ESTIMADO;Igual o superior a 5.000 UTM;SERVICIO DE SALUD SUR UNIDAD HOSPITALARI
1057415-25-LR25;SERVICIO DE SEGURIDAD Y VIGILANCIA PARA EL HOSPITAL DE NACIMIENTO;LR;Publicada y disponible para ofertar;17/04/2025 19:47:37;Mediante la presente, se requiere contratar los servicios habituales de seguridad y vigilancia para las dependencias de: el Hospital de la Familia y Comunidad de Nacimiento, el Centro Comunitario de Salud Familiar Lautaro, el Centro Comunitario de Salud Familiar Julio Hemmelmann y el ex Internado de Nacimiento, según solicitud de adquisición N°90, Folio HFCN35300/2025, emitida por la Unidad de Servicios Generales del Hospital de la Familia y Comunidad de Nacimiento, por el periodo de 18 meses. ;CLP;PUBLICADO;ESTIMADO;471.240.000;SERVICIO SALUD BIO BIO HOSPITAL NACIMIENTO
1395-28-LE25;Adquisicion Equipamiento informatico COSAM Ovalle;LE;Publicada y disponible para ofertar;24/04/2025 12:03:04;El Servicio de Salud Coquimbo, indistintamente el Servicio, requiere contratar la provisión de Equipamiento informático para el Centro de Salud Mental Comunitario de Ovalle, en el marco del proyecto denominado Obras de Reposición Centro de Salud Mental Comunitario Ovalle”, Código BIP. 40033919-0.  El llamado se realizará a través del Portal www.mercadopúblico.cl. ;CLP;PUBLICADO;ESTIMADO;20.010.000;SERVICIO DE SALUD COQUIMBO
1237328-55-LE25;MANTENIMIENTO PREVENTIVO Y CORRECTIVO EQUIPOS UPS;LE;Publicada y disponible para ofertar;28/04/2025 14:51:00;Contratar un servicio integral de mantención preventiva y correctiva para los sistemas de respaldo de energía tipo UPS instalados en los centros de salud dependientes de la CORMUPA, con el fin de asegurar su operatividad continua frente a interrupciones del suministro eléctrico. Este servicio deberá incluir la provisión de repuestos e insumos, así como la ejecución periódica de mantenimientos preventivos semestrales, conforme a lo estipulado en las bases técnicas. El objetivo es garantizar la continuidad operativa de los establecimientos de salud mediante equipos de respaldo en condiciones óptimas de funcionamiento;CLP;NO PUBLICADO;ESTIMADO;Entre 100 y 1000 UTM;CORP MUNICIPAL DE PUNTA ARENAS PARA LA EDUCACION SALUD Y AT AL MENOR
1080247-1-LR25;ADQUISICIÓN EQUIPOS PARA EL LABORATORIO ;LR;Publicada y disponible para ofertar;16/04/2025 16:09:45;La Secretaría Regional Ministerial de Salud Región de Los Ríos SEREMI, requiere la adquisición de Equipos para análisis microbiológico y químico de muestras de aguas y alimentos que forman parte de los Programas de Vigilancia Sanitaria, analizadas en el Laboratorio de Salud Pública de la SEREMI de Salud Región de Los Ríos.;CLP;NO PUBLICADO;DISPONIBLE;Igual o superior a 5.000 UTM;SUBSECRETARIA DE SALUD PUBLICA
1261592-23-LR25;SERVICIO DE TRANSPORTE PARA APOYO DE LA ATENCIÓN PRIMARIA DE SALUD DEPENDIENTE DE LA CORPORACIÓN MUNICIPAL DE DESARROLLO SOCIAL DE ANTOFAGASTA;LR;Publicada y disponible para ofertar;03/04/2025 08:40:30;Que, la Corporación Municipal de Desarrollo Social de Antofagasta, requiere contratar los servicios de una persona natural o jurídica para el “SERVICIO DE TRANSPORTE PARA APOYO DE LA ATENCIÓN PRIMARIA DE SALUD DEPENDIENTE DE LA CORPORACIÓN MUNICIPAL DE DESARROLLO SOCIAL DE ANTOFAGASTA, cuyo objetivo principal es apoyar con el transporte de funcionarios de Salud, suministros u otros, para la realización de prestaciones, procedimientos, visitas domiciliarias y para cualquier otra labor afín encomendada por la Dirección de Salud de la Corporación.;CLP;NO PUBLICADO;DISPONIBLE;Igual o superior a 5.000 UTM;CORP MUNICIPAL DE DESARROLLO SOCIAL DE A
2773-22-LE25;ACIDO VALPROICO GES;LE;Publicada y disponible para ofertar;22/04/2025 09:32:04;La Ilustre Municipalidad de Chiguayante, a través de la Unidad de Compra de su Dirección de Administración de Salud, hace el llamado a licitación pública para la adquisición de medicamentos correspondientes al arsenal vigente en APS. El fundamento de esta adquisición se encuentra contenida en Solicitud de Pedido Interno de droguería  N°27 del 20 de  FEBRERO del 2025, y las especificaciones técnicas de los productos requeridos se detallan a continuación.;CLP;NO PUBLICADO;DISPONIBLE;Entre 100 y 1000 UTM;I MUNICIPALIDAD DE CHIGUAYANTE
2981-65-LE25;SERVICIO DE ALIMENTACIÓN JENASA;LE;Publicada y disponible para ofertar;22/04/2025 17:30:45;CONTRATAR EL SERVICIO DE ALIMENTACIÓN PARA LA JEFATURA NACIONAL DE SALUD DE LA PDI.;CLP;NO PUBLICADO;DISPONIBLE;Entre 100 y 1000 UTM;POLICIA DE INVESTIGACIONES DE CHILE
1274285-21-LP25;Recetas ópticas convenio VDR GES;LP;Publicada y disponible para ofertar;23/04/2025 16:59:00;Servicio recepción de recetas ópticas para usuarios y usuarias del convenio VDR GES de los establecimientos APS de la comuna de San Bernardo.;CLP;NO PUBLICADO;DISPONIBLE;Igual o superior a 1.000 UTM e inferior a 2.000 UTM;CORPORACION MUNICIPAL DE EDUCACION Y SALUD DE SAN BERNARDO
4238-15-LE25;CONTRATO SUMINISTRO APOSITOS DE CURACION AVANZADA;LE;Publicada y disponible para ofertar;24/04/2025 12:14:43;CONTRATO SUMINISTRO APOSITOS DE CURACION AVANZADA, DE ACUERDO A ORD(DAS) N° 404/2025 Y DECRETO ALCALDICIO N° 4.543/2025;CLP;NO PUBLICADO;DISPONIBLE;Entre 100 y 1000 UTM;I MUNICIPALIDAD DE CURANILAHUE
1736-35-LE25;MANTENCIÓN PARA EQUIPO RX OSTEOPULMONAR;LE;Publicada y disponible para ofertar;22/04/2025 17:01:56;Contratar el servicio de mantenimiento preventivo para el equipo de Rayos X Osteopulmonar marca Samsung instalado en el SAR Dra. Haydee López, de la red de salud de la comuna de El Bosque, en las condiciones fijadas en las Bases Técnicas.;CLP;NO PUBLICADO;DISPONIBLE;Entre 100 y 1000 UTM;I MUNICIPALIDAD DE LA COMUNA DE EL BOSQUE
867990-23-LE25;Adq. 4 kit educativos de neumática-CDP.66100 CC102;LE;Publicada y disponible para ofertar;29/04/2025 16:26:53;Se requiere adquirir 04 Kit Educativo para laboratorio de neumática que permita realizar experiencias en el área de neumática a escala menor - CDP 66100 CC 102;CLP;PUBLICADO;DISPONIBLE;12.154.141;UNIVERSIDAD DE SANTIAGO DE CHILE
2138-21-LE25;CONVENIO SERVICIO LABORATORIO DENTAL PARA HCQ;LE;Publicada y disponible para ofertar;30/04/2025 09:02:21;Se requiere contratar servicio de Laboratorio Dental para el HOSPITAL DE QUEILEN para proporcionar rehabilitación oral integral y de calidad a los usuarios que ingresan a programas de reforzamiento a la atención primaria en el establecimiento con el requerimiento de realizar prótesis dental.;CLP;NO PUBLICADO;DISPONIBLE;Entre 100 y 1000 UTM;SERVICIO DE SALUD CHILOE
4401-45-LE25;SC 281 Plan anual de capacitaciones 2025;LE;Publicada y disponible para ofertar;30/04/2025 12:07:51;contratar servicio de capacitaciones en cumplimiento del Plan Anual de Capacitación PAC año 2025, para el Departamento de Salud de la I. M. de San Clemente;CLP;NO PUBLICADO;DISPONIBLE;Entre 100 y 1000 UTM;I MUNICIPALIDAD DE SAN CLEMENTE
4329-20-LE25;SERVICIO DE MEDICAMENTOS A DOMICILIO ÑIQUÉN 2025;LE;Publicada y disponible para ofertar;30/04/2025 10:05:00;CONTRATAR SERVICIO DE DISTRIBUCION Y ENTREGA DE MEDICAMENTOS A DOMICILIO, A USUARIOS DE ESTABLECIMIENTOS DE SALUD DE LA COMUNA DE ÑIQUÉN.;CLP;PUBLICADO;ESTIMADO;3.750.000;Ilustre Municipalidad de Ñiquen
5067-68-L125;Contratar un diplomado en materia de Terapia Ortopédica 83045 cc32;L1;Publicada y disponible para ofertar;30/04/2025 17:21:33;En el marco del Programa de Financiamiento de Diplomados 2025, se requiere contratar un diplomado en materia de Terapia Ortopédica para el funcionario del Departamento de Promoción Integral de la Salud, Sr. Felipe Fernández Barahona, con el fin de que pueda obtener herramientas y estrategias que sean aplicables a su labor dentro de la institución.;CLP;PUBLICADO;DISPONIBLE;1.176.000;UNIVERSIDAD DE SANTIAGO DE CHILE
821-1-LR25;Reposición Posta Salud Rural Nueva Talcuna Vicuña.;LR;Publicada y disponible para ofertar;12/03/2025 09:10:00;Diseño del proyecto de Arquitectura y Especialidades, con la ejecución de las obras civiles del edificio.;CLP;NO PUBLICADO;DISPONIBLE;Igual o superior a 5.000 UTM;MINISTERIO DE OBRAS PUBLICAS DIREC CION GRAL DE OO PP DCYF
1514-60-LE25;CONVENIO DE SUMINISTRO DE PREPARADOS MAGISTRAL ESTÉRILES PARA EL HOSPITAL DE CASTRO;LE;Publicada y disponible para ofertar;23/04/2025 12:13:00;1.	La necesidad de contar con Preparados Magistral estériles para el Hospital de Castro, para la continuidad de tratamiento de los pacientes del Hospital de Castro;CLP;NO PUBLICADO;ESTIMADO;Entre 100 y 1000 UTM;SERVICIO DE SALUD CHILOE
5839-1-LP25;ADQUISICIÓN VACUNAS ANTIHEPATITIS COMBINADAS A y B;LP;Publicada y disponible para ofertar;23/04/2025 13:55:26;SATISFACER NECESIDADES DEL SERVICIO DE MEDICINA PREVENTIVA DE LA ARMADA ;CLP;NO PUBLICADO;ESTIMADO;Igual o superior a 1.000 UTM e inferior a 2.000 UTM;DIRECCION DE ABASTECIMIENTO DE LA ARMADA
2565-8-LE25;ADQUISICIÓN DE SERVICIOS PARA PROGRAMA DE IMAGENES DIAGNOSTICAS;LE;Publicada y disponible para ofertar;28/04/2025 11:44:26;ADQUIRIR SERVICIOS PARA PROGRAMA DE IMAGENES DIAGNOSTICAS, SEGUN PROGRAMA DE SERVICIO DE SALUD;CLP;NO PUBLICADO;ESTIMADO;Entre 100 y 1000 UTM;I MUNICIPALIDAD DE CHEPICA
1274285-27-LP25;Servicio exámenes Coagulación;LP;Publicada y disponible para ofertar;28/04/2025 13:12:15;Servicio contrato suministro de reactivos e insumos para exámenes sección coagulación para Laboratorio Comunal de San Bernardo;CLP;NO PUBLICADO;DISPONIBLE;Igual o superior a 1.000 UTM e inferior a 2.000 UTM;CORPORACION MUNICIPAL DE EDUCACION Y SALUD DE SAN BERNARDO
2702-20-LQ25;seguridad  para centros de salud Talagante;LQ;Publicada y disponible para ofertar;24/04/2025 16:28:00;se requiere el servicio de seguridad privada para res de urgencia SAR y SAPU de la comuna de Talagante, permitiendo contar con el personal de guardia calificado para el resguardo de funcionarios, usuarios y establecimientos del área.;CLP;NO PUBLICADO;ESTIMADO;Igual o superior a 2.000 UTM e inferior a 5.000 UTM ;I MUNICIPALIDAD DE TALAGANTE
359-56-LE25;ADQ. CAJA INSTRUMENTAL MICROCIRUGÍA 19 PIEZAS;LE;Publicada y disponible para ofertar;29/04/2025 13:03:07;El Instituto Nacional del Cáncer requiere contratar la Adquisición de caja instrumental de microcirugía completa 19 piezas para el Instituto Nacional del Cáncer;CLP;NO PUBLICADO;DISPONIBLE;Entre 100 y 1000 UTM;Instituto Nacional del Cancer
1663-117-LE25;SUMINISTRO PROTESIS REMOVIBLE BASES METALICAS;LE;Publicada y disponible para ofertar;30/04/2025 16:29:12;SE REQUIERE CONTRATAR UN SERVICIO DE LABORATORIO DENTAL PARA SUMINISTRO DE PROTESIS REMOVIBLES BASES METÁLICAS, PARA LA ESPECIALIDAD DE REHABILITACION ORAL DEL HOSPITAL DE QUELLÓN.;CLP;NO PUBLICADO;DISPONIBLE;Entre 100 y 1000 UTM;SERVICIO DE SALUD CHILOE
3495-15-LE25;COMPRA E INSTALACIÓN REFRIGERADOR VACUNAS CESFAM;LE;Publicada y disponible para ofertar;23/04/2025 11:45:00;El Departamento de Salud Municipal de la Comuna de Vilcún, llama a licitación pública con el objetivo de adquirir e instalar refrigerador para el laboratorio de vacunas del CESFAM. se adjuntan requerimientos técnicos.;CLP;PUBLICADO;DISPONIBLE;10.000.000;I MUNICIPALIDAD DE VILCUN
1276532-3-LE25;ADQUISICIÓN DE SEGUROS VEHÍCULOS DEPTO. ADM.;LE;Publicada y disponible para ofertar;29/04/2025 15:35:06;Se requiere la contratación de seguros para 7 vehículos de propiedad de la Corporación Municipal Gabriel González Videla por un periodo de 12 meses, con el fin de resguardar la flota vehicular del Departamento de Administración y Finanzas.;CLF;NO PUBLICADO;DISPONIBLE;Entre 100 y 1000 UTM;CORP.MUNICIPAL GABRIEL GONZALEZ VIDELA DE LA SERENA
4401-42-LE25;SC 416 ADQUISICIÓN DE CONTAINERS;LE;Publicada y disponible para ofertar;29/04/2025 15:42:40;SE REQUIERE ADQUIRIR CONTEINERS PARA EL DEPARATAMENTO DE SALUD DE SAN CLEMENTE;CLP;PUBLICADO;DISPONIBLE;20.000.000;I MUNICIPALIDAD DE SAN CLEMENTE
2332-35-LE25;SERVICIO DE MANTENCION SISTEMA ALCANTARILLADO POSTA LENCA;LE;Publicada y disponible para ofertar;22/04/2025 09:24:34;Se solicita contratar el Servicio de Mantención Sistema Alcantarillado para mantener en óptimas condiciones el sistema alcantarillado del Centro de Salud.;CLP;PUBLICADO;DISPONIBLE;11.887.000;I MUNICIPALIDAD DE PUERTO MONTT
2773-20-LE25;SERVICIO MAPEO TÉRMICO;LE;Publicada y disponible para ofertar;21/04/2025 12:35:24;La Dirección de Administración de Salud de Chiguayante, a través de la Unidad de compras y logística, solicita la adquisición del servicio de mapeo térmico de invierno y verano en droguería comunal para dar cumplimiento a proyecto de habilitación según convenio FONDO DE FARMACIA PARA ENFERMEDADES CRÓNICAS NO TRANSMISIBLES EN APS FOFAR de la D.A.S.;CLP;NO PUBLICADO;DISPONIBLE;Entre 100 y 1000 UTM;I MUNICIPALIDAD DE CHIGUAYANTE
744835-43-L125;CABLE ELECTROCARDIÓGRAFO-REGULADOR DE OXÍGENO ;L1;Publicada y disponible para ofertar;24/04/2025 16:03:54;DE ACUERDO A SOLICITUD DE MATERILAES N 53-2025, DEL DEPTO. DE SALUD;CLP;NO PUBLICADO;DISPONIBLE;Menor a 100 UTM;I MUNICIPALIDAD DE LO ESPEJO
1663-115-L125;SERVICIO DE HOLTER DE RITMO ;L1;Publicada y disponible para ofertar;25/04/2025 17:23:41;SE REQUIERE LA CONTRATACIÓN DE SERVICIO DE HOLTER DE RITMO POR AL MENOS 24 MESES CON EQUIPO DE COMODATO, SOLICITADO POR LA UNIDAD DE CENTRO DE ATENCIÓN DE ESPECIALIDADES, CON REQUERIMIENTO 301.;CLP;PUBLICADO;DISPONIBLE;3.284.440;SERVICIO DE SALUD CHILOE
359-51-LE25;SERVICIO MTTO MAQUINAS ANESTESIA;LE;Publicada y disponible para ofertar;23/04/2025 10:58:19;El Instituto Nacional del Cáncer requiere la Contratación de Servicios de Mantenimiento Preventivo y Correctivo para Maquinas de Anestesia y Monitores Drager de la Unidad de Anestesia del Instituto Nacional del Cáncer;CLP;NO PUBLICADO;DISPONIBLE;Entre 100 y 1000 UTM;Instituto Nacional del Cancer
2694-16-LE25;SERVICIO  DE  MAIL HOSTING  PROFESIONAL;LE;Publicada y disponible para ofertar;28/04/2025 10:29:57;SERVICIO  DE  MAIL  HSOTING  PROFESIONAL,  PARA  AREA  DE  SALUD  CARTAGENA.  POR  UN  PERIODO  DE  24  MESES.  SEGUN  BASES  DE  LICITACIÓN  APROBADAS  MEDIANTE  DECRETO  ALCALDICIO  N 1362  DE  FECHA  25.04.2025;CLP;NO PUBLICADO;DISPONIBLE;Entre 100 y 1000 UTM;I MUNICIPALIDAD DE CARTAGENA
1663-112-LE25;MANTENIMIENTO DEL SISTEMA DE ILUMINACION NHQ;LE;Publicada y disponible para ofertar;28/04/2025 13:09:24;EL HOSPITAL DE QUELLON REQUIERE CONTRATAR LA MANTENCION DEL SISTEMA DE ILUMINACION DEL HOSPITAL DE QUELLON;CLP;NO PUBLICADO;ESTIMADO;Entre 100 y 1000 UTM;SERVICIO DE SALUD CHILOE
1736-39-LP25;SERVICIO MANT PM Y CM AUTOCLAVES;LP;Publicada y disponible para ofertar;30/04/2025 15:22:50;Servicio de mantenimiento preventivo y correctivo para autoclaves instalados en dentro de la Red de Salud Municipal de El Bosque.;CLP;PUBLICADO;DISPONIBLE;120.000.000;I MUNICIPALIDAD DE LA COMUNA DE EL BOSQUE
552975-27-LQ25;SERVICIO DE ARRIENDO DE IMPRESORAS;LQ;Publicada y disponible para ofertar;30/04/2025 16:50:22;La Corporación de Desarrollo Social de Providencia, en adelante la “CORPORACIÓN”, llama a licitación pública el servicio denominado: “SERVICIO DE ARRIENDO DE IMPRESORAS MULTIFUNCIONALES BN Y COLOR”, la cual tiene por objetivo contar con el servicio arriendo de impresoras y copiadoras multifuncionales BN y Color para los establecimientos del área de salud, educación y administración central.;CLP;NO PUBLICADO;DISPONIBLE;Igual o superior a 2.000 UTM e inferior a 5.000 UTM ;CORP DE DESARROLLO SOCIAL DE PROVIDENCIA
1514-55-LE25;CONVENIO SUMINISTRO DE JABON NEUTRO ;LE;Publicada y disponible para ofertar;30/04/2025 16:58:55;La necesidad de establecer un “Convenio de Suministro De Jabon Neutro”, para el normal funcionamiento del Hospital de Castro.;CLP;NO PUBLICADO;ESTIMADO;Entre 100 y 1000 UTM;SERVICIO DE SALUD CHILOE
4584-9-LE25;CONFECCION REBASADOY REPARACION DE PROTESIS DENTAL;LE;Publicada y disponible para ofertar;25/04/2025 12:15:50;LA NECECIDAD DE REALIZAR LICITACION POR MOTIVOS DE CONTAR CON LOS SERVICIOS DE CONFECION DE PROTEIS PARA DAR LAS ATENCIONES A LOS PACIENTES DE POSTAS Y ESTACIONES MEDICO RURAL.;CLP;NO PUBLICADO;DISPONIBLE;Entre 100 y 1000 UTM;I MUNICIPALIDAD DE MARCHIGUE
4429-27-LE25;CONVENIO SUMINISTRO BOLSAS PLASTICAS DROGERIA COMU;LE;Publicada y disponible para ofertar;23/04/2025 11:28:50;LA MUNICIPALIDAD DE HUALPEN REQUIERE LA ADQUISICIÓN DE CONVENIO SUMINISTRO DE BOLSAS PLASTICAS DROGUERIA COMUNAL DEPENDIENTES DE LA DIRECION DE ADMINISTRACION DE SALUD DE LA MUNICIPALIDAD DE HUALPEN CON DESPACHOS PARCIALIZADOS POR UN PERIODO DE 12 MESES;CLP;PUBLICADO;DISPONIBLE;14.500.000;MUNICIPALIDAD DE HUALPEN
4429-25-LE25;CONVENIO SUMINISTRO APOSITOS DE ALGODON GASA;LE;Publicada y disponible para ofertar;23/04/2025 10:00:07;CONVENIO SUMINISTRO DE APOSITOS DE ALGODON GASA PARA ABASTECER LOS CENTROS DE SALUD DE LA COMUNA DE HUALPEN;CLP;PUBLICADO;DISPONIBLE;27.000.000;MUNICIPALIDAD DE HUALPEN
899-10-L125;SERVICIO DE MUESTREOS Y ANÁLISIS DE AGUAS PARA EL HOSPITAL FAMILIAR Y COMUNITARIO SAN JOSÉ DE CASABLANCA;L1;Publicada y disponible para ofertar;28/04/2025 11:51:06;Se requiere Servicio de Servicio de muestreos y análisis de aguas (potable y residuales) para el Hospital Familiar y Comunitario San José de Casablanca. Se detallan productos y especificaciones en ficha de Licitación y en Bases Técnicas.;CLP;NO PUBLICADO;ESTIMADO;Menor a 100 UTM;SERVICIO DE SALUD VALPARAISO SAN ANTONIO
872-29-LE25;Contador de partículas no viables;LE;Publicada y disponible para ofertar;30/04/2025 12:13:50;La Comisión Chilena de Energía Nuclear requiere adquirir un equipo nuevo de contador de partículas no  viables para ser utilizado en el Centro de Investigaciones Nucleares para Aplicaciones en Salud y  Biomedicina (CINABS). El equipo permitirá monitorear el ambiente en la instalación que opera con  estándares GMP y certificación ISO Clase 5-9. ;CLP;NO PUBLICADO;ESTIMADO;Entre 100 y 1000 UTM;Comisión Chilena de Energía Nuclear
2281-17-L125;ADQUISICION DE 7 INGRESOS A RECINTOS DE RELAJACIÓN PARA USUARIOS DEL DEPARTAMENTO ADULTO MAYOR;L1;Publicada y disponible para ofertar;30/04/2025 12:38:18;ADQUISICION DE 7 INGRESOS A RECINTOS DE RELAJACIÓN PARA USUARIOS DEL DEPARTAMENTO ADULTO MAYOR, SOLICITUD N°539687.;CLP;PUBLICADO;DISPONIBLE;6.748.000;I MUNICIPALIDAD VALDIVIA
2048-33-LE25;CASILLEROS PARA LA HABILITACIÓN DE RESIDENCIA Y OTROS ESPACIOS;LE;Publicada y disponible para ofertar;21/04/2025 16:40:00;El Hospital de Ancud requiere casilleros para llevar a cabo la habilitación de residencias medicas y otros espacios pertenecientes al personal mejorando las áreas comunes.;CLP;NO PUBLICADO;ESTIMADO;Entre 100 y 1000 UTM;SERVICIO DE SALUD CHILOE
799512-34-CO25;Compra de Lagrimas Artificiales Sin Preservantes;CO;Publicada y disponible para ofertar;22/04/2025 12:47:03;La droguería de la Corporación Municipal de Valparaíso necesita adquirir Lagrimas Artificiales Sin Preservantes para abastecer los centros de salud de atención primaria. ;CLP;PUBLICADO;ESTIMADO;60.000.000;CORP MUNICIPAL DE VALPARAISO PARA EL DESARROLLO SOCIAL
3507-5-LE25;CAMIONETA CABINA SIMPLE;LE;Publicada y disponible para ofertar;22/04/2025 16:46:32;La presente licitación tiene por objeto la adquisición de camioneta para reposición de ambulancia Puluqui, de acuerdo con los requerimientos y las condiciones establecidas en las presentes bases administrativas especiales y documentos que forman parte de ellas y las aclaraciones que se hicieren a éstas;CLP;NO PUBLICADO;ESTIMADO;Entre 100 y 1000 UTM;I MUNICIPALIDAD DE CALBUCO
2790-35-L125;SERVICIO DE CONFECCIÓN E INSTALACIÓN DE LETRAS VOLUMÉTRICAS;L1;Publicada y disponible para ofertar;22/04/2025 13:47:00;SERVICIO DE CONFECCIÓN E INSTALACIÓN DE LETRAS VOLUMÉTRICAS PARA CESFAM DR. MIGUEL SOLAR DEL DEPARTAMENTO DE SALUD PAINE/SC N° 106, 14.04.2025-DESAM;CLP;PUBLICADO;ESTIMADO;5.000.000;I MUNICIPALIDAD DE PAINE
2410-218-LE24;SUMINISTRO DE AGUA DESMINERALIZADA;LE;Publicada y disponible para ofertar;25/04/2025 17:09:32;Se requiere dispones de suministro de agua desmineralizada (destilada) en bidones de 5 litros por un periodo de 24 meses, para uso en unidades dentales, plantas de osmosis, esterilizadores, lavado de instrumental quirúrgico y dilución de sanitizantes. SISBAL N°1666;CLP;PUBLICADO;ESTIMADO;9.504.000;I MUNICIPALIDAD DE LOS ANGELES
1274285-26-LQ25;Reactivos e insumos para exámenes de Hematología;LQ;Publicada y disponible para ofertar;28/04/2025 12:19:40;Servicio de suministro de reactivos e insumos para exámenes de Hematología para Laboratorio Comunal de San Bernardo;CLP;NO PUBLICADO;DISPONIBLE;Igual o superior a 2.000 UTM e inferior a 5.000 UTM ;CORPORACION MUNICIPAL DE EDUCACION Y SALUD DE SAN BERNARDO
2917-20-L125;Servicio de mantención unidades Dentales año 2025;L1;Publicada y disponible para ofertar;28/04/2025 10:42:36;Servicio de mantención unidades Dentales año 2025;CLP;PUBLICADO;DISPONIBLE;3.382.040;I MUNICIPALIDAD DE RIO NEGRO
3926-18-LE25;PROTESIS DENTALES;LE;Publicada y disponible para ofertar;28/04/2025 10:35:27;Contrato de Prestación de servicios especializados en Prótesis Dentales para usuarios del Servicio Publico de Salud de San Juan de la Costa;CLP;PUBLICADO;DISPONIBLE;28.140.000;Ilustre Municipalidad de San Juan de la Costa
609-19-LR25;SERVICIO DE CORRETAJE DE SEGURO;LR;Publicada y disponible para ofertar;28/04/2025 15:35:46;Se requiere de la contratación de un oferente del ramo que provea los servicios de corretaje de seguro para el seguro agropecuario del programa PACSA y para el seguro de desgravamen vinculado a la entrega de créditos;CLP;NO PUBLICADO;ESTIMADO;Igual o superior a 5.000 UTM;INSTITUTO DE DESARROLLO AGROPECUARIO
3864-2-LE25;Adquisición de 7.000 litros de Petroleo -Diesel;LE;Publicada y disponible para ofertar;29/04/2025 10:03:40;La Municipalidad de Santa Cruz a través de la Dirección de Salud Municipal llama a licitación pública para efectuar la Adquisición de 7.000 Litros de Petróleo-Diésel para la caldera del CESFAM Santa Cruz.;CLP;NO PUBLICADO;DISPONIBLE;Entre 100 y 1000 UTM;I MUNICIPALIDAD DE SANTA CRUZ
359-55-LP25;ADQ SONDA MONOPOLAR E INSUMOS;LP;Publicada y disponible para ofertar;25/04/2025 11:43:19;El Instituto Nacional del Cáncer requiere contratar la ADQUISICIÓN SONDA MONOPOLAR E INSUMOS, TUBO ENDOTRAQUEAL Y ELECTRODOS PARA CIRUGÍAS DE TIROIDES Y PAROTIDAS CON ARRIENDO DE EQUIPO MONITOR, EQUIPO CABEZA Y CUELLO EL INSTITUTO NACIONAL DEL CÁNCER;CLP;NO PUBLICADO;DISPONIBLE;Igual o superior a 1.000 UTM e inferior a 2.000 UTM;Instituto Nacional del Cancer
2997-24-LP25;PÓLIZAS DE SEGUROS PARQUE VEHICULAR MUNICIPAL;LP;Publicada y disponible para ofertar;29/04/2025 14:57:40;La Ilustre Municipalidad de Monte Patria, requiere contratar pólizas de seguro para el parque automotriz de sus distintas áreas por el periodo de un año.;CLF;NO PUBLICADO;ESTIMADO;Igual o superior a 1.000 UTM e inferior a 2.000 UTM;I MUNICIPALIDAD DE MONTEPATRIA
3496-2-L125;Convenio Suministro Mantencion de Sillones y Equipso dentales ;L1;Publicada y disponible para ofertar;29/04/2025 10:59:51;En razón de lo expuesto es que la Ilustre Municipalidad de Cobquecura -Depto. de Salud, requiere contratar los servicios profesionales para la Mantención correctiva y/o Reparativa de Sillones Dentales, Taburetes, Compresores Dentales, Equipos de ultrasonido, Lámparas de foto curado, unidades dentales móviles y sillones dentales móviles. ;CLP;NO PUBLICADO;ESTIMADO;Menor a 100 UTM;I MUNICIPALIDAD DE COBQUECURA
1663-20-LP25;Suministro de Tóner Kyocera 2025;LP;Publicada y disponible para ofertar;30/04/2025 12:21:48;Adquisición de tóner para impresoras multifuncionales Kyocera del Hospital de Quellón de manera de asegurar la disponibilidad total del parque de impresoras del Hospital para el año 2025. Unidad de TICS. Requerimiento 1281.;CLP;NO PUBLICADO;ESTIMADO;Igual o superior a 1.000 UTM e inferior a 2.000 UTM;SERVICIO DE SALUD CHILOE
1514-70-LQ25;CONVENIO DE ARRIENDO DE IMPRESORAS INCLUYENDO SERVICIO TÉCNICO REPUESTOS E INSUMOS PARA EL HOSPITAL DE CASTRO;LQ;Publicada y disponible para ofertar;30/04/2025 16:30:51;SE REQUIERE PARA EL NORMAL FUNCIONAMIENTO DE LAS UNIDADES CLINICAS Y ADMINISTRATIVAS DEL HOSPITAL DE CASTRO;CLP;NO PUBLICADO;ESTIMADO;Igual o superior a 2.000 UTM e inferior a 5.000 UTM ;SERVICIO DE SALUD CHILOE
1641-539-LR24;BPG - STENT FARMACOACTIVO CON STRUTS ULTRAFINOS l;LR;Publicada y disponible para ofertar;02/04/2025 15:42:03;La contratación de STENT FARMACOACTIVOS CON STRUTS ULTRAFINOS, LIBERADOR DE SIROLIMUS l tiene por objeto, cumplir de manera continua la labor asistencial que ha sido encomendada a nuestra Institución, estableciendo las condiciones que permitan alcanzar la combinación más ventajosa entre todos los beneficios del bien o servicio a adquirir, y todos sus costos asociados, presentes y futuros (Art. 37° del Reglamento), según el siguiente detalle: STENT FARMACOACTIVOS CON STRUTS ULTRAFINOS, LIBERADOR DE SIROLIMUS ÍTEM CÓDIGO INTERNO DESCRIPCIÓN UNIDAD DE MEDIDA CANTIDAD ESTIMADA (*) VIGENCIA EN MESES 1 03-005-001-0232 STENT FARMACOACTIVO CON STRUTS ULTRAFINOS, LIBERADOR DE SIROLIMUS UN 600 24 MESES Al momento de adjudicar, el hospital podrá aumentar o disminuir hasta en un 30% de las cantidades estimadas en las presentes bases de licitación, conforme a los presupuestos disponibles, y sin alterar el principio de estricta sujeción a las bases de igualdad de los oferentes. (*) Se establece que las cantidades de productos y/o servicios son de flujo variable, lo que significa que el Hospital no se compromete a adquirir cantidades específicas de manera periódica, será según los requerimientos del hospital, por lo que en ningún caso se fijará stock mínimo de compra, ni tampoco totales, por lo que el o los adjudicatarios estarán imposibilitados de señalar cantidades mínimas para su despacho. Se deja establecido que, dadas las necesidades críticas del objeto de la licitación, esta contratación no podrá ser condicionada a la suspensión de los servicios a la falta de pagos efectuados por el Hospital, pues pone en riesgo la salud de la población que atiende el Establecimiento. Asimismo, se hace presente que este proceso de licitación se hará por ítem adjudicado (línea), por lo cual cada proveedor podrá ofertar por un ítem de los señalados en este punto, por más de uno o por la totalidad de los mismos, correspondiendo cada ítem a una línea de producto o servicio.;CLP;NO PUBLICADO;ESTIMADO;Igual o superior a 5.000 UTM;SERVICIO DE SALUD OCCIDENTE HOSPITAL SAN JUAN DE DIOS
1298354-8-LE25; ADQU. DE INSUMOS COMPUTACIONALES POR LÍNEA DE ESTABLECIMIENTO EDUCACIONAL ;LE;Publicada y disponible para ofertar;21/04/2025 10:54:00;La Corporación Municipal de Melipilla, en adelante la Corporación, requiere adquirir insumos computacionales, notebooks, impresoras y otros por línea para los establecimientos educacionales y de salud que se describen más adelante, los cuales serán proporcionados por el oferente con la finalidad de otorgar el óptimo desempeño en el ejercicio de las funciones del personal y de los estudiantes de dicha institución. ;CLP;NO PUBLICADO;DISPONIBLE;Entre 100 y 1000 UTM;CORP MUNICIPAL MELIPILLA PARA LA ED SALUD
5615-40-LE25;CONTRATO DE SUMINISTRO PARA PROVISIÓN DE ALIMENTOS;LE;Publicada y disponible para ofertar;22/04/2025 15:47:58;CONTRATO DE SUMINISTRO PARA LA PROVISIÓN DE ALIMENTOS PARA LA MUNICIPALIDAD DE EL CARMEN Y SERVICIOS TRASPASADO SALUD Y EDUCACIÓN, SEGÚN BASES ADMINISTRATIVAS ESPECIALES, Y REQUERIMIENTOS ADMINISTRACIÓN N°48 DE FECHA 22.02.2025, REQ DPTO EDUCACIÓN N°7-F DE FECHA 14.02.2025, Y REQ DPTO SALUD N°57 DE FECHA 14.02.2025;CLP;NO PUBLICADO;DISPONIBLE;Entre 100 y 1000 UTM;Ilustre Municipalidad de El Carmen
1427185-5-LE25;Adquisicion de bienes y equipos audiovisuales;LE;Publicada y disponible para ofertar;25/04/2025 14:14:22;La necesidad por parte del Servicio de Salud Coquimbo de la adquisición de bienes y equipos audiovisuales básicos para ser utilizados por el Departamento de Comunicaciones y Relaciones Publicas.;CLP;NO PUBLICADO;ESTIMADO;Entre 100 y 1000 UTM;SERVICIO DE SALUD COQUIMBO
1655-14-LP25;Insumos Clinicos para atencion en Box;LP;Publicada y disponible para ofertar;29/04/2025 11:50:50;La Dirección de Atención Primaria requiere de “INSUMOS CLINICOS PARA ATENCION EN BOX, con el fin de contar con los insumos clínicos necesarios para la atención de los usuarios lo que es  parte integrar del quehacer de los CESFAM dependientes, en su misión de tener entregar una  atención de salud primaria con enfoque comunitario y familiar.;CLP;NO PUBLICADO;ESTIMADO;Igual o superior a 1.000 UTM e inferior a 2.000 UTM;SERVICIO DE SALUD METROPOLI CENTRAL DIRECCION DE ATENCION PRIMARIA
1057501-131-LR25;SERVICIOS TRATAMIENTOS QUIRÚRGICOS DE COLOPROCTOLOGÍA;LR;Publicada y disponible para ofertar;04/04/2025 11:28:37;El objeto de la presente licitación es llamar a propuesta pública para la “SERVICIOS MÉDICOS ESPECIALIZADOS EN TRATAMIENTO QUIRÚRGICOS DE COLOPROCTOLOGÍA”, para beneficiarios del Sistema Público de salud atendidos en el Hospital Dr. Sótero del Río. ;CLP;NO PUBLICADO;DISPONIBLE;Igual o superior a 5.000 UTM;COMPLEJO ASISTENCIAL DR. SOTERO DEL RIO
750301-7-LE25;MANTENCIÓN PREVENTIVA Y CORRECTIVA DE TECHUMBRES;LE;Publicada y disponible para ofertar;22/04/2025 12:00:54;El objeto de la presente licitación es la contratación del servicio de mantención preventiva y correctiva, programada y periódica de las techumbres de 17 establecimientos de salud de la comuna. El servicio debe incluir las reparaciones correctivas necesarias frente a situaciones emergentes yo urgentes.   Estos servicios tienen como objetivo mejorar y mantener en buen estado  las cubiertas, con el objeto de entregar un lugar de trabajo en óptimas condiciones a los trabajadores de las red de salud primaria y prever una buena y optima atención a los pacientes, y así evitar condiciones de inseguridad, insalubridad producto de filtraciones por aguas lluvias, por lo tanto se requiere resolver todas las problemáticas que afectan diariamente y directamente a la red, lo cual puede generar dificultad en la atención y en la infraestructura de los centros. Se contemplan 4 visitas programadas en el año.;CLP;PUBLICADO;ESTIMADO;60.000.000;CORP.MUNICIPAL GABRIEL GONZALEZ VIDELA DE LA SERENA
1057499-19-LR25;SERVICIO PRESTACIÓN DIA CAMA HOGARES PROTEGIDOS Y RESIDENCIAS PROTEGIDAS”;LR;Publicada y disponible para ofertar;23/04/2025 09:53:19;La presente licitación tiene como objetivo la suscripción de “SERVICIOS PRESTACIÓN DIA CAMA HOGARES PROTEGIDOS Y RESIDENCIAS PROTEGIDAS”, para lo cual se requiere al menos: a)	Recurso humano 24 hrs. durante 7 días a la semana para servicios de apoyo y cuidado de residentes.  b)	Arriendo del inmueble o contar con un inmueble, consistente en una casa con las características requeridas. c)	Gastos asociados al pago de cuentas de servicios básicos.  d)	Mantenimiento de la vivienda y equipamiento.  e)	Alimentación y artículos de aseo personal de los residentes.  f)	Reposición de equipamiento deteriorado y gastos asociados a movilización del personal para acompañamiento de residentes en atenciones de salud. ;CLP;NO PUBLICADO;DISPONIBLE;Igual o superior a 5.000 UTM;SERVICIO DE SALUD SUR UNIDAD HOSPITALARI
956-46-LE25;Adquisición de Equipos para Gimnasio de Rehabilitación para el nuevo Hospital Claudio Vicuña de San Antonio;LE;Publicada y disponible para ofertar;29/04/2025 09:51:36;La necesidad de realizar un proceso de licitación para la Adquisición de Equipos para Gimnasio de Rehabilitación para el nuevo Hospital Claudio Vicuña de San Antonio, requeridas por el Subdepartamento de Ingeniería de la Dirección del Servicio de Salud Valparaíso – San Antonio.;CLP;PUBLICADO;ESTIMADO;26.601.000;SERVICIO DE SALUD VALPARAISO SAN ANTONIO
1080095-1-LR25;Servicio Hogares Protegidos y Residencias Protegidas;LR;Publicada y disponible para ofertar;04/04/2025 12:10:40;El objeto de la licitación tiene a bien evaluar y seleccionar una entidad externa calificada para que otorgue el Servicio de Apoyo Residencial -Residencias y Hogares Protegidos- otorgando un soporte clínico-social para 44 personas que presentan enfermedades de Salud Mental y discapacidad psíquica, e insuficiente o nula red de apoyo, funcionando como un promotor para la inclusión social.  Por lo anterior se gestionará la contratación de los siguientes servicios:   1.	Hogares Protegidos para la ciudad de Punta Arenas. 2.	Residencias Protegidas para la ciudad de Punta Arenas.  Los objetivos de los Hogares Protegidos, han sido integrar las necesidades habitacionales con las necesidades de apoyo y seguridad que requieren las personas con discapacidad psíquica, contribuyendo además al proceso de entrenamiento de las habilidades que se relacionan con su desempeño en el hogar, favoreciendo su autonomía. Por otro lado, las Residencias Protegidas, son instancias residenciales para personas con un trastorno severo, quienes estando compensados clínicamente muestran un alto grado de discapacidad psíquica y dependencia, requiriéndose por ello un ambiente terapéutico con un alto nivel de protección.  El oferente deberá proporcionar un lugar de residencia, alimentación y recurso humano adecuado a normativa técnica vigentes, para dar cobertura a 16 plazas en Hogares Protegidos y 28 plazas de Residencia Protegida, ambas emplazadas en la comuna de Punta Arenas, para dar cumplimiento al servicio licitado de 44 plazas, por el periodo de la presente licitación. ;CLP;PUBLICADO;ESTIMADO;2.698.080.000;SERVICIO DE SALUD MAGALLANES
1211839-33-LQ25;SERVICIO DE TRANSPORTE ESCOLAR PARA ESTUDIANTES;LQ;Publicada y disponible para ofertar;24/04/2025 10:58:34;La Corporación Municipal de Educación, Salud y Atención de Menores de Puente Alto, en adelante la Corporación o la mandante, requiere contratar por medio del presente llamado a licitación pública, el servicio de transporte escolar para estudiantes del Centro Educacional Nueva Creación y otros establecimientos educacionales administrados por esta, en las condiciones establecidas en las presentes.;CLP;PUBLICADO;DISPONIBLE;248.800.000;CORP MUNIC EDUC SALUD Y ATENCION
3614-9-LE25;INSUMOS Y MEDICAMENTOS DROGUERIA MUNICIPAL;LE;Publicada y disponible para ofertar;24/04/2025 14:21:58;EL DEPARTAMENTO DE SALUD DE VICUÑA REQUIERE LA ADQUISICIÓN DE MEDICAMENTOS E INSUMOS PARA ABASTECIMIENTO DE DROGUERÍA MUNICIPAL, SEGUN CANTIDADES Y ESPECIFICACIONES QUE SE INDICAN.;CLP;PUBLICADO;DISPONIBLE;21.575.268;I MUNICIPALIDAD DE VICUNA
812261-20-LP25;SERVICIO DE EXÁMENES RADIOLÓGICOS CON FLUOROSCOPIA;LP;Publicada y disponible para ofertar;23/04/2025 13:09:53;Las presentes bases de licitación son formuladas para establecer la regulación del proceso de Licitación Pública “SERVICIO DE EXÁMENES RADIOLÓGICOS CON FLUOROSCOPIA PARA EL HOSPITAL LA FLORIDA” y reglamentan entre otros aspectos las condiciones que deben cumplir las ofertas, las etapas del proceso licitatorio, su forma de evaluación y adjudicación, las condiciones del contrato y todos los aspectos necesarios para el correcto proceso de adquisición. Cabe hacer presente que el servicio asociado a esta adquisición debe ajustarse a las especificaciones de estas bases. No podrá el proveedor ofertar servicio distinto al establecido en estas bases de licitación ni complementos o extras no contemplados en los requerimientos técnicos. Cualquier extra no requerido no será considerado en la evaluación. Con todo, sin perjuicio de lo anterior, cualquier extra ofertado, no requerido por él Hospital, y que no pueda ser separado técnica o económicamente del servicio a adquirir, se entenderá, que no cumple con lo solicitado y dará causal para ser declarada inadmisible la oferta. Tampoco podrá el proveedor presentar dos servicios alternativos en una misma oferta, a menos que lo haga de forma separada en ofertas principal y alternativa, todo, conforme a bases, de lo contrario, la oferta será declarada inadmisible. Así también, si en un proceso se presentan ofertas simultáneas respecto de un mismo servicio o ítem licitado por parte de empresas pertenecientes a un mismo grupo empresarial o relacionadas entre sí, según dispone el artículo 9 de la Ley de Compras, el Hospital considerará para efectos de la evaluación de la licitación pública o ítem ofertado, solo la oferta más conveniente de los respectivos proveedores del mismo grupo empresarial o relacionadas entre sí, según los criterios de evaluación establecidos en bases.;CLP;PUBLICADO;ESTIMADO;80.669.386;HOSPITAL CLINICO METROPOLITANO DE LA FLORIDA DOCTORA ELOISA DIAZ
1641-178-LE25;BPG - SET DE ECOCARDIOGRAFIA INTRACORONARIA;LE;Publicada y disponible para ofertar;21/04/2025 13:40:26;La contratación de SET DE ECOCARDIOGRAFIA INTRACORONARIA, tiene por objeto, cumplir de manera continua la labor asistencial que ha sido encomendada a nuestra Institución, estableciendo las condiciones que permitan alcanzar la combinación más ventajosa entre todos los beneficios del bien o servicio a adquirir, y todos sus costos asociados, presentes y futuros (Art. 37° del Reglamento), según el siguiente detalle: ITEM CÓDIGO DESCRIPCIÓN UNIDAD DE MEDIDA CANTIDAD ESTIMADA EN 6 MESES 1 03-002-222-0802 SET DE ECOCARDIOGRAFIA INTRACORONARIA UN 27 Al momento de adjudicar, el hospital podrá aumentar o disminuir hasta en un 30% de las cantidades estimadas en las presentes bases de licitación, conforme a los presupuestos disponibles, y sin alterar el principio de estricta sujeción a las bases de igualdad de los oferentes. (*) Se establece que las cantidades de productos y/o servicios son de flujo variable, lo que significa que el Hospital no se compromete a adquirir cantidades específicas de manera periódica, será según los requerimientos del hospital, por lo que en ningún caso se fijará stock mínimo de compra, ni tampoco totales, por lo que el o los adjudicatarios estarán imposibilitados de señalar cantidades mínimas para su despacho. Asimismo, se hace presente que este proceso de licitación se hará por ítem adjudicado (línea), por lo cual cada proveedor podrá ofertar por un ítem de los señalados en este punto, por más de uno o por la totalidad de estos, correspondiendo cada ítem a una línea de producto o servicio. (*) Importante: el equipo asociado señalado en la presente licitación es encargado para el ítem 1, por lo que el oferente que postule para dicho ítem tendrá como requisito obligatorio su respectiva disposición, la cual estará bajo carta de compromiso adjuntada en oferta y/o al completar la tabla correspondiente al equipo asociado en el anexo n.º 2 y firmar aquel documento, tal como se señala en la admisibilidad técnica de las presentes bases. Se deja establecido que, dadas las necesidades críticas del objeto de la licitación, esta contratación no podrá ser condicionada a la suspensión de los servicios a la falta de pagos efectuados por el Hospital, pues pone en riesgo la salud de la población que atiende el Establecimiento.;CLP;NO PUBLICADO;ESTIMADO;Entre 100 y 1000 UTM;SERVICIO DE SALUD OCCIDENTE HOSPITAL SAN JUAN DE DIOS
1057501-133-LR25;SERVICIOS TRATAMIENTOS QUIRÚRGICOS DE CIRUGÍA GENERAL;LR;Publicada y disponible para ofertar;04/04/2025 11:36:49;El objeto de la presente licitación es llamar a propuesta pública para la “SERVICIOS PROFESIONALES MÉDICOS ESPECIALIZADOS EN TRATAMIENTOS QUIRÚRGICOS DE CIRUGÍA GENERAL”, para beneficiarios del Sistema Público de salud atendidos en el Hospital Dr. Sótero del Río. En atención a lo dispuesto en el Artículo 14° del Reglamento de la Ley Nº 19.886 y dado que los servicios no se encuentran en Convenio Marco de la Dirección de Compras y Contratación Pública, las presentes Bases Administrativas establecen las disposiciones que regirán la licitación y posterior Contrato. ;CLP;NO PUBLICADO;DISPONIBLE;Igual o superior a 5.000 UTM;COMPLEJO ASISTENCIAL DR. SOTERO DEL RIO
1069417-31-LE25;COMPRA DE MEDICAMENTOS PARA COSAM DISAMU CHILLAN;LE;Publicada y disponible para ofertar;28/04/2025 11:14:00;a	La necesidad de adquirir fármacos para COSAM Chillán dependiente de la Dirección de Salud Municipal de Chillán para la “COMPRA DE FÁRMACOS PARA COSAM DEPENDIENTE DE LA DIRECCIÓN DE SALUD MUNICIPAL DE CHILLAN”;CLP;PUBLICADO;DISPONIBLE;30.000.000;I MUNICIPALIDAD DE CHILLAN
1002772-36-LR25;SUTURAS DE POLIDIOXANONA;LR;Publicada y disponible para ofertar;10/04/2025 09:14:16;Las presentes Bases constituyen el instrumento rector con el fin de suscribir un CONVENIO DE SUMINISTRO DE SUTURAS DE POLIDIOXANONA, por un periodo de 18 meses, para el Hospital Dr. Félix Bulnes Cerda. Éstas, establecen los fines, condiciones y requisitos que deberán ser cumplidos por los oferentes, en todas y cada una de las partes que conformen su oferta y además de regular el todo el proceso licitatorio hasta la suscripción del correspondiente contrato y su ejecución.;CLP;NO PUBLICADO;ESTIMADO;Igual o superior a 5.000 UTM;SERVICIO SALUD OCCIDENTE HOSPITAL DR FELIX BULNES CERDA
1002772-40-LP25;SUMINISTRO DE SUTURAS DE SEDA;LP;Publicada y disponible para ofertar;21/04/2025 16:25:20;Las presentes Bases constituyen el instrumento guía destinado a celebrar un CONVENIO DE SUMINISTRO DE SUTURAS DE SEDA PARA EL HOSPITAL DR. FÉLIX BULNES CERDA, en adelante Hospital, éstas, establecen los fines, condiciones y requisitos que deberán ser cumplidos por los oferentes, en todas y cada una de las partes que conformen su oferta, además de regular el todo el proceso licitatorio hasta la suscripción del correspondiente contrato.;CLP;NO PUBLICADO;ESTIMADO;Igual o superior a 1.000 UTM e inferior a 2.000 UTM;SERVICIO SALUD OCCIDENTE HOSPITAL DR FELIX BULNES CERDA
1549-39-LR25;SERVICIO DE TELERADIOLOGIA TODO HORARIO;LR;Publicada y disponible para ofertar;14/04/2025 14:00:10;SERVICIO DE TELERADIOLOGIA TODO HORARIO PARA EL HOSPITAL SAN JOSE  VEASE RESOLUCION EXENTA N1220 ADJUNTA;CLP;NO PUBLICADO;DISPONIBLE;Igual o superior a 5.000 UTM;SERVICIO DE SALUD METROPOLITANA NORTE HOSPITAL SAN JOSE
2098-58-LP25;CONVENIO DE SUMINISTRO DE FÁRMACOS DE USO OCASIONAL HRAV.;LP;Publicada y disponible para ofertar;22/04/2025 09:27:38;HOSPITAL DE CURANILAHUE, A TRAVÉS DE SU UNIDAD DE FARMACIA REQUIERE LA ADQUISICIÓN  DE CONVENIO DE SUMINISTRO DE FÁRMACOS DE USO OCASIONAL, DE ACUERDO A PAC 181 AÑO 2025.;CLP;PUBLICADO;ESTIMADO;264.615.540;SERVICIO NACIONAL DE SALUD HOSPITAL DE C
1058134-60-LR25;CONVENIODE MEDICAMENTOS COMPRIMIDOS 4-2025;LR;Publicada y disponible para ofertar;22/04/2025 17:31:25;“CONVENIO DE SUMINISTRO DE MEDICAMENTOS COMPRIMIDOS   PARA EL HOSPITAL BASE VALDIVIA”;CLP;PUBLICADO;ESTIMADO;483.225.000;SERVICIO DE SALUD VALDIVIA HOSPITAL BASE
2069-77-LP25;BMC SUMINISTRO DE SOLUCIONES ANESTÉSICAS CON EQUIP;LP;Publicada y disponible para ofertar;23/04/2025 12:29:45;El objeto de la presente licitación es contar con un contrato de suministro que pueda satisfacer la demanda de los procedimientos del Hospital por medio de insumos y equipos asociados necesarios para entregar un correcto tratamiento a pacientes hospitalizados y ambulatorios del establecimiento, conjuntamente con la implementación de un sistema de frecuencia y periodicidad de entrega de los productos, coordinado entre Hospital y el adjudicatario. La contratación incluye, además, que el proveedor adjudicado ponga a disposición del Hospital, por el periodo de vigencia del convenio los equipos necesarios para el uso de los insumos, el cual debe cumplir con estándares de seguridad, y de costo del adjudicatario, incluyendo sus accesorios, con la finalidad de entregar un correcto tratamiento apoyando la actividad asistencial del Hospital, mejorando la atención de la población beneficiaria. El equipamiento equipos para el Hospital será devuelto al proveedor al momento de la liquidación del convenio, utilizando los procedimientos establecidos en la Ley Nº 19.886, Ley de Bases sobre Contratos Administrativos de Suministro y Prestación de Servicios.  Por lo anterior, la provisión de equipos específicos asociados a los insumos, incluye los siguientes estándares específicos: -	Provisión y reposición oportuna de insumos para asegurar que se encuentren disponibles según requerimientos del Servicio Clínico y Quirúrgico. -	La provisión de equipos del Hospital, durante la vigencia del contrato, según las especificaciones contenidas en las Bases Técnicas, sin costo para el Hospital. -	Garantía del equipo, y mantenimiento de acuerdo al tiempo indicado en las bases técnicas y Formulario N°8 de las Bases. -	Capacitación en el uso y en el funcionamiento de los equipos y accesorios, según lo indicado en las bases técnicas y Formulario N°8.  Sin perjuicio de lo anterior, el suministro a contratar deberá permitir la opción de ser ampliado o reducido, de acuerdo a las necesidades del Hospital, en consideración a la demanda variable del Hospital.;CLP;NO PUBLICADO;ESTIMADO;Igual o superior a 1.000 UTM e inferior a 2.000 UTM;SERVICIO DE SALUD METROPOLITANO SUR HOSP
1641-190-LP25;DGC - SUMINISTRO DE ASPARRAGINASA;LP;Publicada y disponible para ofertar;23/04/2025 16:49:54;El objeto de la presente licitación es la adquisición de SUMINISTRO DE ASPARRAGINASA según el siguiente detalle: ITEM CODIGO DESCRIPCIÓN UNIDAD DE MEDIDA CANTIDAD REQUERIDA 1 01-001-219-025 ASPARRAGINASA 10.000 UI POLV LIOF FA FRAMP 240 Al momento de adjudicar, el hospital podrá aumentar o disminuir hasta en un 30% de las cantidades estimadas en las presentes bases de licitación, conforme a los presupuestos disponibles, y sin alterar el principio de estricta sujeción a las bases de igualdad de los oferentes. (*) Se deja constancia que las cantidades de productos o servicios son de flujo variables, no comprometiendo el Hospital a adquirir cantidades determinadas de manera periódica, por lo que en ningún caso se fijará stock mínimo de compra, ni tampoco totales, por lo que el o los adjudicatarios estarán imposibilitados de señalar cantidades mínimas para su despacho. Asimismo, se hace presente que este proceso de licitación se hará por ítem adjudicado (línea), por lo cual cada proveedor podrá ofertar por un ítem de los señalados en este punto, por más de uno o por la totalidad de los mismos, correspondiendo cada ítem a una línea de producto o servicio. La oferta a través de la Plataforma Mercado Público deberá efectuarse por el valor neto (Sin IVA).;CLP;NO PUBLICADO;ESTIMADO;Igual o superior a 1.000 UTM e inferior a 2.000 UTM;SERVICIO DE SALUD OCCIDENTE HOSPITAL SAN JUAN DE DIOS
1057489-151-LQ25;Convenio de Suministro de Bolsas Fotoprotectoras para Medicamentos por 36 meses para Hospital del Salvador ;LQ;Publicada y disponible para ofertar;17/04/2025 10:24:01;Que, el Hospital del Salvador necesita contar con un Convenio de Suministro de Bolsas Fotoprotectoras para Medicamentos por 36 meses para Hospital del Salvador con la finalidad de satisfacer de manera adecuada y eficiente la labor asistencial   Que, por la cuantía determinada, la presente licitación se ubica en el tramo para contrataciones iguales o superiores a 1.000 UTM e inferiores a 5.000 UTM, de conformidad al Artículo 36º del Reglamento de la Ley Nº19.886  ;CLP;PUBLICADO;ESTIMADO;119.000.000;SERVICIO DE SALUD ORIENTE HOSPITAL DEL SALVADOR
1057489-154-LQ25;Convenio de Suministro de Insumos Terapia de Presión Negativa Abdominal con incorporación de equipamiento por 36 meses para Hospital del Salvador;LQ;Publicada y disponible para ofertar;17/04/2025 18:39:46;Que, el Hospital del Salvador necesita contar con un “Convenio de Suministro de Insumos Terapia de Presión Negativa Abdominal con incorporación de equipamiento por 36 meses para Hospital del Salvador” con la finalidad de satisfacer de manera adecuada y eficiente la labor asistencial durante el periodo de 2025– 2027   Que, por la cuantía determinada, la presente licitación se ubica en el tramo para contrataciones iguales o superiores a 1.000 UTM e inferiores a 5.000 UTM, de conformidad al Artículo 19º bis del Reglamento de la Ley Nº19.886  en conformidad al Artículo 19º bis del Reglamento de la Ley Nº19.886  ;CLP;PUBLICADO;ESTIMADO;321.300.000;SERVICIO DE SALUD ORIENTE HOSPITAL DEL SALVADOR
2069-78-LE25;CGM MANT PREV Y CORRE ECOGRAFOS MINDRAY;LE;Publicada y disponible para ofertar;24/04/2025 10:51:59;El Hospital Barros Luco Trudeau, como Establecimiento Autogestionado en Red, desempeña funciones asistenciales ambulatorias, hospitalarias y de urgencia, haciendo uso de diversos equipos. Estos equipos son fundamentales para el desarrollo eficiente de las funciones asistenciales del hospital.  En virtud de lo anterior, se busca contratar el Servicio de Mantenimiento Preventivo y Correctivo para sus ecógrafos marca Mindray utilizados en los servicios de UCI y Ginecología. Este servicio deberá cumplir con las condiciones estipuladas en las bases de la licitación y seguir las recomendaciones del fabricante. El objetivo es garantizar el óptimo funcionamiento de los equipos, contribuir a la seguridad tanto del paciente como del personal, y prolongar la vida útil de los equipos. Los equipos sujetos a este servicio se detallan en el cuadro siguiente: En el ámbito técnico, se evaluará la oferta que cumpla con los requisitos establecidos en las bases, considerando la idoneidad y calidad técnica del oferente. El objetivo es asegurar que el adjudicatario se ajuste de manera precisa a los requisitos específicos que el Hospital Barros Luco Trudeau ha detallado para la ejecución del contrato licitado.  En el ámbito económico, se espera recibir ofertas ventajosas que se encuentren dentro de los precios de mercado. Este factor también será evaluado para garantizar una propuesta que represente una relación costo-beneficio favorable para el Hospital.  Es importante destacar que el Hospital adjudicará la licitación a un solo proveedor, para todos los ítems del proceso. El criterio de adjudicación se basará en el puntaje obtenido conforme a las pautas de evaluación que se detallarán más adelante. Cada oferente deberá presentar una oferta por la totalidad de los equipos detallados. En caso de no cumplir con este requisito, su oferta será declarada inadmisible.;CLP;PUBLICADO;ESTIMADO;60.000.000;SERVICIO DE SALUD METROPOLITANO SUR HOSP
1058087-16-LP25;SUMINISTRO DE MEDICAMENTO TIMOGLOBULINA;LP;Publicada y disponible para ofertar;16/04/2025 18:42:12;ADQUISICIÓN, POR SISTEMA DE SUMINISTRO DE MEDICAMENTO TIMOGLOBULINA POLVO LIOFILIZADO PARA SOLUCIÓN INYECTABLE 25 MG, PARA EL HOSPITAL DOCTOR LUIS CALVO MACKENNA.;CLP;PUBLICADO;DISPONIBLE;94.000.000;SERVICIO DE SALUD ORIENTE HOSPITAL LUIS CALVO MACKENNA
1057489-171-LQ25;Convenio de Suministro de Trócar Quirúrgicos por 36 meses para Hospital del Salvador ;LQ;Publicada y disponible para ofertar;28/04/2025 10:39:27;Que, el Hospital del Salvador necesita contar con un Convenio de Suministro de Trócar Quirúrgicos por 36 meses para Hospital del Salvador con la finalidad de satisfacer de manera adecuada y eficiente la labor asistencial   Que, por la cuantía determinada, la presente licitación se ubica en el tramo para contrataciones iguales o superiores a 1.000 UTM e inferiores a 5.000 UTM, de conformidad al Artículo 36º del Reglamento de la Ley Nº19.886   Que, hechas las consultas respectivas, la provisión de Convenio de Suministro de Trócar Quirúrgicos por 36 meses para Hospital del Salvador no se encuentra disponible por Convenio Marco ofrecidos en el Sistema de Información de la Dirección de Compras, www.mercadopublico.cl   Que, esta compra está vinculada al proyecto 1057489-95-PC25// INSUMOS CLINICOS, correspondiente al plan anual de compras del año 2025  ;CLP;PUBLICADO;ESTIMADO;156.000.000;SERVICIO DE SALUD ORIENTE HOSPITAL DEL SALVADOR
635-49-LE25;SERVICIO DE MANTENIMIENTO PREVENTIVO Y CORRECTIVO DE EQUIPOS MÉDICOS SAMU PERIODO 24 MESES OT 2032;LE;Publicada y disponible para ofertar;25/04/2025 13:02:55;SERVICIO DE MANTENIMIENTO PREVENTIVO Y CORRECTIVO DE EQUIPOS MÉDICOS SAMU, PERIODO 24 MESES, OT 2032;CLP;NO PUBLICADO;ESTIMADO;Entre 100 y 1000 UTM;SERVICIO DE SALUD DE ARICA Y PARINACOTA
759035-10-LR25;SUMINISTRO DE MEDIOS DE CONTRASTE;LR;Publicada y disponible para ofertar;30/04/2025 13:37:14;El Hospital, con el objeto de satisfacer los requerimientos de Insumos necesarios para el Servicio de Imagenología requiere contar con un Suministro de Medios de Contraste con Equipos de Inyectores y Calefactor en Comodato, compatibles con escáner y equipo de resonancia magnética existentes, para la realización de exámenes imagenológicos en pacientes del Hospital, por un periodo de 36 meses.;CLP;NO PUBLICADO;ESTIMADO;Igual o superior a 5.000 UTM;SERVICIO NACIONAL DE SALUD HOSPITAL DE C
1057547-209-LQ25;CONVENIO SUMINISTRO DE BOLSAS;LQ;Publicada y disponible para ofertar;30/04/2025 12:04:35;CONVENIO SUMINISTRO DE BOLSAS PARA EL HOSPITAL BASE VALDIVIA;CLP;PUBLICADO;ESTIMADO;138.700.000;SERVICIO DE SALUD VALDIVIA HOSPITAL BASE
1058090-7-LQ25;SUMINISTRO DE IMATINIB Y OTROS;LQ;Publicada y disponible para ofertar;30/04/2025 12:43:00;El Hospital Dr. Exequiel González Cortés, en adelante e indistintamente el “Hospital”, llama a licitación pública para el suministro de imatinib y otros.  El mandante de esta licitación es el Hospital Dr. Exequiel González Cortés, cuyo domicilio para todos los efectos legales de esta convocatoria es Gran Avenida José Miguel Carrera N°3.300, comuna de San Miguel, Santiago de Chile, representado por su Directora, Dra. Inés Araneda Aranda, en adelante la Directora.;CLP;NO PUBLICADO;ESTIMADO;Igual o superior a 2.000 UTM e inferior a 5.000 UTM ;SERVICIO DE SALUD SUR HOSPITAL EXEQUIEL
1057491-71-LQ25;CINTAS REACTIVAS PARA DETERMINAR GLUCOSA Y CETONA;LQ;Publicada y disponible para ofertar;17/04/2025 20:05:00;ADQUISICIÓN, POR SISTEMA DE SUMINISTRO DE CINTAS REACTIVAS PARA DETERMINAR GLUCOSA Y CENTONA EN SANGRE, CON ENTREGA DE EQUIPOS GLUCOMETROS EN COMODATO, PARA EL HOSPITAL DOCTOR LUIS CALVO MACKENNA;CLP;PUBLICADO;DISPONIBLE;245.000.000;SERVICIO DE SALUD ORIENTE HOSPITAL LUIS CALVO MACKENNA
1057539-68-LQ25;Convenio De Arriendo De Equipo Re-Envasadora de dosis Unitaria de Medicamentos;LQ;Publicada y disponible para ofertar;22/04/2025 09:36:00;La producción de dosis unitaria de medicamentos es el proceso en el cual un blíster de medicamentos orales es procesado para obtener empaques individuales de comprimidos.  Dado el funcionamiento de abastecimiento interno del Hospital de Puerto Montt, es necesario que cada uno de los armarios digitales de los servicios clínicos cuenten con medicamentos para administrar a los pacientes en dosis unitaria. De esta manera, se optimiza el recurso medicamento y se brinda trazabilidad (proveedor, lote y vencimiento) de cada comprimido lo que se traduce en la seguridad para el paciente. ;CLP;NO PUBLICADO;ESTIMADO;Igual o superior a 2.000 UTM e inferior a 5.000 UTM ;HOSPITAL PUERTO MONTT SERVICIO DE SALUD DEL RELONCAVI
1175-56-LQ25;44.25: ADQ. EQUIPOS TICS PARA BOROA FILULAWENSSAS;LQ;Publicada y disponible para ofertar;10/04/2025 11:53:50;Se requiere la ADQUISICIÓN DE EQUIPOS TICS, BOROA FILULAWEN, SSAS. nuevo y sin uso. Las características técnicas, se detallan en el ANEXO Nº3 de las presentes bases. Debe cumplir con todas las características marcadas como obligatorias para que la oferta sea admisible.;CLP;NO PUBLICADO;ESTIMADO;Igual o superior a 2.000 UTM e inferior a 5.000 UTM ;SERVICIO DE SALUD ARAUCANIA SUR
1058085-91-LQ25;Convenio Suministro de toxina botulínica 500 UI polvo para solución inyectable en caso de no despacho de CENABAST para el Hospital del Salvador ;LQ;Publicada y disponible para ofertar;17/04/2025 15:28:28;Que, el Hospital del Salvador necesita contar con Convenio Suministro de toxina botulínica 500 UI polvo para solución inyectable en caso de no despacho de CENABAST para el Hospital del Salvador con la finalidad de satisfacer de manera adecuada y eficiente la labor asistencial durante un periodo de 36 meses.  Que, el hospital debe implementar “Medidas Complementarias”, para asegurar el abastecimiento de los medicamentos intermediados por CENABAST, ante los reiterados quiebres de stock e incumplimientos derivados de sus proveedores   Que, por la cuantía determinada, la presente licitación se ubica en el tramo para contrataciones de aquellas iguales o superiores a 1.000 UTM e inferiores a 5.000 UTM, de conformidad al Artículo 36 del Reglamento de la Ley Nº19.886, en atención a que las terapias no pueden interrumpirse por los efectos adversos que generan.  Que hechas las consultas respectivas, la provisión de estos bienes o servicios no se encuentra disponible por Convenios Marcos ofrecidos en el Sistema de Información de la Dirección de Compras, www.mercadopublico.cl   Que, esta compra esta vinculada al proyecto 1058085-5-PC25, correspondiente al plan anual de compras del año 2025. ;CLP;PUBLICADO;ESTIMADO;330.000.000;SERVICIO DE SALUD ORIENTE HOSPITAL DEL SALVADOR
1641-158-LP25;SFR - INSUMOS Y REACTIVOS PARA INMUNOHISTOQUIMICA;LP;Publicada y disponible para ofertar;14/04/2025 16:43:31;El objeto de la licitación es la adquisición de insumos para la Unidad de Inmunohistoquímica del Hospital San Juan de Dios - CDT.;CLP;PUBLICADO;ESTIMADO;240.000.000;SERVICIO DE SALUD OCCIDENTE HOSPITAL SAN JUAN DE DIOS
1058087-17-LQ25;SUMINISTRO DE MEDICAMENTO PEGASPARGASA;LQ;Publicada y disponible para ofertar;16/04/2025 18:33:35;ADQUISICIÓN, POR SISTEMA DE SUMINISTRO DE MEDICAMENTO ONCASPAR LIOFILIZADO PARA SOLUCIÓN INYECTABLE 3750 U PEGASPARGASA, PARA EL HOSPITAL DOCTOR LUIS CALVO MACKENNA.;CLP;PUBLICADO;DISPONIBLE;190.000.000;SERVICIO DE SALUD ORIENTE HOSPITAL LUIS CALVO MACKENNA
5051-31-LP25;“CONVENIO DE CETUXIMAB PANITUMUMAB SUNITINIB Y OTROS MEDICAMENTOS ONCOLÓGICOS” ;LP;Publicada y disponible para ofertar;21/04/2025 10:01:04;El objetivo de la presente licitación, es invitar a través de www.mercadopublico.cl a todos los proveedores del rubro a participar de la adquisición de CETUXIMAB, PANITUMUMAB SUNITINIB Y OTROS MEDICAMENTOS ONCOLÓGICOS, necesario para la atención directa a pacientes clínico en el servicios del Hospital Regional de Talca y bajo las especificaciones técnicas requeridas por la Institución con el fin de seleccionar la oferta más conveniente de acuerdo a los criterios de evaluación, asegurando el abastecimiento en calidad y oportunidad, satisfaciendo así la demanda de los usuarios por un periodo de 24 meses.  ;CLP;NO PUBLICADO;ESTIMADO;Igual o superior a 1.000 UTM e inferior a 2.000 UTM;SERVICIO DE SALUD DEL MAULE HOSPITAL DE TALCA
1057489-170-H225;Servicios de horas de anestesiología para Pabellones de Unidad de Trauma Ocular del Hospital del Salvador;H2;Publicada y disponible para ofertar;24/04/2025 17:43:00;Que, la institución convocó a la Licitación Pública bajo ID Nº1057489-70-LQ25, para adquirir los Servicios de horas de anestesiología para Pabellones de Unidad de Trauma Ocular del Hospital del Salvador, mediante bases aprobadas mediante Resolución Exenta N°0053, de 07 de enero del 2025, sin embargo, fue declarada desierta de conformidad al Artículo 9° de Ley N°19.886, mediante Resolución Exenta Nº1164, de 24 de marzo del 2025, por verificarse que no se presentaron ofertas al proceso concursal.  Que, por la cuantía determinada, la presente licitación se ubica en el tramo para contrataciones iguales o superiores a 1.000 UTM e inferiores a 5.000 UTM, en conformidad al Artículo 36º del Reglamento de la Ley Nº19.886   Que, hechas las consultas respectivas, los “Servicios de horas de anestesiología para Pabellones de Unidad de Trauma Ocular del Hospital del Salvador”, no se encuentra disponible en el catálogo de bienes y servicios ofrecidos en el Sistema de Información de la Dirección de Compras www.mercadopublico.cl ;CLP;PUBLICADO;ESTIMADO;333.000.000;SERVICIO DE SALUD ORIENTE HOSPITAL DEL SALVADOR
1058132-17-LP25;Compra por Suministro de Medicamentos con Biosimilaridad Programas Ministeriales;LP;Publicada y disponible para ofertar;22/04/2025 14:34:37;Compra por Suministro de Medicamentos con Biosimilaridad para Programas Ministeriales requeridos en la atención de los pacientes, en las dependencias del Hospital Las Higueras;CLP;PUBLICADO;ESTIMADO;280.000.000;SERVICIO DE SALUD DE TALCAHUANO HOSPITAL
619133-99-LR25;CONVENIO DE SERVICIO DE ASEO PARA TODAS LAS DEPENDENCIAS QUE FUNCIONAN MUEBLES E INMUEBLES EN EL HOSPITAL SAN CAMILO;LR;Publicada y disponible para ofertar;16/04/2025 10:38:00;Las presentes Bases Administrativas rigen el llamado a licitación pública “CONVENIO DE  SERVICIO DE ASEO PARA TODAS LAS DEPENDENCIAS QUE FUNCIONAN (MUEBLES E INMUEBLES) EN EL HOSPITAL SAN CAMILO”,  en Hospital San Camilo ubicado en Av. Miraflores 2085 San Felipe, Quinta región, aplicando los procedimientos establecidos en la Ley de Compras N° 19.886 de la Administración Pública.;CLP;NO PUBLICADO;DISPONIBLE;Igual o superior a 5.000 UTM;SERVICIO SALUD SAN FELIPE LOS ANDES HOSP
1058134-59-LE25;CONVENIO DE  MEDICAMENTOS EN SOLUCION;LE;Publicada y disponible para ofertar;21/04/2025 16:09:48;“CONVENIO DE SUMINISTRO DE MEDICAMENTOS EN SOLUCION PARA EL HOSPITAL BASE VALDIVIA”;CLP;PUBLICADO;DISPONIBLE;63.000.000;SERVICIO DE SALUD VALDIVIA HOSPITAL BASE
1002772-43-LE25;SUTURAS DE CATGUT;LE;Publicada y disponible para ofertar;21/04/2025 15:29:48;Las presentes Bases constituyen el instrumento rector con el fin de suscribir un CONVENIO DE SUMINISTRO DE SUTURAS DE CATGUT, por un periodo de 24 meses, para el Hospital Dr. Félix Bulnes Cerda. Éstas, establecen los fines, condiciones y requisitos que deberán ser cumplidos por los oferentes, en todas y cada una de las partes que conformen su oferta y además de regular el todo el proceso licitatorio hasta la suscripción del correspondiente contrato y su ejecución.;CLP;NO PUBLICADO;ESTIMADO;Entre 100 y 1000 UTM;SERVICIO SALUD OCCIDENTE HOSPITAL DR FELIX BULNES CERDA
1549-41-LQ25;ADQ. REACTIVOS EXÁMENES INMUNOLÓGICOS CON EQUIP.;LQ;Publicada y disponible para ofertar;14/04/2025 08:28:05;ADQUISICIÓN DE REACTIVOS PARA EXÁMENES INMUNOLÓGICOS CON EL EQUIPAMIENTO NECESARIO PARA EL ADECUADO USO DE LOS BIENES PARA LA UNIDAD DE LABORATORIO CLÍNICO DEL HOSPITAL SAN JOSÉ.;CLP;PUBLICADO;DISPONIBLE;300.000.000;SERVICIO DE SALUD METROPOLITANA NORTE HOSPITAL SAN JOSE
1057539-92-LP25;CS PANCOFFEE BREAK Y BOX LUNCH HPM;LP;Publicada y disponible para ofertar;22/04/2025 11:33:27;Por medio de la solicitud de compra N°230, de fecha 07 de julio 2024 emitida por el Departamento de Alimentación surge la necesidad de contar con un CONVENIO SUMINISTRO PAN, COFFEE BREAK Y BOX LUNCH, SOLICITUD N°230 , HOSPITAL DE PUERTO MONTT para el Hospital de Puerto Montt. Con el fin de garantizar mayor cobertura a las necesidades de la institución y entregar una atención de calidad a los pacientes y funcionarios.;CLP;NO PUBLICADO;ESTIMADO;Igual o superior a 1.000 UTM e inferior a 2.000 UTM;HOSPITAL PUERTO MONTT SERVICIO DE SALUD DEL RELONCAVI
699866-60-LE25;CONVENIO INSUMOS PARA AFERESIS TERAPEUTICA;LE;Publicada y disponible para ofertar;25/04/2025 10:38:32;El objetivo de la presente licitación, es invitar a través de www.mercadopublico.cl a todos los proveedores del rubro a participar de la adquisición de INSUMOS PARA AFERESIS TERAPEUTICA necesarios para el Hospital Regional de Talca y bajo las especificaciones técnicas requeridas por la Institución con el fin de seleccionar la oferta más conveniente de acuerdo a los criterios de evaluación, asegurando el abastecimiento en calidad y oportunidad, satisfaciendo así la demanda de los usuarios. ;CLP;NO PUBLICADO;ESTIMADO;Entre 100 y 1000 UTM;SERVICIO DE SALUD DEL MAULE HOSPITAL DE TALCA
699866-63-LP25;ADQUISICION DE CIRCUITO ALTO FLUJO HUMIDIFICADOR DESECHABLE Y OTROS INSUMOS PARA EL HRT;LP;Publicada y disponible para ofertar;25/04/2025 11:02:36;El objetivo de la presente licitación, es invitar a través de www.mercadopublico.cl a todos los proveedores del rubro a participar de la adquisición de CIRCUITO ALTO FLUJO, HUMIDIFICADOR DESECHABLE Y OTROS INSUMOS necesarios para el Hospital Regional de Talca y bajo las especificaciones técnicas requeridas por la Institución con el fin de seleccionar la oferta más conveniente de acuerdo a los criterios de evaluación, asegurando el abastecimiento en calidad y oportunidad, satisfaciendo así la demanda de los usuarios. ;CLP;NO PUBLICADO;ESTIMADO;Igual o superior a 1.000 UTM e inferior a 2.000 UTM;SERVICIO DE SALUD DEL MAULE HOSPITAL DE TALCA
1641-163-LR25;WFS “EJECUCIÓN PROYECTO NORMALIZACIÓN ONCOLOGÍA;LR;Publicada y disponible para ofertar;29/04/2025 11:59:00;2.1 Objetivo y Descripción de la licitación   La contratación de “EJECUCIÓN PROYECTO NORMALIZACIÓN DEL SERVICIO DE ONCOLOGÍA” tiene por objeto, cumplir de manera continua la labor asistencial que ha sido encomendada a nuestra Institución, estableciendo las condiciones que permitan alcanzar la combinación más ventajosa entre todos los beneficios del bien o servicio a adquirir, y todos sus costos asociados, presentes y futuros Art. 37° del Reglamento, según el siguiente detalle:  ÍTEM 	DESCRIPCIÓN 1	“EJECUCIÓN PROYECTO NORMALIZACIÓN DEL SERVICIO DE ONCOLOGÍA”    Al momento de adjudicar, el hospital podrá aumentar o disminuir hasta en un 30% de las cantidades estimadas en las presentes bases de licitación, conforme a los presupuestos disponibles, y sin alterar el principio de estricta sujeción a las bases de igualdad de los oferentes.    Se establece que las cantidades de productos yo servicios son de flujo variable, lo que significa que el Hospital no se compromete a adquirir cantidades específicas de manera periódica, será según los requerimientos del hospital, por lo que en ningún caso se fijará stock mínimo de compra, ni tampoco totales, por lo que el o los adjudicatarios estarán imposibilitados de señalar cantidades mínimas para su despacho.;CLP;NO PUBLICADO;ESTIMADO;Igual o superior a 5.000 UTM;SERVICIO DE SALUD OCCIDENTE HOSPITAL SAN JUAN DE DIOS
1057418-6-LQ25;CONVENIO SUMINISTRO DE PASAJES PARA TRASLADO DE PACIENTES EN BUSES RECORRIDO MULCHÉN-LOS ÁNGELES DEL HOSPITAL DE MULCHÉN;LQ;Publicada y disponible para ofertar;14/04/2025 11:43:00;Las presentes Bases de Licitación regirán el proceso para la contratación Convenio Suministro de Pasajes para Traslado de Pacientes de Buses Recorrido Mulchén-Los Ángeles del Hospital De Mulchén, según solicitud de adquisición HFCM 31901 emitida por Jefe Servicio Social.;CLP;NO PUBLICADO;ESTIMADO;Igual o superior a 2.000 UTM e inferior a 5.000 UTM ;SERVICIO DE SALUD BIO BIO HOSPITAL DE MULCHEN
4642-47-LP25;Contratación del Servicio de Aseo Integral para el Centro Medico y Dental de Puerto Montt y el Consultorio de San Fernando pertenecientes a la Red Salud de Carabineros ambos por un periodo de 36 meses;LP;Publicada y disponible para ofertar;29/04/2025 14:52:56;REX N°574,22.05.25 Aprobatoria de bases de licitación para la Contratación del Servicio de Aseo Integral para el Centro Medico y Dental de Puerto Montt y el Consultorio de San Fernando, pertenecientes a la Red Salud de Carabineros, ambos por un periodo de 36 meses.(Detalle en bases adjuntas) Solicitud 2484284 CDP 80758-24 y 2484303 CDP 80767-24.;CLP;NO PUBLICADO;ESTIMADO;Igual o superior a 1.000 UTM e inferior a 2.000 UTM;DIRECCION DE LOGISTICA DE CARABINEROS
1057491-76-LE25;MANTENCIÓN PLANTAS DE AGUA DE ESTERILIZACIÓN;LE;Publicada y disponible para ofertar;30/04/2025 19:54:04;CONTRATACION DEL SERVICIO DE MANTENCION PREVENTIVA Y CORRECTIVA DE PLANTAS DE AGUA DE ESTERILIZACIÓN, PARA EL HOSPITAL DOCTOR LUIS CALVO MACKENNA;CLP;PUBLICADO;DISPONIBLE;55.500.000;SERVICIO DE SALUD ORIENTE HOSPITAL LUIS CALVO MACKENNA
1058087-21-LP25;SUMINISTRO DE MEDICAMENTO INMUNOGLOBULINA HUMANA;LP;Publicada y disponible para ofertar;29/04/2025 20:19:26;ADQUISICIÓN, POR SISTEMA DE SUMINISTRO DE MEDICAMENTO PRIVIGEN 5G X 50 ML SOLUCIÓN PARA PERFUSIÓN 10% INMUNOGLOBULINA HUMANA, PARA EL HOSPITAL DOCTOR LUIS CALVO MACKENNA.;CLP;PUBLICADO;DISPONIBLE;120.000.000;SERVICIO DE SALUD ORIENTE HOSPITAL LUIS CALVO MACKENNA
635-51-LE25;MEJORAS PRIMERA ETAPA- RESIDENCIA PROTEGIDA HUALLES OT 162 SEGUNDO LLAMADO;LE;Publicada y disponible para ofertar;30/04/2025 12:52:56;El objetivo de la presente licitación realizar el cambio de puertas interiores, la provisión e instalación de campana de extracción en cocina y la instalación de mueble de lavamanos en uno de los baños, el cambio e instalación de todas las puertas del recinto y el cambio de cerámicas de muros y pisos de los baños.;CLP;PUBLICADO;DISPONIBLE;8.062.894;SERVICIO DE SALUD DE ARICA Y PARINACOTA
1002772-35-LR25;PATOLOGIA ORTOPEDICA DE PIE-TOBILLO;LR;Publicada y disponible para ofertar;09/04/2025 10:49:22;Artículo 6°: Las presentes Bases constituyen el instrumento guía destinado a celebrar un CONVENIO DE SUMINISTRO DE INSUMOS PARA PATOLOGIA ORTOPEDICA DE PIE-TOBILLO EN CONSIGNACIÓN Y CON INSTRUMENTAL EN COMODATOPARA EL HOSPITAL DR. FÉLIX BULNES CERDA, en adelante Hospital, éstas, establecen los fines, condiciones y requisitos que deberán ser cumplidos por los oferentes, en todas y cada una de las partes que conformen su oferta, además de regular el todo el proceso licitatorio hasta la suscripción del correspondiente contrato.;CLP;NO PUBLICADO;ESTIMADO;Igual o superior a 5.000 UTM;SERVICIO SALUD OCCIDENTE HOSPITAL DR FELIX BULNES CERDA
1540-78-LE25;ADQUISICION DE MAQUINA DE DIALISIS;LE;Publicada y disponible para ofertar;25/04/2025 11:29:17;Adquisición de Maquina de Diálisis, con la finalidad de cubrir las necesidades que van en aumento en el servicio clínico de Diálisis. Sobre todo, para otorgar seguridad y continuidad de la atención a los pacientes de nuestra comunidad del Hospital Dr. Augusto Essmann Burgos de Puerto Natales.;CLP;NO PUBLICADO;DISPONIBLE;Entre 100 y 1000 UTM;SERVICIO DE SALUD MAGALLANES HOSPITAL DE PTO NATALES
1557-5-LR25;SERVICIO DE SEGURIDAD VIGILANCIA Y CUSTODIA;LR;Publicada y disponible para ofertar;24/04/2025 17:13:43;SERVICIO DE SEGURIDAD, VIGILANCIA Y CUSTODIA  PARA DEPENDENCIAS DEL HOSPITAL DE HUASCO MANUEL MAGALHAES MEDLING, CONSIDERNADO LOS DOMILICIOS DE  CANTERA 105 HOSPITAL ANTIGUO Y CAUTIN 107 HOSPITAL ACTUAL.  AMBOS UBICADOS EN LA COMUNA DE HUASCO. LA VIGENCIA DEL CONTRATO SERÁ DE 24 MESES PRORROGABLES HASTA POR 6 MESES DE ACUERDO A INFORME EMITIDO POR LA UNIDAD DE OPERACIONES DEL ESTABLECIMIENTO.;CLP;NO PUBLICADO;ESTIMADO;Igual o superior a 5.000 UTM;SERVICIO SALUD ATACAMA HOSPITAL DE HUASCO
1057539-59-LR25;CONVENIO SUMINISTRO FRUTAS Y VERDURAS FRESCAS HPM;LR;Publicada y disponible para ofertar;02/04/2025 10:09:09;Por medio de la solicitud de compra N° 180 , de fecha 23 de julio 2024 fue emitida por el Departamento de Alimentación surge la necesidad de contar con CONVENIO SUMINISTRO FRUTAS Y  VERDURAS, FRESCAS, HOSPITAL DE PUERTO MONTT” Con el fin de garantizar mayor cobertura a las necesidades de la institución y entregar una atención de calidad a los pacientes y funcionarios.;CLP;NO PUBLICADO;ESTIMADO;Igual o superior a 5.000 UTM;HOSPITAL PUERTO MONTT SERVICIO DE SALUD DEL RELONCAVI
1057539-87-LR25;SERVICIO PERSONAL CENAS PARA ALIMENTACION HPM;LR;Publicada y disponible para ofertar;16/04/2025 14:27:33;Conforme a la Solicitud N.º 236 , de fecha 09 de julio de 2024 , emitida por el Departamento de Alimentación ,surge la necesidad de contratar un Servicio de Personal especializado en procesos de manipulación de alimentos y aseo, destinados  al casino y la central de producción del Hospital de Puerto Montt .Por lo anterior, se convoca  la presente licitación pública , conforme a las bases y condiciones establecidas, con el fin de asegurar la continuidad y calidad de los servicios prestados en dichas dependencias.;CLP;NO PUBLICADO;ESTIMADO;Igual o superior a 5.000 UTM;HOSPITAL PUERTO MONTT SERVICIO DE SALUD DEL RELONCAVI
1057489-152-LQ25;Convenio de Suministro de Set de Anclas Diferentes Medidas por 36 meses para Hospital del Salvador ;LQ;Publicada y disponible para ofertar;17/04/2025 11:06:36;Que, el Hospital del Salvador necesita contar con un Convenio de Suministro de Set de Anclas Diferentes Medidas por 36 meses para Hospital del Salvador con la finalidad de satisfacer de manera adecuada y eficiente la labor asistencial   Que, por la cuantía determinada, la presente licitación se ubica en el tramo para contrataciones iguales o superiores a 1.000 UTM e inferiores a 5.000 UTM, de conformidad al Artículo 36º del Reglamento de la Ley Nº19.886   Que, hechas las consultas respectivas, la provisión de Convenio de Suministro de Set de Anclas Diferentes Medidas por 36 meses para Hospital del Salvador no se encuentra disponible por Convenio Marco ofrecidos en el Sistema de Información de la Dirección de Compras, www.mercadopublico.cl   Que, esta compra está vinculada al proyecto 1057489-93-PC25, correspondiente al plan anual de compras del año 2025  ;CLP;PUBLICADO;ESTIMADO;130.000.000;SERVICIO DE SALUD ORIENTE HOSPITAL DEL SALVADOR
1641-187-LP25;DGC - SUMINISTRO DE SOMATOTROPINA;LP;Publicada y disponible para ofertar;25/04/2025 15:53:19;El objeto de la presente licitación es la adquisición de SUMINISTRO DE SOMATOTROPINA según el siguiente detalle: ITEM CÓDIGO DESCRIPCIÓN UNIDAD DE MEDIDA CANTIDAD REQUERIDA 1 01-001-262-0061 SOMATOTROPINA RECOMBINANTE 30 UI POLV LIOF FA 10 MG/1.5 ML UI 270.000 UI Al momento de adjudicar, el hospital podrá aumentar o disminuir hasta en un 30% de las cantidades estimadas en las presentes bases de licitación, conforme a los presupuestos disponibles, y sin alterar el principio de estricta sujeción a las bases de igualdad de los oferentes. (*) Se deja constancia que las cantidades de productos o servicios son de flujo variables, no comprometiendo el Hospital a adquirir cantidades determinadas de manera periódica, por lo que en ningún caso se fijará stock mínimo de compra, ni tampoco totales, por lo que el o los adjudicatarios estarán imposibilitados de señalar cantidades mínimas para su despacho. Asimismo, se hace presente que este proceso de licitación se hará por ítem adjudicado (línea), por lo cual cada proveedor podrá ofertar por un ítem de los señalados en este punto, por más de uno o por la totalidad de los mismos, correspondiendo cada ítem a una línea de producto o servicio. La oferta a través de la Plataforma Mercado Público deberá efectuarse por el valor neto (Sin IVA).;CLP;NO PUBLICADO;ESTIMADO;Igual o superior a 1.000 UTM e inferior a 2.000 UTM;SERVICIO DE SALUD OCCIDENTE HOSPITAL SAN JUAN DE DIOS
1003473-87-LE25;CONVENIO DE SUMINISTRO DE JERINGAS PARA EL HOSPITAL SAN JUAN DE DIOS DE CURICÓ;LE;Publicada y disponible para ofertar;23/04/2025 17:06:00;Las presentes bases de Licitación Pública tienen la finalidad de celebrar el “CONVENIO DE SUMINISTRO DE JERINGAS PARA EL HOSPITAL SAN JUAN DE DIOS DE CURICÓ” por 36 meses, para satisfacer de manera adecuada y eficiente la labor asistencial de los distintos Servicios Clínicos del Hospital San Juan de Dios de Curicó.  El detalle sobre el “CONVENIO DE SUMINISTRO DE JERINGAS PARA EL HOSPITAL SAN JUAN DE DIOS DE CURICÓ”, con sus respectivas cantidades estimativas de consumo por un periodo de 36 meses y el presupuesto estimativo asignado, se especificarán en las respectivas resoluciones exentas que emita el hospital para estos efectos, y que tienen por objetivo autorizar e iniciar el respectivo proceso licitatorio en el portal www.mercadopúblico.cl. ;CLP;NO PUBLICADO;ESTIMADO;Entre 100 y 1000 UTM;SERVICIO DE SALUD DEL MAULE HOSPITAL DE CURICO
1395-25-LP25;Dapagliflozina 10 Mg. o Empagliflozina 10 Mg. Comp;LP;Publicada y disponible para ofertar;28/04/2025 11:58:42;Compra de medicamento que es parte del componente N°2 del Programa Continuidad de Cuidados Preventivos y de Tratamiento en APS. El objetivo es asegurar y aumentar el acceso y disponibilidad a tratamiento farmacológico con inhibidores de cotransportador de glucosa iSGLT2 en personas menores de 60 años con criterios de priorización.;CLP;NO PUBLICADO;DISPONIBLE;Igual o superior a 1.000 UTM e inferior a 2.000 UTM;SERVICIO DE SALUD COQUIMBO
1002772-51-LP25;SUMINISTRO DE SONDA FOLEY PARA  UROLOGÍA;LP;Publicada y disponible para ofertar;24/04/2025 16:41:00;Las presentes Bases constituyen el instrumento guía destinado a celebrar un CONVENIO DE SUMINISTRO DE SONDA FOLEY PARA EL SERVICIO DE UROLOGIA DEL HOSPITAL DR. FÉLIX BULNES CERDA, en adelante Hospital, éstas, establecen los fines, condiciones y requisitos que deberán ser cumplidos por los oferentes, en todas y cada una de las partes que conformen su oferta, además de regular el todo el proceso licitatorio hasta la suscripción del correspondiente contrato. ;CLP;NO PUBLICADO;ESTIMADO;Igual o superior a 1.000 UTM e inferior a 2.000 UTM;SERVICIO SALUD OCCIDENTE HOSPITAL DR FELIX BULNES CERDA
1549-46-LP25;ADQ. DE SUJETADOR DE TUBO OROTRAQUEAL DEL HSJ;LP;Publicada y disponible para ofertar;16/04/2025 14:26:38;Que, de acuerdo a lo establecido en la Resolución N°410 del 31 de enero de 2025 que aprueba el Plan Anual de Compras 2025, se requiere la adquisición de sujetador de tubo orotraqueal para el Hospital San José. Lo anterior, según consta en el certificado de fecha 08 de abril de 2025, de la Unidad de Abastecimiento.;CLP;NO PUBLICADO;DISPONIBLE;Igual o superior a 1.000 UTM e inferior a 2.000 UTM;SERVICIO DE SALUD METROPOLITANA NORTE HOSPITAL SAN JOSE
5184-206-LE24;MEDICAMENTOS MISCELANEOS;LE;Publicada y disponible para ofertar;29/04/2025 13:27:11;MEDICAMENTOS MISCELANEOS MM N° 170 ADQUISICIONES ;CLP;PUBLICADO;ESTIMADO;52.000.000;SERVICIO DE SALUD DEL MAULE HOSPITAL DE LINARES
1057544-139-LP25;SUMINISTRO DE INSUMOS CLÍNICOS EN CONSIGNACIÓN PARA PROCEDIMIENTOS QUIRÚRGICOS UROLÓGICOS;LP;Publicada y disponible para ofertar;24/04/2025 15:56:00;La presente licitación pública tiene por objetivo la compra de Insumos Clínicos en consignación para procedimientos quirúrgicos urológicos, que incluya Equipamiento, morcelador e Instrumental necesarios para el correcto uso de los insumos, requeridos para pacientes de Hospital Las Higueras, en las cantidades requeridas por la entidad licitante, de acuerdo al siguiente detalle y Especificaciones Técnicas establecidos en las presentes Bases Administrativas.  Se debe considerar el suministro de Fibra de Laser Desechable, en cantidad suficiente, para la realización de aproximadamente 6 a 8 cirugías mensuales de Enucleación prostática y litotricia de cálculos urinarios.  Se deberá considerar un plazo máximo de entrega de 2 días hábiles ya sea para la Consignación Inicial y/o Reposición de Insumos, desde que la Unidad de Urología solicita vía correo electrónico. ;CLP;NO PUBLICADO;ESTIMADO;Igual o superior a 1.000 UTM e inferior a 2.000 UTM;SERVICIO DE SALUD DE TALCAHUANO HOSPITAL
1058087-22-LQ25;SUMINISTRO DE MEDICAMENTO RUXOLINITIB 20 MG;LQ;Publicada y disponible para ofertar;29/04/2025 20:24:59;ADQUISICIÓN, POR SISTEMA DE SUMINISTRO DE MEDICAMENTO JAKAVI COMPRIMIDOS 20 MG RUXOLINITIB, PARA EL HOSPITAL DOCTOR LUIS CALVO MACKENNA.;CLP;PUBLICADO;DISPONIBLE;160.000.000;SERVICIO DE SALUD ORIENTE HOSPITAL LUIS CALVO MACKENNA
4452-89-LP24;CONVENIO DE SUMINISTRO DE TEXTILES PARA EL HOSPITAL SAN JUAN DE DIOS DE CURICÓ;LP;Publicada y disponible para ofertar;30/04/2025 11:45:36;El Hospital San Juan de Dios de Curicó, requiere suscribir el contrato de Convenio suministro de textiles, por 24 meses, a objeto de satisfacer adecuadamente la demanda de este producto para las instalaciones del Establecimiento.;CLP;NO PUBLICADO;ESTIMADO;Igual o superior a 1.000 UTM e inferior a 2.000 UTM;SERVICIO DE SALUD DEL MAULE HOSPITAL DE CURICO
2710-28-LE25;ADQUISICIÓN DE EQUIPOS CALIENTA SUEROS;LE;Publicada y disponible para ofertar;22/04/2025 13:01:01;ADQUISICIÓN DE EQUIPOS CALIENTA SUEROS PARA CENTROS DE SALUD;CLP;PUBLICADO;ESTIMADO;11.067.000;MUNICIPALIDAD DE OVALLE
1002772-46-LQ25;SUMINISTRO CIRCUITO DE VENTILACIÓN ALTA FRECUENCIA;LQ;Publicada y disponible para ofertar;23/04/2025 16:11:48;Las presentes Bases constituyen el instrumento guía destinado a celebrar un CONVENIO DE SUMINISTRO DE CIRCUITO DE VENTILACIÓN ALTA FRECUENCIA OSCILATORIA PARA UNIDAD DE PACIENTE CRÍTICO ADULTO PARA EL HOSPITAL DR. FÉLIX BULNES CERDA, en adelante, el Hospital. Estas, establecen los fines, condiciones y requisitos que deberán ser cumplidos por los oferentes, en todas y cada una de las partes que conformen su oferta, además de regular el todo el proceso licitatorio hasta la suscripción del correspondiente contrato. ;CLP;NO PUBLICADO;ESTIMADO;Igual o superior a 2.000 UTM e inferior a 5.000 UTM ;SERVICIO SALUD OCCIDENTE HOSPITAL DR FELIX BULNES CERDA
937232-36-LQ25;INSUMOS PARA CIRUGIA DE ARTROSCOPIA DE RODILLA;LQ;Publicada y disponible para ofertar;24/04/2025 13:42:16;EL CRS Hospital Provincia Cordillera requiere abastecer de forma oportuna la unidad de Pabellón Ambulatorio.  Esta adquisición presenta los siguientes objetivos:  ●	Disminuir la lista de espera de paciente con problemas de movilidad. ●	Contar con Insumos Clínicos necesarios para cumplir con la demanda en la atención de pacientes con patología traumatológicas que requieren cirugía ambulatoria para mejor su calidad de vida. ●	Asegurar la entrega oportuna de insumos para procedimientos clínicos;CLP;NO PUBLICADO;ESTIMADO;Igual o superior a 2.000 UTM e inferior a 5.000 UTM ;CENTRO DE REFERENCIA DE SALUD HOSPITAL PROVINCIA CORDILLERA
608-88-I225;PJP_SERVICIO DE ESTUDIOS BIOPSIA RENAL;I2;Publicada y disponible para ofertar;04/04/2025 16:25:00;El objetivo es mantener la continuidad en la capacidad de diagnosticar enfermedades glomerulares y túbulo-intersticiales de las especialidades de nefrología y trasplante renal, contratando el servicio con el prestador acreditado en la especialidad de anatomía patológica, experiencia y suficiencia técnica necesaria en biopsias renales con 3 técnicas, más inmunohistoquímica. Que cuente con las autorizaciones del caso para este nivel de resolución y con la capacidad para entregar el diagnóstico histopatológico de tales enfermedades en forma certera y oportuna.;CLP;NO PUBLICADO;ESTIMADO;Mayor a 5000 UTM;HOSPITAL DR GUSTAVO FRICKE DE VINA DEL MAR
1947-78-LE25;244 ADQUISICIÓN DE REACTIVOS E INSUMOS PARA DETERMINACIÓN DE EXÁMENES DE INMUNOHEMATOLOGÍA CON EQUIPOS EN COMODATO PARA EL HOSPITAL DE NIÑOS DR. ROBERTO DEL RÍO. CFO;LE;Publicada y disponible para ofertar;24/04/2025 15:16:47;El Hospital de Niños Dr. Roberto del Rio para dar cumplimiento a las funciones, requiere la adquisición de reactivos e insumos para determinación de exámenes de inmunohematología con equipos en comodato.;CLP;PUBLICADO;DISPONIBLE;49.500.000;SERVICIO DE SALUD NORTE HOSPITAL ROBERTO DEL RIO
1057434-15-LQ25;SERVICIO DE ALIMENTACION PARA EL PERSONAL DEL CESFAM DR. V.M. FERNANDEZ;LQ;Publicada y disponible para ofertar;11/04/2025 15:10:00;CONTRATAR SERVICIOS DE ALIMENTACION PARA EL SUMINISTRO DE COLACIONES AL PERSONAL DEL CESFAM DR. VMF, SEGUN BASES ADMINISTRATIVAS Y ESPECIFICACIONES TECNICAS ADJUNTAS.  EL SERVICIO DEBERA SER ENTREGADO DE LUNES A VIERNES EXCEPTUANDO LOS DIAS FESTIVOS, SABADOS Y DOMINGOS.  EL SERVICIO CONTEMPLA ADEMÁS, 15 COLACIONES PARA FUNCIONARIOS DE DEPENDENCIAS SAR CVMF.                                                                        ;CLP;PUBLICADO;ESTIMADO;252.108.840;SERVICIO DE SALUD CONCEPCION ARAUCO CONS
1058087-19-LE25;SUMINISTRO DE MEDICAMENTO ANAKINRA;LE;Publicada y disponible para ofertar;25/04/2025 19:03:45;ADQUISICIÓN, POR SISTEMA DE SUMINISTRO DE MEDICAMENTO KINERET 100 MG0,67 ML SOLUCIÓN INYECTABLE EN JERINGA PRECARGADA ANAKINRA, PARA EL HOSPITAL DOCTOR LUIS CALVO MACKENNA.;CLP;PUBLICADO;DISPONIBLE;40.000.000;SERVICIO DE SALUD ORIENTE HOSPITAL LUIS CALVO MACKENNA
1057491-75-LQ25;INSUMOS PARA EXAMENES DE LABORATORIO CON COMODATO;LQ;Publicada y disponible para ofertar;25/04/2025 18:47:35;ADQUISICIÓN, POR SISTEMA DE SUMINISTRO, DE INSUMOS PARA EXAMENES DE LABORATORIOS CLINICOS, CON ENTREGA DE EQUIPAMIENTO EN COMODATO, PARA EL HOSPITAL DOCTOR LUIS CALVO MACKENNA.;CLP;PUBLICADO;DISPONIBLE;250.000.000;SERVICIO DE SALUD ORIENTE HOSPITAL LUIS CALVO MACKENNA
1057489-168-LE25;Convenio de Suministro de Insumos Grupo N°5 para Área Técnica de Citogenética por 36 meses en el Hospital del Salvador;LE;Publicada y disponible para ofertar;24/04/2025 11:18:34;Que, el Hospital del Salvador necesita contar con un Convenio de Suministro de Insumos Grupo N°5 para Área Técnica de Citogenética por 36 meses en el Hospital del Salvador con la finalidad de satisfacer de manera adecuada y eficiente la labor asistencial    Que, por la cuantía determinada, la presente licitación se ubica en el tramo para aquellas contrataciones iguales o superiores a 100 UTM e inferiores a 1.000 UTM, en conformidad al Artículo 36º del Reglamento de la Ley Nº19.886  ;CLP;PUBLICADO;ESTIMADO;45.000.000;SERVICIO DE SALUD ORIENTE HOSPITAL DEL SALVADOR
5051-34-LP25;CONVENIO DE SIROLIMUS;LP;Publicada y disponible para ofertar;24/04/2025 15:23:44;El objetivo de la presente licitación, es invitar a través de www.mercadopublico.cl a todos los proveedores del rubro a participar de la adquisición de CONVENIO DE SIROLIMUS, necesario para la atención directa a pacientes clínico en el servicios del Hospital Regional de Talca y bajo las especificaciones técnicas requeridas por la Institución con el fin de seleccionar la oferta más conveniente de acuerdo a los criterios de evaluación, asegurando el abastecimiento en calidad y oportunidad, satisfaciendo así la demanda de los usuarios por un periodo de 18 meses.  ;CLP;NO PUBLICADO;ESTIMADO;Igual o superior a 1.000 UTM e inferior a 2.000 UTM;SERVICIO DE SALUD DEL MAULE HOSPITAL DE TALCA
1540-74-LE25;CONVENIO DE SUMINISTRO ODONTOLOGICOS;LE;Publicada y disponible para ofertar;25/04/2025 09:53:20;convenio de suministro de insumos odontológicos generales, para abastecer el Hospital Dr. Augusto Essmann Burgos de Puerto Natales, por un periodo de 24 meses.;CLP;NO PUBLICADO;DISPONIBLE;Entre 100 y 1000 UTM;SERVICIO DE SALUD MAGALLANES HOSPITAL DE PTO NATALES
4940-6-LR25;C.S Medicamentos Oncológicos EV D.A.C;LR;Publicada y disponible para ofertar;04/04/2025 18:18:00;GARANTIZAR EL ABASTECIMIENTO OPORTUNO DEL HOSPITAL REGIONAL DE COPIAPO.;CLP;NO PUBLICADO;ESTIMADO;Igual o superior a 5.000 UTM;SERVICIO DE SALUD ATACAMA HOSPITAL COPIA
875646-19-LR25;JCB. Servicio de Aseo;LR;Publicada y disponible para ofertar;10/04/2025 12:40:19;La Contratación del Servicio de Aseo en dependencias del hospital Eduardo Pereira y Centro de Especialidades. El Servicio de Aseo Contratado debe cumplir con los estándares de calidad y con los protocolos vigentes del establecimiento respecto al Control y Prevención de las Infecciones Asociadas a la Atención de Salud, y de acuerdo al D.S 6 del REAS, que considera:  •	Norma de higiene de manos •	Norma de aseo •	Norma de salud del personal •	Norma de precauciones estándar •	Norma de precauciones según vía de transmisión. •	Manejo de residuos especiales y peligrosos ;CLP;PUBLICADO;DISPONIBLE;970.200.000;Hospital Dr. Eduardo Pereira Ramirez
1058085-86-LQ25;Convenio Suministro de Adalimumab biosimilar solución inyectable para el Hospital del Salvador ;LQ;Publicada y disponible para ofertar;17/04/2025 10:22:22;Que, el Hospital del Salvador necesita contar con un Convenio Suministro de Adalimumab biosimilar solución inyectable para el Hospital del Salvador con la finalidad de satisfacer de manera adecuada y eficiente la labor asistencial durante el período de 36 meses   Que, por la cuantía determinada, la presente licitación se ubica en el tramo para contrataciones iguales o superiores a 1.000 UTM e inferiores a 5.000 UTM, en conformidad al Artículo 40 del Reglamento de la Ley Nº19.886   Que, hechas las consultas respectivas, la provisión de estos bienes o servicios no se encuentra disponible por Convenios Marcos ofrecidos en el Sistema de Información de la Dirección de Compras, www.mercadopublico.cl   Que, esta compra está vinculada al proyecto 1058085-5-PC25, correspondiente al Plan Anual de Compras del año 2025 ;CLP;PUBLICADO;ESTIMADO;260.000.000;SERVICIO DE SALUD ORIENTE HOSPITAL DEL SALVADOR
1002772-53-LR25;CANULAS DE ALTO FLUJO PARA USO PEDIATRICO -ADULTO;LR;Publicada y disponible para ofertar;30/04/2025 10:41:06;Artículo 6°: Las presentes Bases constituyen el instrumento guía destinado a celebrar un PARA EL CONVENIO DE SUMINISTRO DE CANULAS DE ALTO FLUJO PARA USO PEDIATRICO -ADULTO CON BASE CALEFACTORA EN COMODATO PARA EL HOSPITAL DR. FELIX BULNES CERDA, en adelante Hospital. Éstas, establecen los fines, condiciones y requisitos que deberán ser cumplidos por los oferentes, en todas y cada una de las partes que conformen su oferta y además de regular el todo el proceso licitatorio hasta la suscripción del correspondiente contrato.;CLP;NO PUBLICADO;ESTIMADO;Igual o superior a 5.000 UTM;SERVICIO SALUD OCCIDENTE HOSPITAL DR FELIX BULNES CERDA
1549-45-LP25;ADQ. DE MEDICAMENTOS ANTIMICROBIANOS ORALES HSJ.;LP;Publicada y disponible para ofertar;16/04/2025 11:29:55;Que, de acuerdo con lo establecido en la Resolución N°410 del 31 de enero de 2025 que aprueba el Plan Anual de Compras y Contrataciones año 2025 para el Complejo Hospitalario San José, se requiere la adquisición de COTRIMOXAZOL FORTE 800MG  LINEZOLIDA 600MG  AMOXICILINA 875MG AC.CLAVULANICO 125MG y TENOFOVIR DISOPROXILLAMIVUDINADOLUTEGRAVIR 300-300-50MG. Lo anterior, según consta en el certificad-;CLP;NO PUBLICADO;DISPONIBLE;Igual o superior a 1.000 UTM e inferior a 2.000 UTM;SERVICIO DE SALUD METROPOLITANA NORTE HOSPITAL SAN JOSE
2703-146-L125;SC 9817 Fármacos. TALAFARMACIA;L1;Publicada y disponible para ofertar;29/04/2025 16:58:59;SC 9817 Fármacos. TALAFARMACIA;CLP;PUBLICADO;DISPONIBLE;6.800.000;I MUNICIPALIDAD DE TALAGANTE
1057049-100-LR25;CSP - SERVICIO DE DIA CAMA INTEGRAL PSIQUIATRICA;LR;Publicada y disponible para ofertar;24/04/2025 17:01:00;El objetivo de la Propuesta es la contratación de “SERVICIO DE DIA CAMA INTEGRAL PSIQUIATRICA PARA PACIENTES ADULTOS YO INFANTO JUVENILES DEL HOSPITAL CLINICO SAN BORJA ARRIARÁN”, solicitados en las especificaciones técnicas, en concordancia con las Bases Administrativas, Técnicas, Formularios, aclaraciones y otros documentos que pudieran formularse en el transcurso de la licitación.  Se entenderá que todo proveedor conoce y acepta irrevocablemente el contenido de las Bases de licitación, por el solo hecho de presentar ofertas en este proceso de licitación.;CLP;NO PUBLICADO;ESTIMADO;Igual o superior a 5.000 UTM;SERV SALUD METROPOLITANO CENTRAL HOSPITAL CLINICO SAN BORJA ARRIARAN
1057543-16-LE25;“ROPA SERVICIOS CLÍNICO Y QUIRÚRGICO”;LE;Publicada y disponible para ofertar;24/04/2025 15:21:03;Se requiere adquirir ropa servicios clínicos y quirúrgico;CLP;NO PUBLICADO;ESTIMADO;Entre 100 y 1000 UTM;SERVICIO DE SALUD TALCAHUANO HOSPITAL DE
1057489-176-LQ25;Convenio de Suministro de Test de Detección Mutación Oncogén BRAF NRASBRAF y KRAS con incorporación de equipamiento para Unidad de Anatomía Patológica por 36 meses en el Hospital del Salvador;LQ;Publicada y disponible para ofertar;30/04/2025 17:04:37;Que, el Hospital del Salvador necesita contar con un “Convenio de Suministro de Test de Detección Mutación Oncogén BRAF NRAS/BRAF y KRAS con incorporación de equipamiento para Unidad de Anatomía Patológica por 36 meses en el Hospital del Salvador” con la finalidad de satisfacer de manera adecuada y eficiente la labor diagnóstica durante el periodo de 2025 – 2028   Que, por la cuantía determinada, la presente licitación se ubica en el tramo para contrataciones iguales o superiores a 1.000 UTM e inferiores a 5.000 UTM, de conformidad al Artículo 36º del Reglamento de la Ley Nº19.886   Que, hechas las consultas respectivas, la provisión de Convenio de Suministro de Test de Detección Mutación Oncogén BRAF NRAS/BRAF y KRAS con incorporación de equipamiento para Unidad de Anatomía Patológica por 36 meses en el Hospital del Salvador no se encuentra disponible por Convenio Marco ofrecidos en el Sistema de Información de la Dirección de Compras, www.mercadopublico.cl   Que esta compra está vinculada al proyecto 1057489-110-PC25, correspondiente al plan anual de compras del año 2025. ;CLP;PUBLICADO;ESTIMADO;195.000.000;SERVICIO DE SALUD ORIENTE HOSPITAL DEL SALVADOR
1058087-23-LP25;SUMINISTRO DE MEDICAMENTO LINFOGLOBULINA 250 MG;LP;Publicada y disponible para ofertar;29/04/2025 20:15:28;ADQUISICIÓN, POR SISTEMA DE SUMINISTRO DE MEDICAMENTO ATGAM SOLUCIÓN INYECTABLE 250 MG 5 ML LINFOGLOBULINA, PARA EL HOSPITAL DOCTOR LUIS CALVO MACKENNA.;CLP;PUBLICADO;DISPONIBLE;110.000.000;SERVICIO DE SALUD ORIENTE HOSPITAL LUIS CALVO MACKENNA
1002772-29-LR25;INSUMOS PARA PATOLOGIA TRAUMATICA DE PIE-TOBILLO;LR;Publicada y disponible para ofertar;02/04/2025 12:15:48;Las presentes Bases constituyen el instrumento guía destinado a celebrar un CONVENIO DE SUMINISTRO DE INSUMOS PARA PATOLOGIA TRAUMATICA DE PIE-TOBILLO EN CONSIGNACIÓN Y CON INSTRUMENTAL EN COMODATO PARA EL HOSPITAL DR. FÉLIX BULNES CERDA, en adelante Hospital, éstas, establecen los fines, condiciones y requisitos que deberán ser cumplidos por los oferentes, en todas y cada una de las partes que conformen su oferta, además de regular el todo el proceso licitatorio hasta la suscripción del correspondiente contrato.;CLP;NO PUBLICADO;ESTIMADO;Igual o superior a 5.000 UTM;SERVICIO SALUD OCCIDENTE HOSPITAL DR FELIX BULNES CERDA
1058085-92-LQ25;CONVENIO SUMINISTRO DE MOMETASONA FUROATO 50MCGDOSIS EN CASO DE NO DESPACHO DE CENABAST PARA EL HOSPITAL DEL SALVADOR;LQ;Publicada y disponible para ofertar;18/04/2025 14:13:18;Que, el Hospital del Salvador necesita contar con CONVENIO SUMINISTRO DE MOMETASONA FUROATO 50MCG/DOSIS EN CASO DE NO DESPACHO DE CENABAST PARA EL HOSPITAL DEL SALVADOR con la finalidad de satisfacer de manera adecuada y eficiente la labor asistencial durante un periodo de 36 meses.  Que, el hospital debe implementar “Medidas Complementarias”, para asegurar el abastecimiento de los medicamentos intermediados por CENABAST, ante los reiterados quiebres de stock e incumplimientos derivados de sus proveedores   Que, por la cuantía determinada, la presente licitación se ubica en el tramo para contrataciones de aquellas iguales o superiores a 1.000 UTM e inferiores a 5.000 UTM, de conformidad al Artículo 36 del Reglamento de la Ley Nº19.886, en atención a que las terapias no pueden interrumpirse por los efectos adversos que generan. ;CLP;PUBLICADO;ESTIMADO;340.000.000;SERVICIO DE SALUD ORIENTE HOSPITAL DEL SALVADOR
2080-205-LE25;COMPRA SUTURAS OFTÁLMICAS;LE;Publicada y disponible para ofertar;21/04/2025 14:21:55;El objeto de esta Licitación es contar con una adecuada adquisición de COMPRA SUTURAS OFTALMÓLOGICAS PARA EL HOSPITAL DR. FRANCO RAVERA ZUNINO, durante el curso del contrato.;CLP;NO PUBLICADO;ESTIMADO;Entre 100 y 1000 UTM;SERVICIO DE SALUD DEL LIBERTADOR B O'HIGGINS HOSPITAL REG RANCAGUA
1057489-158-LQ25;Servicio de Mantención Preventiva y Correctiva para Reefer y equipos compactos de Anatomía Patológica Laboratorio de Microbiología y Servicio de Dermatología del Hospital del Salvador;LQ;Publicada y disponible para ofertar;21/04/2025 17:48:14;Que, el Hospital del Salvador necesita contar con el “Servicio de Mantención Preventiva y Correctiva para Reefer y equipos compactos de Anatomía Patológica, Laboratorio de Microbiología y Servicio de Dermatología del Hospital del Salvador”, con la finalidad de satisfacer de manera adecuada y eficiente la labor asistencial   Que, por la cuantía determinada, la presente licitación se ubica en el tramo para contrataciones de aquellas iguales o superiores a 1.000 UTM e inferiores a 5.000 UTM, en conformidad al Artículo 36º del Reglamento de la Ley Nº19.886   Que, hechas las consultas respectivas, el “Servicio de Mantención Preventiva y Correctiva para Reefer y equipos compactos de Anatomía Patológica, Laboratorio de Microbiología y Servicio de Dermatología del Hospital del Salvador”, no se encuentra disponible en el catálogo de bienes y servicios ofrecidos en el Sistema de Información de la Dirección de Compras www.chilecompra.cl  ;CLP;PUBLICADO;ESTIMADO;99.000.000;SERVICIO DE SALUD ORIENTE HOSPITAL DEL SALVADOR
1002772-44-LQ25;INSUMOS PARA CIRUGIA ORTOPÉDICA DE MANO;LQ;Publicada y disponible para ofertar;22/04/2025 16:19:34;Artículo 6°: Las presentes Bases constituyen el instrumento guía destinado a celebrar un CONVENIO DE SUMINISTRO DE INSUMOS PARA CIRUGIA ORTOPÉDICA DE MANO EN CONSIGNACIÓN Y CON INSTRUMENTAL EN COMODATO PARA EL HOSPITAL DR. FÉLIX BULNES CERDA, en adelante Hospital, éstas, establecen los fines, condiciones y requisitos que deberán ser cumplidos por los oferentes, en todas y cada una de las partes que conformen su oferta, además de regular el todo el proceso licitatorio hasta la suscripción del correspondiente contrato.;CLP;NO PUBLICADO;DISPONIBLE;Igual o superior a 2.000 UTM e inferior a 5.000 UTM ;SERVICIO SALUD OCCIDENTE HOSPITAL DR FELIX BULNES CERDA
1057402-99-LP25;INS Y REACT PARA DETERMINACIÓN DE BIOMARCADORES;LP;Publicada y disponible para ofertar;11/04/2025 12:51:32;El propósito de la licitación es contar con un contrato de suministro por la adquisición de “INSUMOS Y REACTIVOS PARA DETERMINACIÓN DE BIOMARCADORES GASTROPANEL CON EQUIPO EN COMODATO”, que incluye un equipo para el análisis de muestras de pacientes del Programa de Prevención de Cáncer Gástrico el que físicamente quedará en el C.R. Laboratorio Clínico del Hospital, y que permita el aprovisionamiento oportuno de los productos necesarios en la atención de los usuarios del Hospital por un periodo de 24 meses, en las circunstancias que estos productos no fueran provistos por la Central Nacional de Abastecimiento de los Servicios de Salud, ni se encuentren disponibles en catálogos electrónicos del Convenio Marco, en las Compras Coordinadas y/o Compras Conjuntas del Ministerio de Salud, o bien su adquisición sea desventajosa respecto al resultado de la presente licitación, ni existen en propiedad de otros organismo del Estado o servicios compartidos que permitan satisfacer el requerimiento, cuyas condiciones más ventajosas serán informadas en la oportunidad correspondiente a la Dirección de Compras, en conformidad con lo dispuesto en el D.S. Nº 661, de 2024, del Ministerio de Hacienda.;CLP;NO PUBLICADO;ESTIMADO;Igual o superior a 1.000 UTM e inferior a 2.000 UTM;HOSPITAL CLINICO DE MAGALLANES DR. LAUTARO NAVARRO AVARIA
1058085-83-LQ25;CONVENIO SUMINISTRO DE MESALAZINA 1 G SUPOSITORIO EN CASO DE NO DESPACHO DE CENABAST PARA EL HOSPITAL DEL SALVADOR.;LQ;Publicada y disponible para ofertar;15/04/2025 15:55:46;Que, el Hospital del Salvador necesita contar con CONVENIO SUMINISTRO DE MESALAZINA 1 G SUPOSITORIO EN CASO DE NO DESPACHO DE CENABAST PARA EL HOSPITAL DEL SALVADOR con la finalidad de satisfacer de manera adecuada y eficiente la labor asistencial durante un periodo de 36 meses.   Que, el hospital debe implementar “Medidas Complementarias”, para asegurar el abastecimiento de los medicamentos intermediados por CENABAST, ante los reiterados quiebres de stock e incumplimientos derivados de sus proveedores   Que, por la cuantía determinada, la presente licitación se ubica en el tramo para contrataciones de aquellas iguales o superiores a 1.000 UTM e inferiores a 5.000 UTM, de conformidad al Artículo 36 del Reglamento de la Ley Nº19.886, en atención a que las terapias no pueden interrumpirse por los efectos adversos que generan.  Que hechas las consultas respectivas, la provisión de estos bienes o servicios no se encuentra disponible por Convenios Marcos ofrecidos en el Sistema de Información de la Dirección de Compras, www.mercadopublico.cl   Que, esta compra está vinculada al proyecto 1058085-6-PC25, correspondiente al Plan Anual de Compras del año 2025;CLP;PUBLICADO;DISPONIBLE;340.000.000;SERVICIO DE SALUD ORIENTE HOSPITAL DEL SALVADOR
2258-55-LR25;INSUMOS INTERVENCIONES QUIRURGICAS DE OFTALMOLOGIA;LR;Publicada y disponible para ofertar;03/04/2025 15:45:26;El HRA mediante este proceso licitatorio los siguientes insumos , para intervenciones quirúrgicas de oftalmología, cotizar valores netos, mercadería puesta en bodega, ver bases.;CLP;NO PUBLICADO;DISPONIBLE;Igual o superior a 5.000 UTM;SERVICIO DE SALUD ANTOFAGASTA HOSPITAL L
5051-28-LP25;Amioradona cloridrato y otros medicamentos;LP;Publicada y disponible para ofertar;16/04/2025 10:49:18;El objetivo de la presente licitación, es invitar a través de www.mercadopublico.cl a todos los proveedores del rubro a participar de la adquisición de Amiodarona clorhidrato y otros fármacos necesario para la atención directa a pacientes clínico en el servicios de farmacia del Hospital Regional de Talca por un periodo de 24 meses;CLP;NO PUBLICADO;ESTIMADO;Igual o superior a 1.000 UTM e inferior a 2.000 UTM;SERVICIO DE SALUD DEL MAULE HOSPITAL DE TALCA
2069-63-LR25;SGN-SUM CIRUGIA CERVICAL POSTERIOR;LR;Publicada y disponible para ofertar;08/04/2025 16:14:11;El objetivo de la presente licitación es contratar durante 12 Doce meses el “SUMINISTRO DE INSUMOS PARA CIRUGIA CERVICAL POSTERIOR PARA EL HOSPITAL BARROS LUCO TRUDEAU”, con las características que se señalan en las Bases Técnicas, respecto a los procedimientos, términos y exigencias del suministro de los productos solicitados, que apoyen el correcto funcionamiento de este servicio y con esto responder a las necesidades del Hospital Barros Luco Trudeau. Que, además para los fines precedentes, el los proveedor es que contraten, serán responsables de cumplir estricta y cabalmente con los requerimientos y especificaciones consagrados en los documentos de la presente licitación.  Sin perjuicio de lo anterior, el suministro a contratar deberá permitir la opción de ser ampliado o reducido, de acuerdo a las necesidades del Hospital, en consideración a la demanda variable del establecimiento.;CLP;NO PUBLICADO;DISPONIBLE;Igual o superior a 5.000 UTM;SERVICIO DE SALUD METROPOLITANO SUR HOSP
1058087-14-LQ25;MEDICAMENTO CRISANTASPASA ASPARAGINASA DE ERWINIA;LQ;Publicada y disponible para ofertar;14/04/2025 15:51:36;ADQUISICIÓN, POR SISTEMA DE SUMINISTRO DE MEDICAMENTO ERWINIA® 10.000 UI POLVO LIOFILIZADO PARA RECONSTITUIR A SOLUCIÓN INYECTABLE CRISANTASPASA ASPARAGINASA DE ERWINIA, PARA EL HOSPITAL DOCTOR LUIS CALVO MACKENNA.;CLP;PUBLICADO;DISPONIBLE;300.000.000;SERVICIO DE SALUD ORIENTE HOSPITAL LUIS CALVO MACKENNA
1003473-88-LE25;CONVENIO DE SUMINISTRO DE SONDAS NELATON PARA EL HOSPITAL SAN JUAN DE DIOS DE CURICÓ;LE;Publicada y disponible para ofertar;23/04/2025 17:06:58;Las presentes bases de Licitación Pública tienen la finalidad de celebrar el “CONVENIO DE SUMINISTRO DE SONDAS NELATON PARA EL HOSPITAL SAN JUAN DE DIOS DE CURICÓ” por 36 meses, para satisfacer de manera adecuada y eficiente la labor asistencial de los distintos Servicios Clínicos del Hospital San Juan de Dios de Curicó.  El detalle sobre el “CONVENIO DE SUMINISTRO DE SONDAS NELATON PARA EL HOSPITAL SAN JUAN DE DIOS DE CURICÓ”, con sus respectivas cantidades estimativas de consumo por un periodo de 36 meses y el presupuesto estimativo asignado, se especificarán en las respectivas resoluciones exentas que emita el hospital para estos efectos, y que tienen por objetivo autorizar e iniciar el respectivo proceso licitatorio en el portal www.mercadopúblico.cl. ;CLP;NO PUBLICADO;ESTIMADO;Entre 100 y 1000 UTM;SERVICIO DE SALUD DEL MAULE HOSPITAL DE CURICO
3735-19-LE25;CONTRATACIÓN AUDITORÍA EXTERNA MUNICIPALIDAD DE LAJA;LE;Publicada y disponible para ofertar;23/04/2025 18:00:00;El servicio requerido consiste en la realización de una auditoría externa para evaluar la ejecución presupuestaria, situación financiera, contable y de procesos del Municipio, Educación y Salud enfocado en los principios de economicidad, eficacia y eficiencia, correspondiente al periodo desde 01 de julio 2021 al 05 de diciembre 2024. con el propósito de obtener una opinión respecto de la razonabilidad y confiabilidad de las cifras que en ellos contienen.;CLP;PUBLICADO;DISPONIBLE;30.000.000;I MUNICIPALIDAD DE LAJA
2069-74-LQ25;JMO SUMINISTRO OCTREOTIDA 30 MG PARA HBLT;LQ;Publicada y disponible para ofertar;23/04/2025 12:03:38;El objeto de la presente licitación es contar con un contrato de suministro y de tal manera satisfacer la demanda de los medicamentos de alto costo, y dar continuidad de tratamiento a pacientes perteneciente a Programas Ministeriales de manera local, por lo que es necesario para una correcta entrega a pacientes del establecimiento, conjuntamente con la implementación de un sistema de frecuencia y periodicidad de entrega de los productos, coordinado entre Hospital y el adjudicatario.;CLP;NO PUBLICADO;DISPONIBLE;Igual o superior a 2.000 UTM e inferior a 5.000 UTM ;SERVICIO DE SALUD METROPOLITANO SUR HOSP
1549-42-LR25;ADQ. TUBOS DE EXTRACCIÓN DE SANGRE CON EQUIP.;LR;Publicada y disponible para ofertar;15/04/2025 13:54:40;De acuerdo con lo establecido en la Resolución N° 410, de 31 de enero de 2025, que aprueba Plan Anual de Compras y Contrataciones año 2025 para el Complejo Hospitalario San José, se requiere la adquisición de tubos para la extracción de sangre con equipamiento, para el apoyo del diagnóstico clínico en pacientes. Lo anterior, según consta en el certificado de fecha 26 de marzo de 2025, de la Unidad;CLP;PUBLICADO;DISPONIBLE;550.000.000;SERVICIO DE SALUD METROPOLITANA NORTE HOSPITAL SAN JOSE
1058087-20-LP25;SUMINISTRO DE MEDICAMENTO VORICONAZOL;LP;Publicada y disponible para ofertar;25/04/2025 19:10:16;ADQUISICIÓN, POR SISTEMA DE SUMINISTRO DE MEDICAMENTO FUSITOP COMPRIMIDOS RECUBIERTOS 200 MG VORICONAZOL, PARA EL HOSPITAL DOCTOR LUIS CALVO MACKENNA.;CLP;PUBLICADO;DISPONIBLE;110.000.000;SERVICIO DE SALUD ORIENTE HOSPITAL LUIS CALVO MACKENNA
699866-64-LE25;ADQUISICION DE GUANTES NEOPRENO PARA RECETARIO MAGISTRAL Y OTRO INSUMO;LE;Publicada y disponible para ofertar;25/04/2025 12:00:24;El objetivo de la presente licitación, es invitar a través de www.mercadopublico.cl a todos los proveedores del rubro a participar de la adquisición de GUANTES NEOPRENO PARA RECETARIO MAGISTRAL Y OTRO INSUMO necesarios para el Hospital Regional de Talca y bajo las especificaciones técnicas requeridas por la Institución con el fin de seleccionar la oferta más conveniente de acuerdo a los criterios de evaluación, asegurando el abastecimiento en calidad y oportunidad, satisfaciendo así la demanda de los usuarios. ;CLP;NO PUBLICADO;ESTIMADO;Entre 100 y 1000 UTM;SERVICIO DE SALUD DEL MAULE HOSPITAL DE TALCA
1058128-5-LR25;CONVENIO SUMINISTRO INSULINAS HPM;LR;Publicada y disponible para ofertar;28/04/2025 13:19:50;Debido a la necesidad del Hospital de Puerto Montt, de contratar un Proveedor en condiciones de ejecutar un convenio de suministro de INSULINAS, necesario para asegurar un tratamiento oportuno, adecuado, eficiente y correcto para los pacientes, en conformidad con la Resolución N°12.499, emitida el 29 de octubre de 2024, que aprueba el Arsenal Terapéutico del Hospital de Puerto Montt.;CLP;NO PUBLICADO;ESTIMADO;Igual o superior a 5.000 UTM;HOSPITAL PUERTO MONTT SERVICIO DE SALUD DEL RELONCAVI
4642-39-LE25;Contratación del servicio de retiro transporte tratamiento y disposición final de residuos especiales REAS y peligrosos RESPEL para los Centros Médicos y Dentales de: San Antonio Linares y Coyhaique pertenecientes a la Red Salud de Carabineros to;LE;Publicada y disponible para ofertar;21/04/2025 09:35:01;Contratación del servicio de retiro, transporte, tratamiento y disposición final de residuos especiales (REAS) y peligrosos (RESPEL) para los Centros Médicos y Dentales de: San Antonio, Linares y Coyhaique, pertenecientes a la Red Salud de Carabineros, todos por un periodo de 36 meses. Res Ex 512 del 11.04.2025 SOL 2483298-2500446-2500394 - CDP 80561-161-340;CLP;NO PUBLICADO;ESTIMADO;Entre 100 y 1000 UTM;DIRECCION DE LOGISTICA DE CARABINEROS
1057489-148-LQ25;Convenio de Suministro de Contenedores seguros de Formalina para el Laboratorio de Anatomía Patológica por 36 meses del Hospital del Salvador;LQ;Publicada y disponible para ofertar;15/04/2025 14:34:22;Que, el Hospital del Salvador necesita contar con un Convenio de Suministro de Contenedores seguros de Formalina para el Laboratorio de Anatomía Patológica por 36 meses del Hospital del Salvador con la finalidad de satisfacer de manera adecuada y eficiente la labor asistencial   Que, por la cuantía determinada, la presente licitación se ubica en el tramo para contrataciones iguales o superiores a 1.000 UTM e inferiores a 5.000 UTM, de conformidad al Artículo 36º del Reglamento de la Ley Nº19.886 ;CLP;PUBLICADO;ESTIMADO;160.000.000;SERVICIO DE SALUD ORIENTE HOSPITAL DEL SALVADOR
1057544-148-I225;CONTRATACIÓN DE SERVICIOS DE ENFERMERÍA CONSULTAS MÉDICAS E INTERVENCIONES QUIRÚRGICAS DE CIRUGÍA GENERAL Y SUBESPECIALIDADES;I2;Publicada y disponible para ofertar;29/04/2025 14:30:13;contratar servicios, bajo la condición de compra de servicios para la realización de servicios de enfermería, consultas médicas interviniendo, además, quirúrgicamente a pacientes del hospital que presenten patologías de cirugía general, vascular, gastroenterología o coloproctología, esto, ante la contingencia y demanda actual;CLP;NO PUBLICADO;DISPONIBLE;Mayor a 5000 UTM;SERVICIO DE SALUD DE TALCAHUANO HOSPITAL
1057539-83-LQ25;SER.MEDICOS NEUROQUIRURGICO DE URGENCIA;LQ;Publicada y disponible para ofertar;09/04/2025 16:10:00;ADQUISICIÓN DE SERVICIOS MEDICOS DE CIRUGÍAS NEUROQUIRÚRGICA DE URGENCIA;CLP;PUBLICADO;ESTIMADO;174.304.725;HOSPITAL PUERTO MONTT SERVICIO DE SALUD DEL RELONCAVI
1057539-81-LQ25;SERVICIOS MEDICOS DE CIRUGÍAS NEUROQUIRURGICO GES;LQ;Publicada y disponible para ofertar;10/04/2025 08:41:57;ADQUISICIÓN DE SERVICIOS MEDICOS DE CIRUGÍAS NEUROQUIRÚRGICA GES;CLP;PUBLICADO;ESTIMADO;166.934.170;HOSPITAL PUERTO MONTT SERVICIO DE SALUD DEL RELONCAVI
2133-51-LP25;PPTA 139-25 “COMPRA DE SERVICIO DE TOMOGRAFÍA COMPUTARIZADA POR CONTINGENCIA”;LP;Publicada y disponible para ofertar;28/04/2025 16:32:15;El objetivo principal de esta propuesta es la Compra de servicio de tomografía computarizada por contingencia, con el fin de garantizar la continuidad en la realización de exámenes cuando el Hospital Dr. Hernán Henríquez Aravena no pueda ofrecer este servicio debido a que alguno de sus equipos se encuentre en mantención o reparación. De no contar con este servicio en tales situaciones, se vería afectada la atención a pacientes GES, oncológicos, prequirúrgicos, de urgencias y hospitalizados, lo que podría ocasionar una suspensión de sus exámenes. Esta falta de acceso oportuno a una tomografía dificultaría la evaluación precisa de lesiones o enfermedades por parte de los médicos, lo que podría resultar en diagnósticos imprecisos o tratamientos menos efectivos, especialmente en casos críticos como accidentes traumáticos, ACV y cáncer, donde el tiempo de respuesta es crucial para mejorar las probabilidades de éxito del tratamiento o el seguimiento adecuado. Actualmente, el hospital dispone de dos equipos de tomografía, pero solo uno de ellos está operativo, lo que no permite cubrir de manera adecuada las necesidades del servicio. Además, el hospital no cuenta con un equipo de respaldo en caso de fallas o necesidad de mantenimiento. Por lo tanto, la falta de esta contratación afectaría directamente el proceso clínico de los pacientes, limitando gravemente la capacidad de diagnosticar, tratar y hacer seguimiento de diversas condiciones médicas. Esto comprometería la calidad y eficiencia de la atención, poniendo en riesgo la salud de los pacientes. En vista de lo anterior, y dado que el hospital no cuenta con este tipo de prestaciones, es necesario contratar estos servicios bajo las mejores condiciones posibles, en la ciudad de Temuco y en las dependencias del prestador, según se detalla en las bases administrativas y técnicas, y en el Anexo N°1.;CLP;PUBLICADO;ESTIMADO;305.437.113;HOSPITAL DOCTOR HERNAN HENRIQUEZ ARAVENA
1058012-26-LQ25;MEDICAMENTOS INYECTABLES ANTIMICROBIANOS Y OTROS;LQ;Publicada y disponible para ofertar;14/04/2025 12:54:46;El propósito de la licitación es contar con contratos de suministro por la adquisición de “MEDICAMENTOS INYECTABLES, ANTIMICROBIANOS Y OTROS (REPASO) HCM 2025”, que permitan el aprovisionamiento oportuno de los productos necesarios en la atención de los usuarios del Hospital para el año 2025, en las circunstancias que estos productos no fueran provistos por la Central Nacional de Abastecimiento de los Servicios de Salud, ni se encuentren disponibles en catálogos electrónicos del Convenio Marco, en las Compras Coordinadas y/o Compras Conjuntas del Ministerio de Salud, o bien su adquisición sea desventajosa respecto al resultado de la presente licitación, ni existen en propiedad de otros organismo del Estado o servicios compartidos que permitan satisfacer el requerimiento, cuyas condiciones más ventajosas serán informadas en la oportunidad correspondiente a la Dirección de Compras, en conformidad con lo dispuesto en el D.S. Nº 661, de 2024, del Ministerio de Hacienda.;CLP;NO PUBLICADO;ESTIMADO;Igual o superior a 2.000 UTM e inferior a 5.000 UTM ;HOSPITAL CLINICO DE MAGALLANES DR. LAUTARO NAVARRO AVARIA
1057547-195-LQ25;SERV. ANESTESISTAS PARA DIFERENTES INTERVEN. QUIRÚRGICAS;LQ;Publicada y disponible para ofertar;24/04/2025 11:10:55;“COMPRA SERVICIOS DE ANESTESISTAS PARA DIFERENTES INTERVENCIONES QUIRÚRGICAS DE RESOLUCION DE PACIENTES EN LISTA DE ESPERA QUIRURGICA GES Y NO GES SEGUN PLAN DE RESOLUCION MINSAL AÑO 2025”;CLP;PUBLICADO;ESTIMADO;337.000.000;SERVICIO DE SALUD VALDIVIA HOSPITAL BASE
5051-40-LP25;CONVENIO DE DINOPROSTONA DIVALPROATO DE SODIO MEDICAMENTOS FUO Y OTROS FARMACOS;LP;Publicada y disponible para ofertar;28/04/2025 13:36:24;El objetivo de la presente licitación, es invitar a través de www.mercadopublico.cl a todos los proveedores del rubro a participar de la adquisición de CONVENIO DE DINOPROSTONA, DIVALPROATO DE SODIO, MEDICAMENTOS FUO Y OTROS FARMACOS, necesario para la atención directa a pacientes clínico en el servicios del Hospital Regional de Talca y bajo las especificaciones técnicas requeridas por la Institución con el fin de seleccionar la oferta más conveniente de acuerdo a los criterios de evaluación, asegurando el abastecimiento en calidad y oportunidad, satisfaciendo así la demanda de los usuarios por un periodo de 18 meses.  ;CLP;NO PUBLICADO;ESTIMADO;Igual o superior a 1.000 UTM e inferior a 2.000 UTM;SERVICIO DE SALUD DEL MAULE HOSPITAL DE TALCA
2133-49-LP25;PPTA 202-25 DFL N°36 “COMPRA DE SERVICIO INTEGRAL GESTIÓN DEL CUIDADO TÉCNICOS DE ENFERMERÍA AUXILIARES Y KINESIÓLOGOS CCRR MÉDICO”;LP;Publicada y disponible para ofertar;25/04/2025 15:52:22;El objetivo principal de esta Propuesta Pública es la compra de servicio integral gestión del cuidado de Kinesiólogos, Auxiliares y Técnicos en Enfermería, para el CCRR Médico, a fin de no caer en la falta de servicio, pues con la dotación institucional no es posible dar cobertura necesaria para la atención clínica en los servicios de Hospitalización Domiciliaria, Infectología, Salud Mental, Medicina Interna y Peritoneodiálisis, Este servicio busca mantener el estándar de calidad y seguridad de la atención brindada a los pacientes, disminuyendo, el riesgo de eventos adversos,  incluyendo además el ausentismo provocado por la sobrecarga laboral del personal otorgando atención a los pacientes según el estándar recomendado por nivel de complejidad en Ordinario C21/N° 2110, del 17 de julio 2012. Cabe destacar que no contar con la prestación dificulta la atención de pacientes y pone en riesgo la oportunidad de la prestación de acciones del área de enfermería, área médica y de los procesos de atención kinésica afectando directamente en la recuperación de los usuarios. El servicio se realizará en dependencias del Hospital, en las mejores condiciones posibles para ambas partes, según se detalla en las bases técnicas y las cantidades en el Anexo Nº 1. El respectivo contrato estará sujeto a las disposiciones del Decreto con Fuerza de Ley Nº 36, del 10 de Julio de 1980 del Ministerio de Salud y sus modificaciones introducidas por la Ley Nº 18.417, en este sentido, El Prestador de Acciones de Salud se obligará a proporcionar por cuenta y a nombre del Hospital, y por la vía de la delegación, conforme a lo requerido por el inc. 1 del art. 2 del DFL 36/80 a los Beneficiarios del Régimen de Prestaciones de Salud de la Ley Nº 18.469, las acciones de prevención, fomento, recuperación, protección o de rehabilitación de salud que por este acto se licitan.;CLP;NO PUBLICADO;ESTIMADO;Igual o superior a 1.000 UTM e inferior a 2.000 UTM;HOSPITAL DOCTOR HERNAN HENRIQUEZ ARAVENA
3213-1-LE25;Contrato de Suministro Materiales e Insumos Dental;LE;Publicada y disponible para ofertar;22/04/2025 12:30:23;Contrato de suministro para la adquisición de materiales, instrumental e insumos odontológicos para la Municipalidad de Collipulli - Departamento de Salud por el periodo de 24 meses.;CLP;PUBLICADO;ESTIMADO;20.000.000;I MUNICIPALIDAD DE COLLIPULLI
1059109-12-LE25;ADQUISICIÓN SERVICIO TRASLADO PASAJEROS;LE;Publicada y disponible para ofertar;22/04/2025 15:29:37;El Instituto Nacional de Deportes necesita contratar el Servicio de transporte de pasajeros deportistas, técnicos, delegados, equipos de salud, equipo de apoyo IND Ñuble para los deportistas que participaran en la Final Nacional U 14 y Juvenil Componente Escolar;CLP;NO PUBLICADO;DISPONIBLE;Entre 100 y 1000 UTM;INSTITUTO NACIONAL DE DEPORTES DE CHILE
1736-24-LR25;Arriendo impl. y mant. de Software de Gestión;LR;Publicada y disponible para ofertar;01/04/2025 13:54:51;Se requiere la contratación del servicio de arriendo, implementación y mantenimiento de Software de Gestión para la Ilustre Municipalidad de El Bosque 2025-2028.;CLP;PUBLICADO;ESTIMADO;344.250.816;I MUNICIPALIDAD DE LA COMUNA DE EL BOSQUE
3382-3-LE25;CONTRATO CON TALLER MECÁNICO PARA MANT DE VEH.;LE;Publicada y disponible para ofertar;28/04/2025 17:08:39;La presente Licitación tiene como objetivo celebrar un “Contrato con taller mecánico para el mantenimiento preventivo, reparativo, con insumos, repuestos nuevos y originales incluidos para vehículos motorizados del CCM “Concepción”, por 24 meses, que comenzará a regir desde la completa tramitación de la resolución que lo apruebe, con el fin de garantizar el normal funcionamiento de esta Instalación de Salud.;CLP;PUBLICADO;DISPONIBLE;8.000.000;COMANDO DE APOYO A LA FUERZA
3130-8-LE25;Serv. Mant.anual y pintado a dos estanques de agua;LE;Publicada y disponible para ofertar;21/04/2025 16:28:00;El Hospital de las FF.AA. Cirujano Guzmán de Punta Arenas requiere contratar el servicio de mantención anual y pintado a dos estanques de agua potable, por resultar un servicio esencial para el buen funcionamiento de la entidad de salud Naval.;CLP;PUBLICADO;ESTIMADO;29.000.000;DIRECCION DE ABASTECIMIENTO DE LA ARMADA
5482-33-LE25;EVENTOS ADULTOS MAYORES;LE;Publicada y disponible para ofertar;28/04/2025 16:00:01;La Municipalidad de Ñuñoa requiere la contratación del Servicio de “PRODUCCIÓN Y DESARROLLO DE EVENTOS Y ACTIVIDADES MASIVAS PARA LAS PERSONAS MAYORES 2025”, las que se realizarán entre los meses comprendidos entre la suscripción del contrato y diciembre del año en curso.        El desarrollo de este tipo de actividades busca contribuir en la participación social de este segmento de la población, potenciando un envejecimiento activo y positivo.  Favoreciendo la salud, seguridad y participación de los adultos mayores. En este contexto, la utilización del espacio público por parte de las personas mayores es fundamental para poder construir una comuna inclusiva, donde esta población debe ser puesta en valor y reconocida como agente activo en la construcción del tejido social.;CLP;NO PUBLICADO;DISPONIBLE;Entre 100 y 1000 UTM;I MUNICIPALIDAD DE NUNOA
1514-63-LP25;Convenio De Suministro de Insumos de Esterilización;LP;Publicada y disponible para ofertar;24/04/2025 15:10:05;Se requiere para el normal funcionamiento de la unidad de esterilización del hospital de castro;CLP;NO PUBLICADO;ESTIMADO;Igual o superior a 1.000 UTM e inferior a 2.000 UTM;SERVICIO DE SALUD CHILOE
1230865-9-LE25;SERVICIO TRASLADO PASAJEROS;LE;Publicada y disponible para ofertar;21/04/2025 14:44:54;La Corporación Comunal de Desarrollo de Quinta Normal en adelante, CorpQuin, persona jurídica de Derecho Privado que administra las áreas de Salud y Educación de la comuna de Quinta Normal, requiere contratar SERVICIO DE TRASLADO DE PERSONAS PARA ESTABLECIMIENTOS EDUCACIONALES para los centros de educacionales bajo su administración, por el periodo de un año corrido desde celebrado el contrato.;CLP;NO PUBLICADO;DISPONIBLE;Entre 100 y 1000 UTM;Corporación Comunal de Desarrollo Quinta Normal
557639-32-LE25;ATORVASTATINA 40 MG.;LE;Publicada y disponible para ofertar;28/04/2025 08:35:15;Comprar Atorvastatina 40mg  a instituciones debidamente acreditadas por el Instituto de Salud Pública ISP. Entregar los productos en Droguería para que esta posteriormente distribuya a los establecimientos Compra de acuerdo a los requerimientos técnicos en las cantidades indicadas.;CLP;NO PUBLICADO;DISPONIBLE;Entre 100 y 1000 UTM;CORP MUNICIPAL DE SERVICIOS PUBLICOS TRASPASADOS DE RANCAGUA
2664-17-LE25;CANASTAS INTEGRALES DE OTORRINOLARINGOLOGIA;LE;Publicada y disponible para ofertar;22/04/2025 11:41:00;PROCEDIMIENTO: ATENCION MEDICA, AUDIOMETRIA, IMPEDANCIOMETRIA, RESULTADOS Y RECETAS;CLP;NO PUBLICADO;DISPONIBLE;Entre 100 y 1000 UTM;I MUNICIPALIDAD DE TOME
2762-15-LE25;Adq. de Lentes y Cristales Programa Resolutividad;LE;Publicada y disponible para ofertar;22/04/2025 17:10:29;La necesidad de proporcionar un servicio a la comunidad que otorgue el mayor grado de satisfacción posible a las personas beneficiarias de los Centros de Salud, dependientes de la Ilustre Municipalidad de Coronel, correspondiente al servicio de lentes y cristales, con el fin de aumentar eficiencia y cobertura, se hace necesario realizar un llamado a licitación pública, para cumplir con tales fines;CLP;PUBLICADO;ESTIMADO;30.930.000;I MUNICIPALIDAD DE CORONEL
2548-18-LE25;ADQUISICIÓN DE FÁRMACOS DENTALES;LE;Publicada y disponible para ofertar;29/04/2025 10:03:17;ADQUISICIÓN DE FÁRMACOS DENTALES PARA ESTABLECIMIENTOS DE SALUD MUNICIPAL DE PADRE LAS CASAS;CLP;PUBLICADO;DISPONIBLE;10.000.000;I MUNICIPALIDAD DE PADRE LAS CASAS
3614-11-LE25;CURSOS DE CAPACITACIÓN DESAM VICUÑA;LE;Publicada y disponible para ofertar;29/04/2025 14:08:51;EL DEPARTAMENTO DE SALUD DE VICUÑA REQUIERE CONTRATAR CURSOS DE CAPACITACIÓN PARA EJECUCION DE PLAN ANUAL DE CAPACITACIÓN Y CURSOS DE CONVENIO PROGRAMA DESARROLLO DEL RECURSO HUMANO.;CLP;PUBLICADO;DISPONIBLE;17.533.955;I MUNICIPALIDAD DE VICUNA
1709-13-LE25;SUMINISTRO DE ARRIENDO DE 2 FURGONES CON CONDUCTOR;LE;Publicada y disponible para ofertar;30/04/2025 15:59:11;SERVICIO DE SUMINISTRO DE ARRIENDO DE 2 FURGONES CON CONDUCTOR, EL CUAL PRESTARÁ SERVICIO EN LOS DIFERENTES ESTABLECIMIENTOS DE SALUD, 1 EN CESFAM DR. RICARDO VALDES Y 1 EN CESFAM ARMANDO WILLIAMS - UNIDAD DE APOYO Y OPERACIONES.-;CLP;NO PUBLICADO;ESTIMADO;Entre 100 y 1000 UTM;I MUNICIPALIDAD DE CAUQUENES
898-64-LE25;SUMINISTRO DE JABON Y ALCOHOL GEL PARA EL HCV;LE;Publicada y disponible para ofertar;21/04/2025 17:36:16;SUMINISTRO DE JABON Y ALCOHOL GEL PARA EL HOSPITAL CLAUDIO VICUÑA DE SAN ANTONIO;CLP;PUBLICADO;DISPONIBLE;47.500.000;SERVICIO DE SALUD VALPARAISO SAN ANTONIO
2138-22-LE25;CONTRATACIÓN SERVICIOS DE PERIODISTA PARA EQPTM;LE;Publicada y disponible para ofertar;22/04/2025 18:04:28;Contratar a un periodista para formar parte del equipo encargado de la puesta en marcha del Nuevo Hospital Comunitario de Queilen. El profesional tendrá como principal función apoyar la gestión del cambio y comunicar de manera efectiva los servicios que ofrecerá el establecimiento. Entre sus responsabilidades se encuentran diseñar, organizar y ejecutar el plan comunicacional, además de gestionar las expectativas de la comunidad respecto a las capacidades y recursos del nuevo hospital, actualmente en construcción. El contrato tendrá vigencia desde la adjudicación hasta el 31 de diciembre de 2025.;CLP;NO PUBLICADO;ESTIMADO;Entre 100 y 1000 UTM;SERVICIO DE SALUD CHILOE
902-6-LE25;SERVICIOS MÉDICO VETER. DE APOYO AL P. OFICIAL DE ERRADICACION DE BRUCELOSIS BOVINA Y AL P. OFICIAL DE TRAZAB. ANIMAL SAG MAULE.-;LE;Publicada y disponible para ofertar;28/04/2025 15:57:50;SERVICIOS MÉDICO VETER. DE APOYO AL P. OFICIAL DE ERRADICACION DE BRUCELOSIS BOVINA Y AL P. OFICIAL DE TRAZAB. ANIMAL SAG MAULE.-;CLP;PUBLICADO;DISPONIBLE;9.000.000;SERVICIO AGRICOLA Y GANADERO
4052-18-L125;CONTRATO DE SUMINISTRO -  CANASTAS FAMILIARES ;L1;Publicada y disponible para ofertar;29/04/2025 14:21:17;La Ilustre Municipalidad de Laguna Blanca, en adelante e indistintamente “Municipalidad de Laguna Blanca, Municipalidad”, llama a licitación para el “ADQUSICIÓN DE CONTRATO DE SUMINISTRO DE CANASTAS FAMILIARES DE ALIMENTOS Y ÚTILES DE ASEO” en los términos y condiciones establecidos en el presente instrumento. La presente licitación está destinada a la adquisición de insumos de higiene personal y complementos nutricionales para para la población priorizada, debido a su alta vulnerabilidad social y que se complementa con estados de salud más frágiles, motivos económicos y de aislamiento territorial.;CLP;NO PUBLICADO;DISPONIBLE;Menor a 100 UTM;I MUNICIPALIDAD DE LAGUNA BLANCA
